language_a,language_b,RAS_first,semantic_RAS_first,RAS_second,semantic_RAS_second,RAS_abs_diff,semantic_RAS_abs_diff
de,ar,0.6041666666666666,0.609375,0.6145833333333334,0.609375,0.01041666666666674,0.0
de,fr,0.6145833333333334,0.75,0.71875,0.78125,0.10416666666666663,0.03125
de,ja,0.5833333333333334,0.671875,0.5625,0.65625,0.02083333333333337,0.015625
de,zh,0.7083333333333333,0.84375,0.7708333333333334,0.84375,0.06250000000000011,0.0
en,ar,0.4375,0.4375,0.4895833333333333,0.4375,0.052083333333333315,0.0
en,de,0.71875,0.75,0.7604166666666666,0.75,0.04166666666666663,0.0
en,es,0.625,0.65625,0.6666666666666666,0.65625,0.04166666666666663,0.0
en,fr,0.6458333333333334,0.8125,0.7083333333333334,0.78125,0.0625,0.03125
en,ja,0.7083333333333334,0.78125,0.65625,0.75,0.05208333333333337,0.03125
en,zh,0.6145833333333334,0.6875,0.6979166666666666,0.6875,0.08333333333333326,0.0
es,ar,0.5416666666666666,0.53125,0.5520833333333334,0.53125,0.01041666666666674,0.0
es,de,0.7395833333333333,0.84375,0.8229166666666666,0.84375,0.08333333333333337,0.0
es,fr,0.5833333333333334,0.59375,0.6041666666666666,0.625,0.02083333333333326,0.03125
es,ja,0.6145833333333333,0.703125,0.5729166666666666,0.6875,0.04166666666666663,0.015625
es,zh,0.6770833333333334,0.75,0.6770833333333334,0.75,0.0,0.0
fr,ar,0.5520833333333334,0.578125,0.6041666666666666,0.609375,0.05208333333333326,0.03125
fr,ja,0.5520833333333334,0.609375,0.59375,0.625,0.04166666666666663,0.015625
fr,zh,0.6354166666666666,0.6875,0.65625,0.71875,0.02083333333333337,0.03125
ja,ar,0.47916666666666663,0.46875,0.44791666666666663,0.453125,0.03125,0.015625
zh,ar,0.625,0.671875,0.65625,0.671875,0.03125,0.0
zh,ja,0.6770833333333334,0.6875,0.6354166666666666,0.671875,0.04166666666666674,0.015625
