task_id,r1_label,r4_label,agree
en:P001:original,D,D,True
en:P001:counterfactual,C,C,True
en:P002:original,A,B,False
en:P002:counterfactual,D,D,True
en:P003:original,D,D,True
en:P003:counterfactual,C,B,False
en:P004:original,C,B,False
en:P004:counterfactual,D,C,False
en:P005:original,D,D,True
en:P005:counterfactual,C,C,True
en:P006:original,C,C,True
en:P006:counterfactual,D,D,True
en:P007:original,D,D,True
en:P007:counterfactual,C,B,False
en:P008:original,C,B,False
en:P008:counterfactual,D,D,True
en:P009:original,C,B,False
en:P009:counterfactual,B,B,True
en:P010:original,C,C,True
en:P010:counterfactual,C,C,True
en:P011:counterfactual,B,B,True
en:P012:original,A,B,False
en:P012:counterfactual,C,B,False
en:P013:original,C,B,False
en:P013:counterfactual,C,B,False
en:P014:original,C,B,False
en:P014:counterfactual,C,C,True
en:P015:original,C,C,True
en:P015:counterfactual,C,B,False
en:P016:original,C,B,False
en:P017:original,D,D,True
en:P017:counterfactual,C,B,False
en:P018:original,C,B,False
en:P018:counterfactual,C,C,True
en:P019:original,C,C,True
en:P019:counterfactual,C,C,True
en:P020:original,C,C,True
en:P020:counterfactual,C,C,True
en:P021:original,D,B,False
en:P021:counterfactual,C,C,True
en:P022:original,C,C,True
en:P022:counterfactual,C,C,True
en:P023:original,C,C,True
en:P023:counterfactual,C,C,True
en:P024:original,C,C,True
en:P024:counterfactual,C,C,True
en:P025:original,D,D,True
en:P025:counterfactual,C,B,False
en:P026:original,C,B,False
en:P026:counterfactual,D,D,True
en:P027:original,D,D,True
en:P027:counterfactual,C,C,True
en:P028:original,C,B,False
en:P028:counterfactual,D,D,True
en:P029:original,D,D,True
en:P029:counterfactual,C,B,False
en:P030:original,C,B,False
en:P030:counterfactual,D,D,True
en:P031:original,D,D,True
en:P031:counterfactual,C,C,True
en:P032:original,C,B,False
en:P032:counterfactual,D,D,True
en:P033:original,D,D,True
en:P033:counterfactual,B,B,True
en:P034:original,C,B,False
en:P034:counterfactual,D,D,True
en:P035:original,D,D,True
en:P035:counterfactual,B,B,True
en:P036:original,C,B,False
en:P036:counterfactual,D,D,True
en:P037:original,D,D,True
en:P037:counterfactual,C,B,False
en:P038:original,B,B,True
en:P038:counterfactual,D,D,True
en:P039:original,D,D,True
en:P039:counterfactual,B,B,True
en:P040:original,C,B,False
en:P040:counterfactual,D,D,True
en:P041:original,D,D,True
en:P041:counterfactual,C,B,False
en:P042:original,B,B,True
en:P042:counterfactual,D,D,True
en:P043:original,D,D,True
en:P043:counterfactual,C,B,False
en:P044:original,C,B,False
en:P044:counterfactual,D,D,True
en:P045:original,D,D,True
en:P045:counterfactual,C,B,False
en:P046:original,C,B,False
en:P046:counterfactual,D,D,True
en:P047:original,D,D,True
en:P047:counterfactual,B,B,True
en:P048:original,C,B,False
en:P048:counterfactual,C,B,False
en:P049:original,D,D,True
en:P049:counterfactual,C,C,True
en:P050:original,C,C,True
en:P050:counterfactual,C,C,True
en:P051:original,D,D,True
en:P051:counterfactual,C,C,True
en:P052:original,C,C,True
en:P052:counterfactual,D,D,True
en:P053:original,C,C,True
en:P053:counterfactual,C,C,True
en:P054:original,C,C,True
en:P054:counterfactual,D,D,True
en:P055:original,D,D,True
en:P055:counterfactual,C,B,False
en:P056:original,C,B,False
en:P056:counterfactual,D,D,True
en:P057:original,D,D,True
en:P057:counterfactual,C,C,True
en:P058:original,C,B,False
en:P058:counterfactual,D,D,True
en:P059:original,D,D,True
en:P059:counterfactual,C,B,False
en:P060:original,C,C,True
en:P060:counterfactual,D,D,True
es:P001:original,D,D,True
es:P001:counterfactual,C,C,True
es:P002:original,C,B,False
es:P002:counterfactual,D,D,True
es:P003:original,D,D,True
es:P003:counterfactual,C,B,False
es:P004:original,C,B,False
es:P004:counterfactual,C,C,True
es:P005:original,D,D,True
es:P005:counterfactual,C,C,True
es:P006:original,C,C,True
es:P006:counterfactual,C,C,True
es:P007:original,D,D,True
es:P007:counterfactual,C,B,False
es:P008:original,C,B,False
es:P008:counterfactual,D,D,True
es:P009:original,C,C,True
es:P009:counterfactual,C,B,False
es:P010:original,C,B,False
es:P010:counterfactual,C,C,True
es:P011:original,C,C,True
es:P011:counterfactual,C,B,False
es:P012:original,C,B,False
es:P012:counterfactual,D,D,True
es:P013:original,C,C,True
es:P013:counterfactual,C,C,True
es:P014:original,C,C,True
es:P014:counterfactual,C,C,True
es:P015:original,C,B,False
es:P015:counterfactual,C,B,False
es:P016:original,C,C,True
es:P016:counterfactual,C,C,True
es:P017:original,C,D,False
es:P017:counterfactual,C,C,True
es:P018:original,C,C,True
es:P018:counterfactual,C,C,True
es:P019:original,D,D,True
es:P019:counterfactual,C,B,False
es:P020:original,C,C,True
es:P020:counterfactual,C,C,True
es:P021:original,C,C,True
es:P021:counterfactual,C,C,True
es:P022:original,C,C,True
es:P022:counterfactual,C,C,True
es:P023:original,C,C,True
es:P023:counterfactual,C,C,True
es:P024:original,C,C,True
es:P024:counterfactual,D,C,False
es:P025:original,D,D,True
es:P025:counterfactual,C,C,True
es:P026:original,C,B,False
es:P026:counterfactual,D,D,True
es:P027:original,D,D,True
es:P027:counterfactual,C,B,False
es:P028:original,C,C,True
es:P028:counterfactual,D,D,True
es:P029:original,D,D,True
es:P029:counterfactual,C,C,True
es:P030:original,C,C,True
es:P030:counterfactual,D,D,True
es:P031:original,D,D,True
es:P031:counterfactual,C,C,True
es:P032:original,C,C,True
es:P032:counterfactual,D,D,True
es:P033:original,D,D,True
es:P033:counterfactual,C,B,False
es:P034:original,B,B,True
es:P034:counterfactual,D,D,True
es:P035:original,D,D,True
es:P035:counterfactual,B,B,True
es:P036:original,B,B,True
es:P036:counterfactual,D,D,True
es:P037:original,D,D,True
es:P037:counterfactual,B,B,True
es:P038:original,C,B,False
es:P038:counterfactual,D,D,True
es:P039:original,D,D,True
es:P039:counterfactual,C,B,False
es:P040:original,B,B,True
es:P040:counterfactual,D,D,True
es:P041:original,D,D,True
es:P041:counterfactual,B,B,True
es:P042:original,B,B,True
es:P042:counterfactual,D,D,True
es:P043:original,D,D,True
es:P043:counterfactual,B,B,True
es:P044:original,C,B,False
es:P044:counterfactual,D,D,True
es:P045:original,D,D,True
es:P045:counterfactual,B,B,True
es:P046:original,B,B,True
es:P046:counterfactual,D,D,True
es:P047:original,D,D,True
es:P047:counterfactual,C,B,False
es:P048:original,C,B,False
es:P048:counterfactual,D,D,True
es:P049:original,D,D,True
es:P049:counterfactual,C,C,True
es:P050:original,C,C,True
es:P050:counterfactual,C,C,True
es:P051:original,D,D,True
es:P051:counterfactual,C,B,False
es:P052:original,C,C,True
es:P052:counterfactual,D,D,True
es:P053:original,C,C,True
es:P053:counterfactual,C,C,True
es:P054:original,C,C,True
es:P054:counterfactual,D,D,True
es:P055:original,D,D,True
es:P055:counterfactual,C,B,False
es:P056:original,C,B,False
es:P056:counterfactual,D,D,True
es:P057:original,D,D,True
es:P057:counterfactual,C,C,True
es:P058:original,C,B,False
es:P058:counterfactual,D,D,True
es:P059:original,D,D,True
es:P059:counterfactual,C,B,False
es:P060:original,C,B,False
es:P060:counterfactual,D,D,True
de:P001:original,D,D,True
de:P001:counterfactual,C,B,False
de:P002:original,C,B,False
de:P002:counterfactual,D,D,True
de:P003:original,D,D,True
de:P003:counterfactual,C,B,False
de:P004:original,C,C,True
de:P004:counterfactual,D,D,True
de:P005:original,D,D,True
de:P005:counterfactual,C,C,True
de:P006:original,C,C,True
de:P006:counterfactual,D,D,True
de:P007:original,D,D,True
de:P007:counterfactual,C,C,True
de:P008:original,C,C,True
de:P008:counterfactual,D,D,True
de:P009:original,C,C,True
de:P009:counterfactual,C,B,False
de:P010:original,A,B,False
de:P011:original,C,C,True
de:P011:counterfactual,C,B,False
de:P012:original,C,B,False
de:P012:counterfactual,C,C,True
de:P013:original,C,C,True
de:P013:counterfactual,C,B,False
de:P014:original,C,B,False
de:P014:counterfactual,D,C,False
de:P015:original,C,C,True
de:P015:counterfactual,A,B,False
de:P016:original,C,B,False
de:P016:counterfactual,C,C,True
de:P017:original,D,D,True
de:P017:counterfactual,C,C,True
de:P018:original,C,C,True
de:P018:counterfactual,C,C,True
de:P019:original,D,D,True
de:P019:counterfactual,C,C,True
de:P020:original,C,C,True
de:P020:counterfactual,C,C,True
de:P021:original,C,C,True
de:P021:counterfactual,C,B,False
de:P022:original,C,C,True
de:P022:counterfactual,C,C,True
de:P023:original,C,C,True
de:P023:counterfactual,C,C,True
de:P024:original,C,C,True
de:P024:counterfactual,C,C,True
de:P025:original,D,D,True
de:P025:counterfactual,C,C,True
de:P026:original,C,C,True
de:P026:counterfactual,D,D,True
de:P027:original,D,D,True
de:P027:counterfactual,C,C,True
de:P028:original,C,C,True
de:P028:counterfactual,D,D,True
de:P029:original,D,D,True
de:P029:counterfactual,C,C,True
de:P030:original,C,C,True
de:P030:counterfactual,D,D,True
de:P031:original,D,D,True
de:P031:counterfactual,C,C,True
de:P032:original,C,C,True
de:P032:counterfactual,D,D,True
de:P033:original,D,D,True
de:P033:counterfactual,C,B,False
de:P034:original,C,B,False
de:P034:counterfactual,D,D,True
de:P035:original,D,D,True
de:P035:counterfactual,C,B,False
de:P036:original,C,B,False
de:P036:counterfactual,D,D,True
de:P037:original,D,D,True
de:P037:counterfactual,C,C,True
de:P038:original,C,B,False
de:P038:counterfactual,D,D,True
de:P039:original,D,D,True
de:P039:counterfactual,B,B,True
de:P040:original,C,B,False
de:P040:counterfactual,D,D,True
de:P041:original,D,D,True
de:P041:counterfactual,C,B,False
de:P042:original,C,B,False
de:P042:counterfactual,D,D,True
de:P043:original,D,D,True
de:P043:counterfactual,C,B,False
de:P044:original,C,C,True
de:P044:counterfactual,D,D,True
de:P045:original,D,D,True
de:P045:counterfactual,C,B,False
de:P046:original,C,B,False
de:P046:counterfactual,D,D,True
de:P047:original,D,D,True
de:P047:counterfactual,B,B,True
de:P048:original,C,B,False
de:P048:counterfactual,D,D,True
de:P049:original,D,D,True
de:P049:counterfactual,C,C,True
de:P050:original,C,C,True
de:P050:counterfactual,D,D,True
de:P051:original,D,D,True
de:P051:counterfactual,C,C,True
de:P052:original,C,C,True
de:P052:counterfactual,D,D,True
de:P053:original,D,C,False
de:P053:counterfactual,C,C,True
de:P054:original,C,C,True
de:P054:counterfactual,D,D,True
de:P055:original,D,D,True
de:P055:counterfactual,C,C,True
de:P056:original,C,B,False
de:P056:counterfactual,D,D,True
de:P057:original,D,D,True
de:P057:counterfactual,C,C,True
de:P058:original,C,B,False
de:P058:counterfactual,D,D,True
de:P059:original,D,D,True
de:P059:counterfactual,C,B,False
de:P060:original,C,B,False
de:P060:counterfactual,D,D,True
fr:P001:original,D,D,True
fr:P001:counterfactual,C,C,True
fr:P002:original,C,C,True
fr:P002:counterfactual,D,D,True
fr:P003:original,D,D,True
fr:P003:counterfactual,C,C,True
fr:P004:original,C,C,True
fr:P004:counterfactual,C,C,True
fr:P005:original,D,D,True
fr:P005:counterfactual,C,C,True
fr:P006:original,C,C,True
fr:P006:counterfactual,D,D,True
fr:P007:original,D,D,True
fr:P007:counterfactual,C,C,True
fr:P008:original,C,C,True
fr:P008:counterfactual,D,C,False
fr:P009:original,C,C,True
fr:P009:counterfactual,C,C,True
fr:P010:original,C,C,True
fr:P010:counterfactual,C,C,True
fr:P011:original,C,C,True
fr:P011:counterfactual,C,C,True
fr:P012:original,B,B,True
fr:P012:counterfactual,D,D,True
fr:P013:original,C,C,True
fr:P013:counterfactual,B,B,True
fr:P014:original,C,C,True
fr:P014:counterfactual,D,C,False
fr:P015:original,D,D,True
fr:P015:counterfactual,C,C,True
fr:P016:original,B,B,True
fr:P016:counterfactual,D,D,True
fr:P017:original,D,D,True
fr:P017:counterfactual,C,C,True
fr:P018:original,C,C,True
fr:P018:counterfactual,C,C,True
fr:P019:original,D,C,False
fr:P019:counterfactual,C,C,True
fr:P020:original,C,C,True
fr:P020:counterfactual,C,C,True
fr:P021:original,D,C,False
fr:P021:counterfactual,C,C,True
fr:P022:original,C,C,True
fr:P022:counterfactual,C,C,True
fr:P023:original,C,C,True
fr:P023:counterfactual,C,C,True
fr:P024:original,C,C,True
fr:P024:counterfactual,D,D,True
fr:P025:original,D,D,True
fr:P025:counterfactual,C,C,True
fr:P026:original,C,C,True
fr:P026:counterfactual,D,D,True
fr:P027:original,D,D,True
fr:P027:counterfactual,C,C,True
fr:P028:original,C,C,True
fr:P028:counterfactual,D,D,True
fr:P029:original,D,D,True
fr:P029:counterfactual,C,C,True
fr:P030:original,C,C,True
fr:P030:counterfactual,D,D,True
fr:P031:original,D,D,True
fr:P031:counterfactual,C,C,True
fr:P032:original,C,C,True
fr:P032:counterfactual,D,D,True
fr:P033:original,D,D,True
fr:P033:counterfactual,C,B,False
fr:P034:original,C,B,False
fr:P034:counterfactual,D,D,True
fr:P035:original,D,D,True
fr:P035:counterfactual,C,C,True
fr:P036:original,B,B,True
fr:P036:counterfactual,D,D,True
fr:P037:original,D,D,True
fr:P037:counterfactual,B,B,True
fr:P038:original,B,C,False
fr:P038:counterfactual,D,D,True
fr:P039:original,D,D,True
fr:P039:counterfactual,B,B,True
fr:P040:original,B,C,False
fr:P040:counterfactual,D,D,True
fr:P041:original,D,D,True
fr:P041:counterfactual,C,B,False
fr:P042:original,B,B,True
fr:P042:counterfactual,D,D,True
fr:P043:original,D,D,True
fr:P043:counterfactual,C,C,True
fr:P044:original,C,C,True
fr:P044:counterfactual,C,C,True
fr:P045:original,D,D,True
fr:P045:counterfactual,C,C,True
fr:P046:original,B,C,False
fr:P046:counterfactual,D,D,True
fr:P047:original,D,D,True
fr:P047:counterfactual,C,C,True
fr:P048:original,C,B,False
fr:P048:counterfactual,C,B,False
fr:P049:original,D,C,False
fr:P049:counterfactual,C,C,True
fr:P050:original,C,C,True
fr:P050:counterfactual,D,D,True
fr:P051:original,D,D,True
fr:P051:counterfactual,C,C,True
fr:P052:original,C,C,True
fr:P052:counterfactual,D,D,True
fr:P053:original,C,C,True
fr:P053:counterfactual,C,C,True
fr:P054:original,C,C,True
fr:P054:counterfactual,C,C,True
fr:P055:original,D,D,True
fr:P055:counterfactual,C,C,True
fr:P056:original,C,C,True
fr:P056:counterfactual,D,D,True
fr:P057:original,D,D,True
fr:P057:counterfactual,C,C,True
fr:P058:original,C,C,True
fr:P058:counterfactual,D,D,True
fr:P059:original,D,D,True
fr:P059:counterfactual,C,C,True
fr:P060:original,C,C,True
fr:P060:counterfactual,D,D,True
zh:P001:original,D,D,True
zh:P001:counterfactual,C,C,True
zh:P002:original,B,B,True
zh:P002:counterfactual,D,D,True
zh:P003:original,D,D,True
zh:P003:counterfactual,C,C,True
zh:P004:counterfactual,D,D,True
zh:P005:original,D,D,True
zh:P005:counterfactual,C,C,True
zh:P006:original,C,C,True
zh:P006:counterfactual,D,D,True
zh:P007:original,D,D,True
zh:P007:counterfactual,C,C,True
zh:P008:original,C,C,True
zh:P008:counterfactual,D,D,True
zh:P009:original,C,B,False
zh:P009:counterfactual,B,B,True
zh:P010:original,B,B,True
zh:P011:original,C,B,False
zh:P011:counterfactual,B,B,True
zh:P012:original,C,C,True
zh:P012:counterfactual,D,D,True
zh:P013:original,C,C,True
zh:P013:counterfactual,C,C,True
zh:P014:original,B,C,False
zh:P015:counterfactual,B,B,True
zh:P016:original,B,B,True
zh:P016:counterfactual,C,B,False
zh:P017:original,D,D,True
zh:P017:counterfactual,C,C,True
zh:P018:original,C,C,True
zh:P018:counterfactual,C,C,True
zh:P019:counterfactual,C,C,True
zh:P020:original,C,C,True
zh:P020:counterfactual,D,C,False
zh:P021:original,D,D,True
zh:P021:counterfactual,C,C,True
zh:P022:original,C,C,True
zh:P022:counterfactual,C,C,True
zh:P023:original,C,C,True
zh:P023:counterfactual,C,C,True
zh:P024:original,C,C,True
zh:P024:counterfactual,D,D,True
zh:P025:original,D,D,True
zh:P025:counterfactual,C,C,True
zh:P026:original,C,C,True
zh:P026:counterfactual,D,D,True
zh:P027:original,D,D,True
zh:P027:counterfactual,C,C,True
zh:P028:original,C,C,True
zh:P028:counterfactual,D,D,True
zh:P029:original,D,D,True
zh:P029:counterfactual,C,C,True
zh:P030:original,C,C,True
zh:P030:counterfactual,D,D,True
zh:P031:original,D,D,True
zh:P031:counterfactual,C,C,True
zh:P032:original,C,C,True
zh:P032:counterfactual,D,D,True
zh:P033:original,D,D,True
zh:P033:counterfactual,B,B,True
zh:P034:counterfactual,D,D,True
zh:P035:original,D,D,True
zh:P035:counterfactual,B,B,True
zh:P036:original,B,B,True
zh:P036:counterfactual,D,D,True
zh:P037:original,D,D,True
zh:P037:counterfactual,B,C,False
zh:P038:original,B,B,True
zh:P038:counterfactual,D,D,True
zh:P039:original,D,D,True
zh:P039:counterfactual,B,B,True
zh:P040:original,B,B,True
zh:P040:counterfactual,D,D,True
zh:P041:original,D,D,True
zh:P042:original,B,B,True
zh:P042:counterfactual,D,D,True
zh:P043:original,D,D,True
zh:P044:counterfactual,D,D,True
zh:P045:original,D,D,True
zh:P045:counterfactual,B,B,True
zh:P046:counterfactual,D,D,True
zh:P047:original,D,D,True
zh:P047:counterfactual,B,B,True
zh:P048:counterfactual,D,D,True
zh:P049:original,D,D,True
zh:P049:counterfactual,C,C,True
zh:P050:original,C,C,True
zh:P050:counterfactual,D,D,True
zh:P051:original,D,D,True
zh:P051:counterfactual,C,C,True
zh:P052:original,C,C,True
zh:P052:counterfactual,D,D,True
zh:P053:original,D,D,True
zh:P053:counterfactual,C,C,True
zh:P054:original,C,C,True
zh:P054:counterfactual,D,D,True
zh:P055:original,D,D,True
zh:P055:counterfactual,B,B,True
zh:P056:original,B,B,True
zh:P056:counterfactual,D,D,True
zh:P057:original,D,D,True
zh:P057:counterfactual,C,C,True
zh:P058:original,B,B,True
zh:P058:counterfactual,D,D,True
zh:P059:original,D,D,True
zh:P059:counterfactual,B,B,True
zh:P060:original,C,B,False
zh:P060:counterfactual,D,D,True
