language_a,language_b,n,mean_D,exact_match
de,fr,59,0.5084745762711864,0.5084745762711864
de,zh,49,0.1836734693877551,0.8163265306122449
en,de,59,0.4406779661016949,0.5932203389830508
en,es,60,0.38333333333333336,0.6666666666666666
en,fr,60,0.6333333333333333,0.43333333333333335
en,zh,49,0.3877551020408163,0.6326530612244898
es,de,59,0.3050847457627119,0.6949152542372882
es,fr,60,0.65,0.43333333333333335
es,zh,49,0.30612244897959184,0.6938775510204082
fr,zh,49,0.42857142857142855,0.5918367346938775
