candidate_id,family,sentence,label,source,language,match_score,word_count,keep,notes,counterfactual_plan
CAND00001,contract_realization,Warren Buffett’s Berkshire Hathaway may have scored a ‘genius’ win-win in $10 billion acquisition that could mark the last big deal of his career,neutral,https://finance.yahoo.com,en,3,24,,,
CAND00002,contract_realization,Curtiss-Wright earnings on deck after Boeing contract win,positive,https://www.investing.com,en,2,8,,,
CAND00003,contract_realization,Why an acquisition deal won’t save Walgreens’ future,neutral,https://insideretail.com.au,en,2,8,,,
CAND00004,contract_realization,EnfraGen Awarded Acquisition Deal of the Year by Project Finance International,positive,https://glenfarnegroup.com,en,2,11,,,
CAND00005,contract_realization,Why TCS stock is plunging despite earnings beat strong deal wins?,negative,https://invezz.com,en,2,11,,,
CAND00006,contract_realization,Salesforce Q1 Earnings: Benioff Says Informatica Deal A Win For ‘Data Transformation’,positive,https://www.crn.com,en,2,12,,,
CAND00007,contract_realization,Steadfast’s Kelly says tougher ACCC merger rules won’t slow its deal machine,neutral,https://www.insurancebusinessmag.com,en,2,12,,,
CAND00008,contract_realization,"Infosys revenue up 3.2% in Q3, raises FY26 guidance on large deal wins",positive,https://timesofindia.indiatimes.com,en,2,13,,,
CAND00009,contract_realization,"India's TCS falls as rare annual revenue drop dulls quarterly earnings beat, deal wins",negative,https://www.reuters.com,en,2,14,,,
CAND00010,contract_realization,Infosys ADR Jumps 10 Percent on NYSE After Upgraded FY26 Revenue Growth Outlook and Strong Deal Wins,positive,https://www.cnbctv18.com,en,2,17,,,
CAND00011,cost_direction,"Elevance cuts 2025 guidance as profit falls from higher ACA, Medicaid costs",negative,https://www.healthcaredive.com,en,3,12,,,
CAND00012,cost_direction,"Elevance Health Q2 2025 slides: revenue up 14%, EPS guidance cut on higher medical costs",negative,https://www.investing.com,en,3,15,,,
CAND00013,cost_direction,Newtrend Group Issues Profit Warning: Anticipates 60-80% Profit Decline for 2025 Due to Increased Costs and Lower Forex Gains 12,negative,https://www.minichart.com.sg,en,3,20,,,
CAND00014,cost_direction,Nick Scali issues profit warning on higher freight costs,negative,https://www.theaustralian.com.au,en,2,9,,,
CAND00015,cost_direction,"Amazon's stock soars 10% on third-quarter beat, increased spending guidance",positive,https://www.cnbc.com,en,2,10,,,
CAND00016,cost_direction,Microsoft earnings beat estimates but higher spending outlook disappoints street,neutral,https://www.cnbctv18.com,en,2,10,,,
CAND00017,cost_direction,Molina cuts earnings guidance as costs rise in government programs,negative,https://www.healthcaredive.com,en,2,10,,,
CAND00018,cost_direction,"News | Fed decision means higher-for-longer costs, hotel execs say",neutral,https://www.costar.com,en,2,10,,,
CAND00019,cost_direction,Treasury yields move higher amid rising oil and labor costs,negative,https://www.cnbc.com,en,2,10,,,
CAND00020,cost_direction,"Wells Fargo Profit Rises in Q1, Boosted by Lower Expenses",positive,https://www.wsj.com,en,2,10,,,
CAND00021,cost_direction,"Citigroup stock drops after earnings: Russia hit, cost cuts in focus",negative,https://ts2.tech,en,2,11,,,
CAND00022,cost_direction,GOOGL: Alphabet Stock Ticks Lower After Massive AI Spending Spooks Traders,negative,https://www.tradingview.com,en,2,11,,,
CAND00023,cost_direction,"Intel beats third-quarter profit estimates as cost cuts, investments pay off",positive,https://www.reuters.com,en,2,11,,,
CAND00024,cost_direction,Meta Q4 earnings: Stock surges on plans for increased AI spending,positive,https://finance.yahoo.com,en,2,11,,,
CAND00025,cost_direction,"RES Q4 Earnings Miss Estimates on Higher Costs, Revenues Rise Y/Y",negative,https://finance.yahoo.com,en,2,11,,,
CAND00026,cost_direction,TD pledges to cut billions in costs as it restores guidance,positive,https://www.canadianmortgagetrends.com,en,2,11,,,
CAND00027,cost_direction,US urges Australia to increase defence spending to 3.5% of GDP,neutral,https://www.aljazeera.com,en,2,11,,,
CAND00028,cost_direction,Will Google Follow Meta With Much Higher 2026 Capital Spending Guidance?,neutral,https://www.investors.com,en,2,11,,,
CAND00029,cost_direction,"BMW cuts 2025 earnings forecast on weak China sales, U.S. tariff costs",negative,https://www.autonews.com,en,2,12,,,
CAND00030,cost_direction,"Cars.com cuts 11% of workforce, boosts share buyback plan amid cost realignment",positive,https://www.cbtnews.com,en,2,12,,,
CAND00031,cost_direction,ING Groep (ING) Target Raised to €28 on Earnings and Cost Cuts,positive,https://finance.yahoo.com,en,2,12,,,
CAND00032,cost_direction,Interest rate cuts might have less impact on spending than expected: study,neutral,https://www.commbank.com.au,en,2,12,,,
CAND00033,cost_direction,Wetherspoon Confronts £100M Labour-Related Cost Pressure as Profit Decline Surpasses Revenue Increase,negative,https://www.bitget.com,en,2,12,,,
CAND00034,cost_direction,"Amazon's Ad Revenue Grew 22% Over the Past Year, but Capex Spending Balloons",positive,https://www.adweek.com,en,2,13,,,
CAND00035,cost_direction,CNBC Daily Open: Tesla's revenue rose — but so did its operating costs,neutral,https://www.cnbc.com,en,2,13,,,
CAND00036,cost_direction,"Higher defence spending can power more jobs and economic growth, says new report",positive,https://prospect.org.uk,en,2,13,,,
CAND00037,cost_direction,OTP Bank posts mixed Q4 results with revenue beat offset by higher costs,neutral,https://ca.investing.com,en,2,13,,,
CAND00038,cost_direction,"Vertu profits warning, cuts jobs and shuts on Sundays to counter rising costs",negative,https://www.motortrader.com,en,2,13,,,
CAND00039,cost_direction,Chevron Targets $3 Billion in Cost Cuts: Here’s the Case for $288 per Share,positive,https://www.tikr.com,en,2,14,,,
CAND00040,cost_direction,Exxon beats Wall Street targets for Q4 profit with help from lower-cost oil production,positive,https://www.bnnbloomberg.ca,en,2,14,,,
CAND00041,cost_direction,"Tesla profit falls short despite record sales, hit by higher costs and fading credits",negative,https://www.reuters.com,en,2,14,,,
CAND00042,cost_direction,"Walmart shares fall as higher costs, supply chain problems and inventories eat into profits",negative,https://www.cnbc.com,en,2,14,,,
CAND00043,cost_direction,Google's CFO says consolidating teams has helped the company cut costs and build products faster,positive,https://www.businessinsider.com,en,2,15,,,
CAND00044,cost_direction,"US may exclude government spending from GDP, obscuring effect of Doge cuts | Trump administration",neutral,https://www.theguardian.com,en,2,15,,,
CAND00045,cost_direction,UnitedHealth's stock is plunging on higher medical costs. That may mean trouble for more insurers,negative,https://www.cnbc.com,en,2,15,,,
CAND00046,cost_direction,"Exclusive | Illumina to Cut $100 Million in Costs, Lowers Guidance Because of China Sales Ban",negative,https://www.wsj.com,en,2,16,,,
CAND00047,cost_direction,"US economy grew at fastest pace in 2 years in third quarter, fueled by consumer spending",positive,https://www.foxbusiness.com,en,2,16,,,
CAND00048,cost_direction,Exxon Mobil earnings beat as production growth and cost cuts offset the sting of falling oil prices,positive,https://www.cnbc.com,en,2,17,,,
CAND00049,cost_direction,"Google's new CFO makes earnings call debut, says company can 'push a little further' on cost cuts",positive,https://www.cnbc.com,en,2,17,,,
CAND00050,cost_direction,‘A lazy cost-saving measure’: the Coalition’s efficiency dividend hike may mean longer wait times and reduced services,neutral,https://theconversation.com,en,2,17,,,
CAND00051,earnings_expectations,Revenue Beat: Engie SA Exceeded Revenue Forecasts By 85% And Analysts Are Updating Their Estimates,positive,https://simplywall.st,en,7,15,,,
CAND00052,earnings_expectations,Revenue Beat: Orion S.A. Exceeded Revenue Forecasts By 7.1% And Analysts Are Updating Their Estimates,positive,https://finance.yahoo.com,en,7,15,,,
CAND00053,earnings_expectations,"Revenue Beat: Casio Computer Co.,Ltd. Exceeded Revenue Forecasts By 11% And Analysts Are Updating Their Estimates",positive,https://simplywall.st,en,7,16,,,
CAND00054,earnings_expectations,Revenue Miss: Kontron AG Fell 5.5% Short Of Analyst Revenue Estimates And Analysts Have Been Revising Their Models,negative,https://finance.yahoo.com,en,7,18,,,
CAND00055,earnings_expectations,Earnings Miss: Metro Inc. Missed EPS By 5.4% And Analysts Are Revising Their Forecasts,negative,https://simplywall.st,en,6,14,,,
CAND00056,earnings_expectations,"Earnings Beat: JD.com, Inc. Just Beat Analyst Forecasts, And Analysts Have Been Updating Their Models",positive,https://simplywall.st,en,6,15,,,
CAND00057,earnings_expectations,"Earnings Beat: Spotify Technology S.A. Just Beat Analyst Forecasts, And Analysts Have Been Updating Their Models",positive,https://finance.yahoo.com,en,6,16,,,
CAND00058,earnings_expectations,"Earnings Miss: Aux Electric Co., Ltd. Missed EPS By 30% And Analysts Are Revising Their Forecasts",negative,https://simplywall.st,en,6,16,,,
CAND00059,earnings_expectations,"Earnings Beat: CALB Group Co., Ltd. Just Beat Analyst Forecasts, And Analysts Have Been Updating Their Models",positive,https://simplywall.st,en,6,17,,,
CAND00060,earnings_expectations,"Earnings Beat: Nongfu Spring Co., Ltd. Just Beat Analyst Forecasts, And Analysts Have Been Updating Their Models",positive,https://simplywall.st,en,6,17,,,
CAND00061,earnings_expectations,AMD forecasts first-quarter revenue above analysts’ estimates,positive,https://www.theglobeandmail.com,en,5,7,,,
CAND00062,earnings_expectations,"Alphabet beats EPS, revenue estimates in its Q4 earnings",positive,https://www.cnbc.com,en,5,9,,,
CAND00063,earnings_expectations,MercadoLibre's third-quarter net profit misses estimates despite revenue beat,negative,https://www.reuters.com,en,5,9,,,
CAND00064,earnings_expectations,Revenue Beat: Seatrium Limited Beat Analyst Estimates By 22%,positive,https://finance.yahoo.com,en,5,9,,,
CAND00065,earnings_expectations,Baidu's Q4 Earnings Beat Estimates Despite Revenue and Profit Decline,neutral,https://finance.yahoo.com,en,5,10,,,
CAND00066,earnings_expectations,IBM Q4 2025 earnings results beat EPS and revenue expectations,positive,http://www.shacknews.com,en,5,10,,,
CAND00067,earnings_expectations,"IBM earnings beat by $0.12, revenue fell short of estimates",negative,https://m.uk.investing.com,en,5,10,,,
CAND00068,earnings_expectations,"Ovintiv earnings beat by $2.73, revenue fell short of estimates",neutral,https://ca.investing.com,en,5,10,,,
CAND00069,earnings_expectations,"Arbe Robotics earnings beat, revenue fell short of estimates By Investing.com",neutral,https://uk.investing.com,en,5,11,,,
CAND00070,earnings_expectations,"BioRestorative Therapies earnings beat by $0.01, revenue fell short of estimates",neutral,https://ca.investing.com,en,5,11,,,
CAND00071,earnings_expectations,"Goldman Sachs earnings beat by $2.39, revenue fell short of estimates",neutral,https://za.investing.com,en,5,11,,,
CAND00072,earnings_expectations,"Phillips 66 earnings beat by $0.22, revenue fell short of estimates",neutral,https://uk.investing.com,en,5,11,,,
CAND00073,earnings_expectations,"Pioneer Pow earnings beat by $0.03, revenue fell short of estimates",neutral,https://uk.investing.com,en,5,11,,,
CAND00074,earnings_expectations,Stanley Black & Decker beats Q4 profit estimates despite revenue miss,positive,https://www.msn.com,en,5,11,,,
CAND00075,earnings_expectations,"Steel Dynamics earnings beat by $0.13, revenue fell short of estimates",neutral,https://au.investing.com,en,5,11,,,
CAND00076,earnings_expectations,US Foods beats Q4 earnings estimates despite revenue miss By Investing.com,positive,https://uk.investing.com,en,5,11,,,
CAND00077,earnings_expectations,"Meta rises after sales, earnings beat and Q1 revenue guidance exceeds expectations",positive,https://sherwood.news,en,5,12,,,
CAND00078,earnings_expectations,"Meta reports earnings, revenue miss and forecasts second straight quarter of declining sales",negative,https://www.cnbc.com,en,5,13,,,
CAND00079,earnings_expectations,Jiumaojiu International Holdings Limited Earnings Missed Analyst Estimates: Here's What Analysts Are Forecasting Now,negative,https://simplywall.st,en,5,14,,,
CAND00080,earnings_expectations,"Tesla misses Wall Street expectations on revenue, earnings per share in second quarter earnings",negative,https://fortune.com,en,5,14,,,
CAND00081,earnings_expectations,"ESCO Q4 2025 Earnings: Revenue Up 17.3%, EPS Beats Estimates, Guidance Raised - News and Statistics",positive,https://www.indexbox.io,en,5,16,,,
CAND00082,earnings_expectations,"Netflix beats on earnings, but shares dip as the streamer's forecast for Q1 falls short of Wall Street expectations",negative,https://www.businessinsider.com,en,5,19,,,
CAND00083,earnings_expectations,AMD Q1 revenue forecast beats estimates,positive,https://www.bnnbloomberg.ca,en,4,6,,,
CAND00084,earnings_expectations,Alphabet beat earnings and revenue expectations,positive,https://sherwood.news,en,4,6,,,
CAND00085,earnings_expectations,Ferrari NV earnings and revenue beat estimates,positive,https://www.investing.com,en,4,7,,,
CAND00086,earnings_expectations,Google Earnings: Alphabet Beats Q2 Revenue Estimates,positive,https://www.forbes.com,en,4,7,,,
CAND00087,earnings_expectations,"AMD earnings beat by $0.21, revenue topped estimates",positive,https://www.investing.com,en,4,8,,,
CAND00088,earnings_expectations,"Apple earnings beat by $0.17, revenue topped estimates",positive,https://www.investing.com,en,4,8,,,
CAND00089,earnings_expectations,"BlackBerry earnings beat, revenue topped estimates By Investing.com",positive,https://uk.investing.com,en,4,8,,,
CAND00090,earnings_expectations,"Boeing earnings missed by $7.01, revenue topped estimates",neutral,https://www.investing.com,en,4,8,,,
CAND00414,guidance,"Profit warning, inside information: UPM lowers its outlook due to lower deliveries in most businesses and decreased pulp prices",negative,https://www.upm.com,en,4,19,,,
CAND00415,guidance,"UnitedHealth raises guidance, expects lower exchange enrollment",positive,http://www.modernhealthcare.com,en,3,7,,,
CAND00416,guidance,Roblox stock downgraded by Roblox amid guidance cut,negative,https://in.investing.com,en,3,8,,,
CAND00417,guidance,Siemens Stock Forecast | Raised 2026 EPS Guidance,positive,https://capital.com,en,3,8,,,
CAND00418,guidance,"Bajaj Finance Falls Sharply on Increased Provisions, Guidance Cut",negative,https://www.whalesbook.com,en,3,9,,,
CAND00419,guidance,"BigBear.ai stock forecast: Debt cut, AI deals, 2026 guidance",neutral,https://capital.com,en,3,9,,,
CAND00420,guidance,Novo Nordisk Stock Forecast | 2026 Sales Guidance Cut,negative,https://capital.com,en,3,9,,,
CAND00421,guidance,"Novo Nordisk Stock Forecast | Guidance Cut, Buyback, Expansion",neutral,https://capital.com,en,3,9,,,
CAND00422,guidance,"Renault cuts margin outlook amid weak demand, increased Chinese competition",negative,https://www.autonews.com,en,3,10,,,
CAND00423,guidance,Target (TGT) Upgraded as Risk-Reward Improves Despite Lower Earnings Outlook,positive,https://finance.yahoo.com,en,3,10,,,
CAND00424,guidance,Treasury Wine Estates cuts profit guidance on lower US shipments,negative,https://www.just-drinks.com,en,3,10,,,
CAND00425,guidance,Block Stock Pre-Market (+24%): Raised '26 Guidance & 40% Headcount Cut,positive,https://www.trefis.com,en,3,11,,,
CAND00426,guidance,Block Stock Pre-Market (+24%): Raised Guidance & AI-Driven 40% Job Cuts,positive,https://www.trefis.com,en,3,11,,,
CAND00427,guidance,"De Beers cuts 2026 guidance amid market challenges, lower 2025 output",negative,https://www.miningweekly.com,en,3,11,,,
CAND00428,guidance,GoTo shares climb on Citi’s positive outlook and raised EBITDA guidance,positive,https://www.investing.com,en,3,11,,,
CAND00429,guidance,"Agilent Technologies edges lower on Q1 earnings, revenue miss despite guidance raise",neutral,https://www.investing.com,en,3,12,,,
CAND00430,guidance,"Darden Restaurants beats FQ3 outlook, raises profit and sales guidance for FY26",positive,https://www.msn.com,en,3,12,,,
CAND00431,guidance,"Darden Restaurants beats FQ3 outlook, raises profit and sales guidance for FY26 (DRI:NYSE)",positive,https://seekingalpha.com,en,3,13,,,
CAND00432,guidance,KRUS: Strong Q2 sales and margin gains drive raised guidance amid prudent outlook,positive,https://www.tradingview.com,en,3,13,,,
CAND00433,guidance,"ANZ Gold, Silver Price Forecast: Gold Supported On Fed Cuts Outlook, Silver To Lag",neutral,https://www.exchangerates.org.uk,en,3,14,,,
CAND00434,guidance,BUB: FY26 revenue guidance raised to $120–125M with double-digit growth and strong EBITDA outlook,positive,https://www.tradingview.com,en,3,14,,,
CAND00435,guidance,How Strong Q3 Earnings and Raised Guidance Could Shape HCA Healthcare’s (HCA) Long-Term Outlook,neutral,https://finance.yahoo.com,en,3,14,,,
CAND00436,guidance,"Is SoFi (SOFI) Still Undervalued After Surging Earnings, Growth Outlook, and Raised 2024 Guidance?",positive,https://finance.yahoo.com,en,3,14,,,
CAND00437,guidance,"Titan's weak Q2 and jewellery margin guidance cut weighs on shares, brokerages lower targets",negative,https://www.moneycontrol.com,en,3,14,,,
CAND00438,guidance,"Accenture Q2 Review: Guidance Raised, Yet Cautious Outlook Keeps Indian IT Read-Through Neutral — Motilal Oswal",neutral,https://www.ndtvprofit.com,en,3,16,,,
CAND00439,guidance,"Exclusive | Illumina to Cut $100 Million in Costs, Lowers Guidance Because of China Sales Ban",negative,https://www.wsj.com,en,3,16,,,
CAND00440,guidance,New Zealand Shares End Slightly Higher Amid US Fed Rate Cut Bets; Scales Raises 2025 Earnings Guidance,neutral,https://au.finance.yahoo.com,en,3,17,,,
CAND00441,guidance,Siemens AG Stock: Strong Q1 Results and Raised 2026 EPS Guidance Signal Robust Growth Outlook for In,positive,https://www.ad-hoc-news.de,en,3,17,,,
CAND00442,guidance,"Citi Cuts Nexteer (01316.HK) Earnings Forecast for This and Next Year by 20% to 31%, Lowers TP to HKD7.2",negative,https://www.aastocks.com,en,3,19,,,
CAND00443,guidance,"Goldman Sachs backs the 2026 U.S. stock earnings outlook: Over half of companies raise guidance, easing concerns about a weak earnings season.",positive,https://news.futunn.com,en,3,22,,,
CAND00444,guidance,"Barclays: Q1 beat, guidance raised",positive,https://www.hl.co.uk,en,2,5,,,
CAND00445,guidance,Pantoro punished for guidance cut,negative,https://www.miningnews.net,en,2,5,,,
CAND00446,guidance,Pound-to-Dollar Tactical Forecast: Cycling Lower,neutral,https://www.poundsterlinglive.com,en,2,5,,,
CAND00447,guidance,United Rentals raises full-year guidance,positive,https://www.internationalrentalnews.com,en,2,5,,,
CAND00448,guidance,Boohoo (Trading Update): profit guidance raised,positive,https://www.hl.co.uk,en,2,6,,,
CAND00449,guidance,Daimler Truck Holdings Cuts Full-Year Guidance,negative,https://www.wsj.com,en,2,6,,,
CAND00450,guidance,"Experian (HY Results): solid, guidance raised",positive,https://www.hl.co.uk,en,2,6,,,
CAND00451,guidance,ExxonMobil raises earnings outlook through 2030,positive,https://www.upstreamonline.com,en,2,6,,,
CAND00452,guidance,FactSet Raises FY 2026 Earnings Guidance,positive,https://nationaltoday.com,en,2,6,,,
CAND00453,guidance,Frasers Group Tumbles After Guidance Cut,negative,https://www.wsj.com,en,2,6,,,
CAND00844,loss_direction,European stocks close higher as gold extends recent losses,neutral,https://www.cnbc.com,en,2,9,,,
CAND00845,loss_direction,"Earnings Snapshot: Boeing narrows Q2 loss, revenue up on increased deliveries",positive,https://www.msn.com,en,2,11,,,
CAND00846,loss_direction,"Nasdaq Composite Ends Week Higher on Strong U.S. Jobs Data, Reducing YTD Losses",positive,https://www.ad-hoc-news.de,en,2,13,,,
CAND00847,loss_direction,S&P 500 Gains & Losses Today: Ford Leads Automakers Higher; Deckers Stock Drops,neutral,https://finance.yahoo.com,en,2,13,,,
CAND00848,loss_direction,"Malaysian Shares Ended Lower, Mirroring Regional Losses; M N C Wireless' Shares Plunge 23%",neutral,https://news.futunn.com,en,2,14,,,
CAND00849,loss_direction,"Nvidia and other tech stocks lead Wall Street higher, erasing their losses for the week",positive,https://www.timescolonist.com,en,2,15,,,
CAND00850,loss_direction,"Opponents to Nexstar-Tegna merger warn of higher prices, loss of newsrooms if deal goes through",negative,https://www.courthousenews.com,en,2,15,,,
CAND00851,loss_direction,S&P 500 Gains & Losses Today: GM Stock Speeds Higher; Newmont Sinks as Gold Retreats,neutral,https://www.investopedia.com,en,2,15,,,
CAND00852,loss_direction,S&P 500 Gains and Losses Today: Index Ticks Higher Ahead of This Week's Fed Decision,neutral,https://www.investopedia.com,en,2,15,,,
CAND00853,loss_direction,"S&P 500 wins back all losses from Greenland dip, gold and silver surge even higher",positive,https://fortune.com,en,2,15,,,
CAND00854,loss_direction,Stock Market Crash: Key reasons why Nifty fell to its fifth straight weekly loss on Friday,negative,https://www.cnbctv18.com,en,2,16,,,
CAND00855,loss_direction,"Xiaoyu Yingtong (00139) issued a profit warning, expecting an annual pre-tax loss of no less than approximately HKD 1.9 billion, representing a year-on-year increase.",negative,https://www.moomoo.com,en,2,24,,,
CAND00856,margin,"Chevron’s Earnings Miss Estimates, Squeezed by Lower Refining Margins",negative,https://www.investopedia.com,en,2,9,,,
CAND00857,margin,74Software: Guidance Increased as Operational Discipline Drives Significant Margin Expansion,positive,https://www.globenewswire.com,en,2,10,,,
CAND00858,margin,"Renault cuts margin outlook amid weak demand, increased Chinese competition",negative,https://www.autonews.com,en,2,10,,,
CAND00859,margin,Tesla's Q1 2023 Earnings Show Lower Margins Amid Aggressive Price Cuts,negative,https://www.notateslaapp.com,en,2,11,,,
CAND00860,margin,"Chevron Posts Revenue, Profit Decline as Lower Natural Gas Prices Hit Margins",negative,https://www.investopedia.com,en,2,12,,,
CAND00861,margin,Assessing Walmart (WMT) Valuation As AI And Higher‑Margin Profit Engines Reshape The Business,neutral,https://finance.yahoo.com,en,2,13,,,
CAND00862,margin,"Titan's weak Q2 and jewellery margin guidance cut weighs on shares, brokerages lower targets",negative,https://www.moneycontrol.com,en,2,14,,,
CAND00863,margin,Exxon stock falls as earnings miss on lower natural gas prices and squeezed refining margins,negative,https://www.cnbc.com,en,2,15,,,
CAND00864,margin,Higher gold price eases pressure on producer margins | Post by Sarah Tomlinson | Gold Focus blog,positive,https://www.gold.org,en,2,17,,,
CAND00865,profit_direction,Newtrend Group Issues Profit Warning: Anticipates 60-80% Profit Decline for 2025 Due to Increased Costs and Lower Forex Gains 12,negative,https://www.minichart.com.sg,en,4,20,,,
CAND00866,profit_direction,Wells Fargo profit rises on higher interest income,positive,https://www.cnbc.com,en,3,8,,,
CAND00867,profit_direction,Westpac shares fall despite reporting $6.9bn profit and dividend increase,neutral,https://www.fool.com.au,en,3,10,,,
CAND00868,profit_direction,"Downer EDI earnings: Profit rises, margin tops target, order book grows",positive,https://www.fool.com.au,en,3,11,,,
CAND00869,profit_direction,Leadway Technology Issues Profit Warning as Costs Rise and Revenue Falls,negative,https://www.tipranks.com,en,3,11,,,
CAND00870,profit_direction,"ExxonMobil flags Middle East production decline, but profits still tipped to rise",neutral,https://petroleumaustralia.com.au,en,3,12,,,
CAND00871,profit_direction,U.S. GDP Q1’25 Decline Is Lessened; Price Strength Unrevised but Profits Decline,negative,https://www.haver.com,en,3,12,,,
CAND00872,profit_direction,Wetherspoon Confronts £100M Labour-Related Cost Pressure as Profit Decline Surpasses Revenue Increase,negative,https://www.bitget.com,en,3,12,,,
CAND00873,profit_direction,Bank of America Q4 2025 earnings beat: BAC profit rises as trading and net interest income jump,positive,https://ts2.tech,en,3,17,,,
CAND00874,profit_direction,The United Laboratories Issues Profit Warning as 2025 Profits Decline Due to Lower Intermediate Product and Bulk Medicine Prices,negative,https://www.minichart.com.sg,en,3,19,,,
CAND00875,profit_direction,"Macau’s Paradise Ent issues profit warning on 63.5% decline in FY25 profit due to satellite casino closure, lower LMG terminal sales - IAG",negative,https://asgam.com,en,3,23,,,
CAND00876,profit_direction,"JPMorgan Profits Beat Expectations, Shares Decline",positive,https://www.sharecafe.com.au,en,2,6,,,
CAND00877,profit_direction,Chevron Profit Falls on Lower Oil Prices,negative,https://www.wsj.com,en,2,7,,,
CAND00878,profit_direction,"Netflix profit beats expectations, ad-tier subscriptions rise",positive,https://www.cnbc.com,en,2,7,,,
CAND00879,profit_direction,"Texas Instruments forecasts lower-than-expected profit, shares fall",negative,https://www.aol.com,en,2,7,,,
CAND00880,profit_direction,Transense Technologies shares fall on profit warning,negative,https://www.proactiveinvestors.co.uk,en,2,7,,,
CAND00881,profit_direction,"Goldman Sachs’ profit rises on dealmaking, trading strength",positive,https://www.bnnbloomberg.ca,en,2,8,,,
CAND00882,profit_direction,Horizon issues profit warning as 2025 revenues fall,negative,https://www.internationalrentalnews.com,en,2,8,,,
CAND00883,profit_direction,"Qualitas shares surge on profit, increased dividend announcement",positive,https://www.fool.com.au,en,2,8,,,
CAND00884,profit_direction,"Tesla Profit Falls, Hurt by Plunging EV Sales",negative,https://www.wsj.com,en,2,8,,,
CAND00885,profit_direction,Tesla posts record revenue but profit falls short,negative,https://www.axios.com,en,2,8,,,
CAND00886,profit_direction,Tesla’s Profit Fell Sharply Last Year (Published 2025),negative,https://www.nytimes.com,en,2,8,,,
CAND00887,profit_direction,CN hikes dividend as fourth-quarter profit and revenue rise,positive,https://www.theglobeandmail.com,en,2,9,,,
CAND00888,profit_direction,"Cathay Pacific First-Half Profit Rose, Places Boeing Jet Order",positive,https://www.wsj.com,en,2,9,,,
CAND00889,profit_direction,"Exxon, Chevron Profits Fell Ahead of Tariff-Driven Oil Slump",negative,https://www.wsj.com,en,2,9,,,
CAND00890,profit_direction,"Morgan Stanley profit beats estimates on wealth, shares rise",positive,https://www.reuters.com,en,2,9,,,
CAND00891,profit_direction,Netflix Revenue and Profit Grow as Ad Business Accelerates,positive,https://www.wsj.com,en,2,9,,,
CAND00892,profit_direction,Novo Nordisk (NVO) Fell Following a Profit Warning Release,negative,https://finance.yahoo.com,en,2,9,,,
CAND00893,profit_direction,Realty Income Announces Common Stock Dividend Increase of 1.5%,neutral,https://www.realtyincome.com,en,2,9,,,
CAND00894,profit_direction,130th Common Stock Monthly Dividend Increase Declared by Realty Income,positive,https://www.realtyincome.com,en,2,10,,,
CAND00895,profit_direction,131st Common Stock Monthly Dividend Increase Declared by Realty Income,positive,https://www.realtyincome.com,en,2,10,,,
CAND00896,profit_direction,Baidu's Q4 Earnings Beat Estimates Despite Revenue and Profit Decline,neutral,https://finance.yahoo.com,en,2,10,,,
CAND00897,profit_direction,ExxonMobil and Chevron suffer profit falls on lower oil prices,negative,https://www.ft.com,en,2,10,,,
CAND00898,profit_direction,Goldman Sachs Profit Rises on Jump in Dealmaking and Lending,positive,https://www.wsj.com,en,2,10,,,
CAND00899,profit_direction,"Inpex H1 profit falls 14.5%, unveils dividend hike, share buybacks",positive,https://www.reuters.com,en,2,10,,,
CAND00900,profit_direction,"Millennium Bcp's Profit Rises 12% to Record, Plans Dividend Hike",positive,https://www.globalbankingandfinance.com,en,2,10,,,
CAND00901,profit_direction,Profit warnings issued by UK-listed companies increase by 20% year-on-year,negative,https://www.ey.com,en,2,10,,,
CAND00902,profit_direction,Stellantis and Aston Martin shares fall sharply on profit warnings,negative,https://www.ft.com,en,2,10,,,
CAND00903,profit_direction,"Wells Fargo Profit Rises in Q1, Boosted by Lower Expenses",positive,https://www.wsj.com,en,2,10,,,
CAND00904,profit_direction,Bank of America profit rises as trading surges in volatile markets,positive,https://www.theglobeandmail.com,en,2,11,,,
CAND00959,revenue_direction,"Metlen: Higher turnover, but lower profitability",negative,https://www.ekathimerini.com,en,3,6,,,
CAND00960,revenue_direction,Intel Q4 loss-making with revenue decline; forecasts more declines,negative,https://www.electronicsweekly.com,en,3,9,,,
CAND00961,revenue_direction,Citizens Highlights Forestar Group (FOR) Revenue Beat Despite Lower Lot Sales,positive,https://finance.yahoo.com,en,3,11,,,
CAND00962,revenue_direction,"Chevron Posts Revenue, Profit Decline as Lower Natural Gas Prices Hit Margins",negative,https://www.investopedia.com,en,3,12,,,
CAND00963,revenue_direction,Earnings Miss of the Week: Lower Book Sales Drag Down Scholastic's Revenue,negative,https://www.investopedia.com,en,3,12,,,
CAND00964,revenue_direction,Wetherspoon Confronts £100M Labour-Related Cost Pressure as Profit Decline Surpasses Revenue Increase,negative,https://www.bitget.com,en,3,12,,,
CAND00965,revenue_direction,"Exxon signals lower Q1 profit despite higher oil, gas revenue from Iran war price spikes",negative,https://www.reuters.com,en,3,15,,,
CAND00966,revenue_direction,Revenue Miss: Kontron AG Fell 5.5% Short Of Analyst Revenue Estimates And Analysts Have Been Revising Their Models,negative,https://finance.yahoo.com,en,3,18,,,
CAND00967,revenue_direction,"Macau’s Paradise Ent issues profit warning on 63.5% decline in FY25 profit due to satellite casino closure, lower LMG terminal sales - IAG",negative,https://asgam.com,en,3,23,,,
CAND00968,revenue_direction,"AMD Reports Sharply Higher Profits, Sales",positive,https://www.wsj.com,en,2,6,,,
CAND00969,revenue_direction,Alphabet Reports 14% Increase in Second-Quarter Revenue,positive,https://www.nytimes.com,en,2,7,,,
CAND00970,revenue_direction,Intel posts higher revenue after trimming workforce,positive,https://www.japantimes.co.jp,en,2,7,,,
CAND00971,revenue_direction,"Allegion's Q4 Earnings Miss Estimates, Revenues Increase Y/Y",negative,https://finance.yahoo.com,en,2,8,,,
CAND00972,revenue_direction,"Alphabet's Q4 Earnings Beat Estimates, Revenues Increase Y/Y",positive,https://finance.yahoo.com,en,2,8,,,
CAND00973,revenue_direction,Fastenal shares move lower on Q4 revenue miss,negative,https://www.proactiveinvestors.com,en,2,8,,,
CAND00974,revenue_direction,First ever Tesla revenue decline after Musk backlash,negative,https://www.telegraph.co.uk,en,2,8,,,
CAND00975,revenue_direction,"GoDaddy Q4 Earnings Beat Estimates, Revenues Increase Y/Y",positive,https://www.theglobeandmail.com,en,2,8,,,
CAND00976,revenue_direction,Google Parent Alphabet Reports 12% Increase in Revenue,positive,https://www.nytimes.com,en,2,8,,,
CAND00977,revenue_direction,Intel Revenues Decline 4 Percent to $13.7 Billion,negative,https://www.thurrott.com,en,2,8,,,
CAND00978,revenue_direction,Target Stock Surges as Earnings Overshadow Sales Decline,positive,https://www.wsj.com,en,2,8,,,
CAND00979,revenue_direction,"Boeing's Q1 Earnings Top Estimates, Revenues Increase Y/Y (Revised)",positive,https://finance.yahoo.com,en,2,9,,,
CAND00980,revenue_direction,"Consolidated Water 2025 Earnings Miss Estimates, Revenues Decrease Y/Y",negative,https://finance.yahoo.com,en,2,9,,,
CAND00981,revenue_direction,Elon Musk’s Tesla reports first-ever annual decline in revenue,negative,https://www.aljazeera.com,en,2,9,,,
CAND00982,revenue_direction,"Fiserv Q4 Earnings Beat Estimates, Revenues Decline 7% Y/Y",negative,https://www.theglobeandmail.com,en,2,9,,,
CAND00983,revenue_direction,Morgan Stanley earnings top estimates on increased trading revenue,positive,https://www.cnbc.com,en,2,9,,,
CAND00984,revenue_direction,Target posts lower 2025 earnings as Q4 sales dip,negative,https://finance.yahoo.com,en,2,9,,,
CAND00985,revenue_direction,Baidu's Q4 Earnings Beat Estimates Despite Revenue and Profit Decline,neutral,https://finance.yahoo.com,en,2,10,,,
CAND00986,revenue_direction,Citigroup Projects Higher Q4 IB Revenues: Fee Income to Benefit?,neutral,https://www.theglobeandmail.com,en,2,10,,,
CAND00987,revenue_direction,Goldman Sachs wealth management sees double-digit revenue increase in 2024,positive,https://www.retailbankerinternational.com,en,2,10,,,
CAND00988,revenue_direction,"IBM earnings beat by $0.12, revenue fell short of estimates",negative,https://m.uk.investing.com,en,2,10,,,
CAND00989,revenue_direction,"Ovintiv earnings beat by $2.73, revenue fell short of estimates",neutral,https://ca.investing.com,en,2,10,,,
CAND00990,revenue_direction,"Persimmon leads FTSE 100 gainers on higher revenue, pretax profit",neutral,https://www.msn.com,en,2,10,,,
CAND00991,revenue_direction,Tesla Surprises Wall Street With AI Push Amid Revenue Decline,neutral,https://evrimagaci.org,en,2,10,,,
CAND00992,revenue_direction,Will Relatively Higher Software Revenues Aid IBM's Earnings in Q4?,neutral,https://finance.yahoo.com,en,2,10,,,
CAND00993,revenue_direction,"ASML gains on earnings beat, but warns of China sales decline",positive,https://au.finance.yahoo.com,en,2,11,,,
CAND00994,revenue_direction,"Apple Beats Earnings Target On Services Lift, But iPhone Sales Decline",neutral,https://www.investors.com,en,2,11,,,
CAND00995,revenue_direction,"Arbe Robotics earnings beat, revenue fell short of estimates By Investing.com",neutral,https://uk.investing.com,en,2,11,,,
CAND00996,revenue_direction,Bank of America Tops Estimates. Revenue Driven Up by Higher Rates.,positive,https://www.barrons.com,en,2,11,,,
CAND00997,revenue_direction,Belc Posts Higher Sales and Dividend Hike Amid Modest Profit Growth,positive,https://www.tipranks.com,en,2,11,,,
CAND00998,revenue_direction,"BioRestorative Therapies earnings beat by $0.01, revenue fell short of estimates",neutral,https://ca.investing.com,en,2,11,,,
