pair_id,family,source_type,original_direction,original_en,counterfactual_en,original_de_nllb,counterfactual_de_nllb,expected_original,expected_counterfactual
P001,profit_direction,controlled_synthetic_flame_inspired,positive,The company reported that operating profit increased from EUR 40 million to EUR 52 million.,The company reported that operating profit decreased from EUR 52 million to EUR 40 million.,"Das Unternehmen berichtete, dass der Betriebsgewinn von 40 Mio. EUR auf 52 Mio. EUR gestiegen sei.","Das Unternehmen berichtete, dass der Betriebsgewinn von 52 Mio. EUR auf 40 Mio. EUR zurückgegangen sei.",1,-1
P002,profit_direction,controlled_synthetic_flame_inspired,negative,The company reported that net profit fell by 18 percent year over year.,The company reported that net profit rose by 18 percent year over year.,"Das Unternehmen berichtete, dass der Nettogewinn von Jahr zu Jahr um 18 Prozent gesunken sei.","Das Unternehmen berichtete, dass der Nettogewinn von Jahr zu Jahr um 18 Prozent gestiegen sei.",-1,1
P003,profit_direction,controlled_synthetic_flame_inspired,positive,Quarterly profit increased to USD 85 million from USD 70 million a year earlier.,Quarterly profit decreased to USD 70 million from USD 85 million a year earlier.,Der Quartalsgewinn stieg von 70 Mio. USD im Vorjahr auf 85 Mio. USD.,Der Quartalsgewinn ging von einem Jahr zuvor auf 85 Mio. USD auf 70 Mio. USD zurück.,1,-1
P004,profit_direction,controlled_synthetic_flame_inspired,negative,The company said annual profit declined despite stable revenue.,The company said annual profit grew despite stable revenue.,"Das Unternehmen sagte, dass der Jahresgewinn trotz stabiler Einnahmen zurückgegangen sei.","Das Unternehmen sagte, der Jahresgewinn habe trotz stabiler Einnahmen zugenommen.",-1,1
P005,profit_direction,controlled_synthetic_flame_inspired,positive,Operating profit increased by 14 percent compared with the previous quarter.,Operating profit decreased by 14 percent compared with the previous quarter.,Der Betriebsgewinn stieg im Vergleich zum Vorquartal um 14 Prozent.,Der Betriebsgewinn ging im Vergleich zum Vorquartal um 14 Prozent zurück.,1,-1
P006,profit_direction,controlled_synthetic_flame_inspired,negative,Net income decreased from USD 145 million to USD 120 million.,Net income increased from USD 120 million to USD 145 million.,Das Nettoeinkommen sank von 145 Mio. USD auf 120 Mio. USD.,Das Nettoeinkommen stieg von 120 Millionen USD auf 145 Millionen USD.,-1,1
P007,profit_direction,controlled_synthetic_flame_inspired,positive,The company recorded a 9 percent increase in full-year profit.,The company recorded a 9 percent decrease in full-year profit.,Das Unternehmen verzeichnete einen Anstieg des Jahresgewinns um 9 Prozent.,Das Unternehmen verzeichnete einen Rückgang des Jahresgewinns um 9 Prozent.,1,-1
P008,profit_direction,controlled_synthetic_flame_inspired,negative,Profit fell to EUR 190 million from EUR 210 million.,Profit rose to EUR 210 million from EUR 190 million.,Der Gewinn sank von 210 Mio. EUR auf 190 Mio. EUR.,Der Gewinn stieg von 190 Mio. EUR auf 210 Mio. EUR.,-1,1
P009,loss_direction,controlled_synthetic_flame_inspired,positive,The company narrowed its operating loss from USD 30 million to USD 18 million.,The company widened its operating loss from USD 18 million to USD 30 million.,Das Unternehmen verringerte seinen Betriebsverlust von 30 Mio. USD auf 18 Mio. USD.,Das Unternehmen vergrößerte seinen Betriebsverlust von 18 Millionen USD auf 30 Millionen USD.,1,-1
P010,loss_direction,controlled_synthetic_flame_inspired,negative,The company's quarterly net loss increased by 25 percent.,The company's quarterly net loss decreased by 25 percent.,Der Quartalsverlust des Unternehmens stieg um 25 Prozent.,Der Quartalsverlust des Unternehmens sank um 25 Prozent.,-1,1
P011,loss_direction,controlled_synthetic_flame_inspired,positive,The company reduced its annual loss to EUR 12 million from EUR 20 million.,The company increased its annual loss to EUR 20 million from EUR 12 million.,Das Unternehmen reduzierte seinen jährlichen Verlust von 20 Mio. EUR auf 12 Mio. EUR.,Das Unternehmen erhöhte seinen jährlichen Verlust von 12 Mio. EUR auf 20 Mio. EUR.,1,-1
P012,loss_direction,controlled_synthetic_flame_inspired,negative,Operating losses widened significantly during the quarter.,Operating losses narrowed significantly during the quarter.,Im Laufe des Quartals stiegen die operativen Verluste erheblich.,Die operativen Verluste haben sich im Laufe des Quartals deutlich verringert.,-1,1
P013,loss_direction,controlled_synthetic_flame_inspired,positive,The net loss fell from USD 44 million to USD 31 million.,The net loss rose from USD 31 million to USD 44 million.,Der Nettoverlust fiel von 44 Mio. USD auf 31 Mio. USD.,Der Nettoverlust stieg von 31 Mio. USD auf 44 Mio. USD.,1,-1
P014,loss_direction,controlled_synthetic_flame_inspired,negative,The company's loss increased for the third consecutive quarter.,The company's loss decreased for the third consecutive quarter.,Der Verlust des Unternehmens stieg im dritten Quartal in Folge.,Der Verlust des Unternehmens ging im dritten Quartal in Folge zurück.,-1,1
P015,loss_direction,controlled_synthetic_flame_inspired,positive,The company reported a smaller operating loss than in the prior year.,The company reported a larger operating loss than in the prior year.,Das Unternehmen berichtete über einen geringeren Betriebsverlust als im Vorjahr.,Das Unternehmen berichtete über einen größeren Betriebsverlust als im Vorjahr.,1,-1
P016,loss_direction,controlled_synthetic_flame_inspired,negative,The company's pre-tax loss widened from GBP 8 million to GBP 18 million.,The company's pre-tax loss narrowed from GBP 18 million to GBP 8 million.,Der Vorsteuerverlust des Unternehmens vergrößerte sich von 8 Mio. GBP auf 18 Mio. GBP.,Der Vorsteuerverlust des Unternehmens verringerte sich von 18 Mio. GBP auf 8 Mio. GBP.,-1,1
P017,cost_direction,controlled_synthetic_flame_inspired,positive,The company reduced operating costs by 12 percent.,The company increased operating costs by 12 percent.,Das Unternehmen reduzierte die Betriebskosten um 12 Prozent.,Das Unternehmen erhöhte die Betriebskosten um 12 Prozent.,1,-1
P018,cost_direction,controlled_synthetic_flame_inspired,negative,Quarterly expenses rose from USD 82 million to USD 95 million.,Quarterly expenses fell from USD 95 million to USD 82 million.,Die vierteljährlichen Ausgaben stiegen von 82 Millionen USD auf 95 Millionen USD.,Die vierteljährlichen Ausgaben sanken von 95 Millionen USD auf 82 Millionen USD.,-1,1
P019,cost_direction,controlled_synthetic_flame_inspired,positive,The company reported lower production costs during the quarter.,The company reported higher production costs during the quarter.,Das Unternehmen berichtete über niedrigere Produktionskosten im Quartal.,Das Unternehmen berichtete über höhere Produktionskosten im Quartal.,1,-1
P020,cost_direction,controlled_synthetic_flame_inspired,negative,Operating expenses increased by 7 percent year over year.,Operating expenses decreased by 7 percent year over year.,Die Betriebskosten stiegen von Jahr zu Jahr um 7 Prozent.,Die Betriebsausgaben sanken im Jahresvergleich um 7 Prozent.,-1,1
P021,cost_direction,controlled_synthetic_flame_inspired,positive,The company cut logistics costs from EUR 28 million to EUR 21 million.,The company raised logistics costs from EUR 21 million to EUR 28 million.,Das Unternehmen reduzierte die Logistikkosten von 28 Mio. EUR auf 21 Mio. EUR.,Das Unternehmen erhöhte die Logistikkosten von 21 Mio. EUR auf 28 Mio. EUR.,1,-1
P022,cost_direction,controlled_synthetic_flame_inspired,negative,Administrative expenses increased during the first half of the year.,Administrative expenses declined during the first half of the year.,Die Verwaltungskosten stiegen im ersten Halbjahr.,Die Verwaltungskosten gingen im ersten Halbjahr zurück.,-1,1
P023,cost_direction,controlled_synthetic_flame_inspired,positive,The company reduced its cost base by USD 50 million.,The company increased its cost base by USD 50 million.,Das Unternehmen reduzierte seine Kostenbasis um 50 Mio. USD.,Das Unternehmen erhöhte seine Kostenbasis um 50 Mio. USD.,1,-1
P024,cost_direction,controlled_synthetic_flame_inspired,negative,Manufacturing costs rose by 10 percent compared with the previous quarter.,Manufacturing costs fell by 10 percent compared with the previous quarter.,Die Produktionskosten stiegen im Vergleich zum Vorquartal um 10 Prozent.,Die Produktionskosten gingen im Vergleich zum Vorquartal um 10 Prozent zurück.,-1,1
P025,revenue_direction,controlled_synthetic_flame_inspired,positive,Quarterly revenue increased by 12 percent year over year.,Quarterly revenue decreased by 12 percent year over year.,Die Quartalsumsätze stiegen um 12 Prozent gegenüber dem Vorjahr.,Der Quartalsumsatz sank um 12 Prozent gegenüber dem Vorjahr.,1,-1
P026,revenue_direction,controlled_synthetic_flame_inspired,negative,Sales fell from EUR 680 million to EUR 600 million.,Sales rose from EUR 600 million to EUR 680 million.,Die Verkäufe sanken von 680 Mio. EUR auf 600 Mio. EUR.,Der Umsatz stieg von 600 Mio. EUR auf 680 Mio. EUR.,-1,1
P027,revenue_direction,controlled_synthetic_flame_inspired,positive,The company reported higher revenue in all major business segments.,The company reported lower revenue in all major business segments.,Das Unternehmen berichtete über höhere Einnahmen in allen wichtigen Geschäftssegmenten.,Das Unternehmen berichtete über geringere Einnahmen in allen wichtigen Geschäftssegmenten.,1,-1
P028,revenue_direction,controlled_synthetic_flame_inspired,negative,Full-year revenue declined by 9 percent.,Full-year revenue grew by 9 percent.,Die Umsätze für das ganze Jahr sanken um 9 Prozent.,Die Umsätze für das ganze Jahr wuchsen um 9 Prozent.,-1,1
P029,revenue_direction,controlled_synthetic_flame_inspired,positive,Quarterly sales increased to USD 1.2 billion from USD 1.0 billion.,Quarterly sales decreased to USD 1.0 billion from USD 1.2 billion.,"Der Quartalsumsatz stieg von 1,0 Milliarden USD auf 1,2 Milliarden USD.","Der Quartalsumsatz sank von 1,2 Milliarden USD auf 1,0 Milliarden USD.",1,-1
P030,revenue_direction,controlled_synthetic_flame_inspired,negative,Revenue fell for the fourth consecutive quarter.,Revenue rose for the fourth consecutive quarter.,Die Einnahmen sanken zum vierten Quartal in Folge.,Die Einnahmen stiegen zum vierten Quartal in Folge.,-1,1
P031,revenue_direction,controlled_synthetic_flame_inspired,positive,The company recorded a 15 percent increase in annual sales.,The company recorded a 15 percent decrease in annual sales.,Das Unternehmen verzeichnete einen jährlichen Umsatzanstieg von 15 Prozent.,Das Unternehmen verzeichnete einen Rückgang des Jahresumsatzes um 15 Prozent.,1,-1
P032,revenue_direction,controlled_synthetic_flame_inspired,negative,Revenue declined to EUR 870 million from EUR 950 million.,Revenue improved to EUR 950 million from EUR 870 million.,Die Einnahmen gingen von 950 Mio. EUR auf 870 Mio. EUR zurück.,Der Umsatz stieg von 870 Mio. EUR auf 950 Mio. EUR.,-1,1
P033,earnings_expectations,controlled_synthetic_flame_inspired,positive,"The company reported earnings per share of USD 2.10, above analyst expectations of USD 1.80.","The company reported earnings per share of USD 1.50, below analyst expectations of USD 1.80.","Das Unternehmen erzielte einen Gewinn pro Aktie in Höhe von 2,10 USD, der über den Erwartungen der Analysten in Höhe von 1,80 USD hinausging.","Das Unternehmen berichtete über einen Gewinn pro Aktie von USD 1,50, unter den Erwartungen der Analysten von USD 1,80.",1,-1
P034,earnings_expectations,controlled_synthetic_flame_inspired,negative,Quarterly revenue missed analyst estimates by 8 percent.,Quarterly revenue exceeded analyst estimates by 8 percent.,Die Quartalsumsätze überschritten Analysten Schätzungen um 8 Prozent.,Die vierteljährlichen Einnahmen übertrafen die Analysten schätzungsweise um 8 Prozent.,-1,1
P035,earnings_expectations,controlled_synthetic_flame_inspired,positive,The company reported profit above the market consensus.,The company reported profit below the market consensus.,Das Unternehmen erzielte einen Gewinn über dem Marktkonsens.,"Das Unternehmen berichtete über einen Gewinn, der unter dem Marktkonsens lag.",1,-1
P036,earnings_expectations,controlled_synthetic_flame_inspired,negative,Earnings per share missed analysts' forecasts.,Earnings per share beat analysts' forecasts.,Das Ergebnis pro Aktie verpasste die Prognosen der Analysten.,Der Gewinn pro Aktie übertroffen die Prognosen der Analysten.,-1,1
P037,earnings_expectations,controlled_synthetic_flame_inspired,positive,Revenue came in higher than analysts had expected.,Revenue came in lower than analysts had expected.,Die Einnahmen waren höher als die Analysten erwartet hatten.,Die Einnahmen waren niedriger als die Analysten erwartet hatten.,1,-1
P038,earnings_expectations,controlled_synthetic_flame_inspired,negative,Quarterly earnings fell short of the consensus estimate.,Quarterly earnings surpassed the consensus estimate.,Die vierteljährlichen Einkünfte lagen unter der Konsensschätzung.,Die vierteljährlichen Erträge übertrafen die Konsensschätzung.,-1,1
P039,earnings_expectations,controlled_synthetic_flame_inspired,positive,The company exceeded analysts' earnings expectations for the quarter.,The company fell below analysts' earnings expectations for the quarter.,Das Unternehmen übertraf die Ergebniserwartungen der Analysten für das Quartal.,Das Unternehmen fiel unter den Ergebniserwartungen der Analysten für das Quartal.,1,-1
P040,earnings_expectations,controlled_synthetic_flame_inspired,negative,Reported revenue was below the consensus forecast.,Reported revenue was above the consensus forecast.,Die gemeldeten Einnahmen lagen unter der Konsensprognose.,Die gemeldeten Einnahmen lagen über der Konsensprognose.,-1,1
P041,guidance,controlled_synthetic_flame_inspired,positive,Management raised its full-year revenue guidance.,Management lowered its full-year revenue guidance.,Das Management hat seine Jahresumsatzprognose erhöht.,Das Management hat seine Jahresumsatzprognose gesenkt.,1,-1
P042,guidance,controlled_synthetic_flame_inspired,negative,The company reduced its annual earnings outlook.,The company increased its annual earnings outlook.,Das Unternehmen reduzierte seine jährlichen Ergebnisprognosen.,Das Unternehmen erhöhte seine jährlichen Ergebnisprognosen.,-1,1
P043,guidance,controlled_synthetic_flame_inspired,positive,Management upgraded its forecast for full-year operating profit.,Management downgraded its forecast for full-year operating profit.,Das Management hat seine Prognose für den Gesamtjahresumsatz aktualisiert.,Das Management hat seine Prognose für den Gesamtjahresumsatz herabgeschätzt.,1,-1
P044,guidance,controlled_synthetic_flame_inspired,negative,The company cut its expected revenue range for the year.,The company lifted its expected revenue range for the year.,Das Unternehmen reduzierte seine erwarteten Umsatzbereiche für das Jahr.,Das Unternehmen erhöhte seine erwartete Umsätze für das Jahr.,-1,1
P045,guidance,controlled_synthetic_flame_inspired,positive,Management raised its expected earnings per share for the full year.,Management lowered its expected earnings per share for the full year.,Das Management erhöhte sein erwartetes Ergebnis pro Aktie für das gesamte Jahr.,Das Management senkte sein erwartetes Ergebnis pro Aktie für das gesamte Jahr.,1,-1
P046,guidance,controlled_synthetic_flame_inspired,negative,The company lowered its forecast for annual sales growth.,The company raised its forecast for annual sales growth.,Das Unternehmen senkte seine Prognose für das jährliche Umsatzwachstum.,Das Unternehmen erhöhte seine Prognose für das jährliche Umsatzwachstum.,-1,1
P047,guidance,controlled_synthetic_flame_inspired,positive,Management raised its profitability outlook for the coming year.,Management lowered its profitability outlook for the coming year.,Das Management erhöhte seine Rentabilitätsprognosen für das kommende Jahr.,Das Management hat seine Rentabilitätsprognosen für das kommende Jahr gesenkt.,1,-1
P048,guidance,controlled_synthetic_flame_inspired,negative,The company lowered the lower end of its full-year earnings forecast.,The company raised the lower end of its full-year earnings forecast.,Das Unternehmen senkte das unterste Ende seiner Jahresergebnisprognose.,Das Unternehmen erhöhte das untere Ende seiner Jahresergebnisprognose.,-1,1
P049,margin,controlled_synthetic_flame_inspired,positive,The company's operating margin expanded from 12 percent to 16 percent.,The company's operating margin contracted from 16 percent to 12 percent.,Die Betriebsmarge des Unternehmens vergrößerte sich von 12 Prozent auf 16 Prozent.,Die Betriebsmarge des Unternehmens sank von 16 Prozent auf 12 Prozent.,1,-1
P050,margin,controlled_synthetic_flame_inspired,negative,Gross margin decreased by three percentage points.,Gross margin increased by three percentage points.,Die Bruttomarge sank um drei Prozentpunkte.,Die Bruttomarge stieg um drei Prozentpunkte.,-1,1
P051,margin,controlled_synthetic_flame_inspired,positive,The company reported wider operating margins during the quarter.,The company reported narrower operating margins during the quarter.,Das Unternehmen berichtete über breitere Betriebsmargen im Quartal.,Das Unternehmen berichtete über eine geringere Betriebsmarge im Quartal.,1,-1
P052,margin,controlled_synthetic_flame_inspired,negative,Operating margin deteriorated to 15 percent from 18 percent.,Operating margin improved to 18 percent from 15 percent.,Die operative Marge verschlechterte sich von 18 auf 15 Prozent.,Die operative Marge verbesserte sich von 15 Prozent auf 18 Prozent.,-1,1
P053,margin,controlled_synthetic_flame_inspired,positive,The company's gross margin expanded despite stable revenue.,The company's gross margin contracted despite stable revenue.,Die Bruttomarge des Unternehmens erweiterte sich trotz stabiler Einnahmen.,Die Bruttomarge des Unternehmens verringerte sich trotz stabiler Einnahmen.,1,-1
P054,margin,controlled_synthetic_flame_inspired,negative,Profit margin decreased from 11 percent to 9 percent.,Profit margin increased from 9 percent to 11 percent.,Die Gewinnmarge sank von 11 Prozent auf 9 Prozent.,Die Gewinnmarge stieg von 9 Prozent auf 11 Prozent.,-1,1
P055,contract_realization,controlled_synthetic_flame_inspired,positive,The company secured a major five-year customer contract.,The company failed to secure a major five-year customer contract.,Das Unternehmen erhielt einen fünfjährigen Kundenvertrag.,Das Unternehmen konnte sich einen großen fünfjährigen Kundenvertrag nicht sichern.,1,-1
P056,contract_realization,controlled_synthetic_flame_inspired,negative,The company failed to win a large government supply contract.,The company won a large government supply contract.,"Das Unternehmen schaffte es nicht, einen großen Liefervertrag der Regierung zu gewinnen.",Das Unternehmen gewann einen großen Liefervertrag der Regierung.,-1,1
P057,contract_realization,controlled_synthetic_flame_inspired,positive,The company was awarded a multi-year infrastructure contract.,The company was not awarded a multi-year infrastructure contract.,Das Unternehmen erhielt einen mehrjährigen Infrastrukturvertrag.,Das Unternehmen erhielt keinen mehrjährigen Infrastrukturvertrag.,1,-1
P058,contract_realization,controlled_synthetic_flame_inspired,negative,The company failed to sign a major customer agreement.,The company signed a major customer agreement.,Das Unternehmen konnte keine wichtige Kundenvereinbarung unterzeichnen.,Das Unternehmen unterzeichnete eine wichtige Kundenvereinbarung.,-1,1
P059,contract_realization,controlled_synthetic_flame_inspired,positive,The company secured a contract worth USD 300 million.,The company failed to secure a contract worth USD 300 million.,Das Unternehmen hat einen Vertrag im Wert von 300 Millionen US-Dollar gesichert.,Das Unternehmen konnte einen Vertrag im Wert von 300 Millionen US-Dollar nicht sichern.,1,-1
P060,contract_realization,controlled_synthetic_flame_inspired,negative,The company failed to win the tender for a large industrial project.,The company won the tender for a large industrial project.,Das Unternehmen konnte die Ausschreibung für ein großes Industrieprojekt nicht gewinnen.,Das Unternehmen gewann die Ausschreibung für ein großes Industrieprojekt.,-1,1
