pair_id,family,source_type,original_direction,original_en,counterfactual_en,original_es_nllb,counterfactual_es_nllb,expected_original,expected_counterfactual
P001,profit_direction,controlled_synthetic_flame_inspired,positive,The company reported that operating profit increased from EUR 40 million to EUR 52 million.,The company reported that operating profit decreased from EUR 52 million to EUR 40 million.,La empresa informó que el beneficio operativo aumentó de 40 millones de euros a 52 millones de euros.,La empresa informó que el beneficio operativo disminuyó de 52 millones de euros a 40 millones de euros.,1,-1
P002,profit_direction,controlled_synthetic_flame_inspired,negative,The company reported that net profit fell by 18 percent year over year.,The company reported that net profit rose by 18 percent year over year.,La compañía informó que la ganancia neta disminuyó un 18 por ciento año tras año.,La compañía informó que la ganancia neta aumentó un 18 por ciento año tras año.,-1,1
P003,profit_direction,controlled_synthetic_flame_inspired,positive,Quarterly profit increased to USD 85 million from USD 70 million a year earlier.,Quarterly profit decreased to USD 70 million from USD 85 million a year earlier.,El beneficio trimestral aumentó a 85 millones de dólares desde 70 millones de dólares un año antes.,El beneficio trimestral disminuyó a 70 millones de dólares desde 85 millones de dólares un año antes.,1,-1
P004,profit_direction,controlled_synthetic_flame_inspired,negative,The company said annual profit declined despite stable revenue.,The company said annual profit grew despite stable revenue.,La compañía dijo que las ganancias anuales disminuyeron a pesar de los ingresos estables.,La compañía dijo que las ganancias anuales crecieron a pesar de los ingresos estables.,-1,1
P005,profit_direction,controlled_synthetic_flame_inspired,positive,Operating profit increased by 14 percent compared with the previous quarter.,Operating profit decreased by 14 percent compared with the previous quarter.,Las ganancias operativas aumentaron un 14 por ciento en comparación con el trimestre anterior.,El beneficio operativo disminuyó un 14% en comparación con el trimestre anterior.,1,-1
P006,profit_direction,controlled_synthetic_flame_inspired,negative,Net income decreased from USD 145 million to USD 120 million.,Net income increased from USD 120 million to USD 145 million.,El ingreso neto disminuyó de USD 145 millones a USD 120 millones.,El ingreso neto aumentó de USD 120 millones a USD 145 millones.,-1,1
P007,profit_direction,controlled_synthetic_flame_inspired,positive,The company recorded a 9 percent increase in full-year profit.,The company recorded a 9 percent decrease in full-year profit.,La compañía registró un aumento del 9 por ciento en los beneficios de todo el año.,La compañía registró una disminución del 9 por ciento en los beneficios del año completo.,1,-1
P008,profit_direction,controlled_synthetic_flame_inspired,negative,Profit fell to EUR 190 million from EUR 210 million.,Profit rose to EUR 210 million from EUR 190 million.,El beneficio se redujo de 210 millones de euros a 190 millones de euros.,El beneficio aumentó de 190 millones de euros a 210 millones de euros.,-1,1
P009,loss_direction,controlled_synthetic_flame_inspired,positive,The company narrowed its operating loss from USD 30 million to USD 18 million.,The company widened its operating loss from USD 18 million to USD 30 million.,La compañía redujo sus pérdidas operativas de USD 30 millones a USD 18 millones.,La compañía amplió sus pérdidas operativas de USD 18 millones a USD 30 millones.,1,-1
P010,loss_direction,controlled_synthetic_flame_inspired,negative,The company's quarterly net loss increased by 25 percent.,The company's quarterly net loss decreased by 25 percent.,La pérdida neta trimestral de la compañía aumentó un 25 por ciento.,La pérdida neta trimestral de la compañía disminuyó un 25 por ciento.,-1,1
P011,loss_direction,controlled_synthetic_flame_inspired,positive,The company reduced its annual loss to EUR 12 million from EUR 20 million.,The company increased its annual loss to EUR 20 million from EUR 12 million.,La empresa redujo sus pérdidas anuales de 20 millones de euros a 12 millones de euros.,La empresa aumentó sus pérdidas anuales de 12 millones de euros a 20 millones de euros.,1,-1
P012,loss_direction,controlled_synthetic_flame_inspired,negative,Operating losses widened significantly during the quarter.,Operating losses narrowed significantly during the quarter.,Las pérdidas operativas aumentaron significativamente durante el trimestre.,Las pérdidas operativas se redujeron significativamente durante el trimestre.,-1,1
P013,loss_direction,controlled_synthetic_flame_inspired,positive,The net loss fell from USD 44 million to USD 31 million.,The net loss rose from USD 31 million to USD 44 million.,La pérdida neta cayó de USD 44 millones a USD 31 millones.,La pérdida neta aumentó de USD 31 millones a USD 44 millones.,1,-1
P014,loss_direction,controlled_synthetic_flame_inspired,negative,The company's loss increased for the third consecutive quarter.,The company's loss decreased for the third consecutive quarter.,Las pérdidas de la empresa aumentaron por tercer trimestre consecutivo.,La pérdida de la empresa disminuyó por tercer trimestre consecutivo.,-1,1
P015,loss_direction,controlled_synthetic_flame_inspired,positive,The company reported a smaller operating loss than in the prior year.,The company reported a larger operating loss than in the prior year.,La empresa informó de una pérdida operativa menor que en el año anterior.,La empresa informó de una pérdida operativa mayor que en el año anterior.,1,-1
P016,loss_direction,controlled_synthetic_flame_inspired,negative,The company's pre-tax loss widened from GBP 8 million to GBP 18 million.,The company's pre-tax loss narrowed from GBP 18 million to GBP 8 million.,La pérdida previa a impuestos de la empresa aumentó de 8 millones de libras esterlinas a 18 millones de libras esterlinas.,La pérdida previa a impuestos de la empresa se redujo de 18 millones de libras esterlinas a 8 millones de libras esterlinas.,-1,1
P017,cost_direction,controlled_synthetic_flame_inspired,positive,The company reduced operating costs by 12 percent.,The company increased operating costs by 12 percent.,La compañía redujo los costos operativos en un 12 por ciento.,La compañía aumentó los costos operativos en un 12 por ciento.,1,-1
P018,cost_direction,controlled_synthetic_flame_inspired,negative,Quarterly expenses rose from USD 82 million to USD 95 million.,Quarterly expenses fell from USD 95 million to USD 82 million.,Los gastos trimestrales aumentaron de USD 82 millones a USD 95 millones.,Los gastos trimestrales cayeron de USD 95 millones a USD 82 millones.,-1,1
P019,cost_direction,controlled_synthetic_flame_inspired,positive,The company reported lower production costs during the quarter.,The company reported higher production costs during the quarter.,La empresa informó de menores costes de producción durante el trimestre.,La empresa informó de mayores costes de producción durante el trimestre.,1,-1
P020,cost_direction,controlled_synthetic_flame_inspired,negative,Operating expenses increased by 7 percent year over year.,Operating expenses decreased by 7 percent year over year.,Los gastos operativos aumentaron un 7 por ciento año tras año.,Los gastos operativos disminuyeron un 7 por ciento año tras año.,-1,1
P021,cost_direction,controlled_synthetic_flame_inspired,positive,The company cut logistics costs from EUR 28 million to EUR 21 million.,The company raised logistics costs from EUR 21 million to EUR 28 million.,La empresa redujo los costes logísticos de 28 millones de euros a 21 millones de euros.,La empresa aumentó los costes logísticos de 21 millones de euros a 28 millones de euros.,1,-1
P022,cost_direction,controlled_synthetic_flame_inspired,negative,Administrative expenses increased during the first half of the year.,Administrative expenses declined during the first half of the year.,Los gastos administrativos aumentaron durante el primer semestre del año.,Los gastos administrativos disminuyeron durante el primer semestre.,-1,1
P023,cost_direction,controlled_synthetic_flame_inspired,positive,The company reduced its cost base by USD 50 million.,The company increased its cost base by USD 50 million.,La empresa redujo su base de costes en USD 50 millones.,La empresa aumentó su base de costes en USD 50 millones.,1,-1
P024,cost_direction,controlled_synthetic_flame_inspired,negative,Manufacturing costs rose by 10 percent compared with the previous quarter.,Manufacturing costs fell by 10 percent compared with the previous quarter.,Los costes de fabricación aumentaron un 10 por ciento en comparación con el trimestre anterior.,Los costes de fabricación disminuyeron un 10 por ciento en comparación con el trimestre anterior.,-1,1
P025,revenue_direction,controlled_synthetic_flame_inspired,positive,Quarterly revenue increased by 12 percent year over year.,Quarterly revenue decreased by 12 percent year over year.,Los ingresos trimestrales aumentaron un 12 por ciento año tras año.,Los ingresos trimestrales disminuyeron un 12 por ciento año tras año.,1,-1
P026,revenue_direction,controlled_synthetic_flame_inspired,negative,Sales fell from EUR 680 million to EUR 600 million.,Sales rose from EUR 600 million to EUR 680 million.,Las ventas cayeron de 680 millones de euros a 600 millones de euros.,Las ventas aumentaron de 600 millones de euros a 680 millones de euros.,-1,1
P027,revenue_direction,controlled_synthetic_flame_inspired,positive,The company reported higher revenue in all major business segments.,The company reported lower revenue in all major business segments.,La compañía reportó mayores ingresos en todos los principales segmentos de negocio.,La compañía informó de menores ingresos en todos los principales segmentos de negocio.,1,-1
P028,revenue_direction,controlled_synthetic_flame_inspired,negative,Full-year revenue declined by 9 percent.,Full-year revenue grew by 9 percent.,Los ingresos del año entero disminuyeron un 9 por ciento.,Los ingresos del año entero crecieron un 9 por ciento.,-1,1
P029,revenue_direction,controlled_synthetic_flame_inspired,positive,Quarterly sales increased to USD 1.2 billion from USD 1.0 billion.,Quarterly sales decreased to USD 1.0 billion from USD 1.2 billion.,Las ventas trimestrales aumentaron de 1.0 mil millones de dólares a 1.2 mil millones de dólares.,Las ventas trimestrales disminuyeron de USD 1.2 mil millones a USD 1.0 mil millones.,1,-1
P030,revenue_direction,controlled_synthetic_flame_inspired,negative,Revenue fell for the fourth consecutive quarter.,Revenue rose for the fourth consecutive quarter.,Los ingresos cayeron por cuarto trimestre consecutivo.,Los ingresos aumentaron por cuarto trimestre consecutivo.,-1,1
P031,revenue_direction,controlled_synthetic_flame_inspired,positive,The company recorded a 15 percent increase in annual sales.,The company recorded a 15 percent decrease in annual sales.,La compañía registró un aumento del 15 por ciento en las ventas anuales.,La compañía registró una disminución del 15 por ciento en las ventas anuales.,1,-1
P032,revenue_direction,controlled_synthetic_flame_inspired,negative,Revenue declined to EUR 870 million from EUR 950 million.,Revenue improved to EUR 950 million from EUR 870 million.,Los ingresos disminuyeron de 950 millones de euros a 870 millones de euros.,Los ingresos mejoraron de 870 millones de euros a 950 millones de euros.,-1,1
P033,earnings_expectations,controlled_synthetic_flame_inspired,positive,"The company reported earnings per share of USD 2.10, above analyst expectations of USD 1.80.","The company reported earnings per share of USD 1.50, below analyst expectations of USD 1.80.","La compañía reportó ganancias por acción de USD 2,10 por encima de las expectativas de los analistas de USD 1,80.","La compañía reportó ganancias por acción de USD 1,50, por debajo de las expectativas de los analistas de USD 1,80.",1,-1
P034,earnings_expectations,controlled_synthetic_flame_inspired,negative,Quarterly revenue missed analyst estimates by 8 percent.,Quarterly revenue exceeded analyst estimates by 8 percent.,Los ingresos trimestrales superaron las estimaciones de los analistas en un 8 por ciento.,Los ingresos trimestrales superaron las estimaciones de los analistas en un 8 por ciento.,-1,1
P035,earnings_expectations,controlled_synthetic_flame_inspired,positive,The company reported profit above the market consensus.,The company reported profit below the market consensus.,La empresa reportó ganancias superiores al consenso del mercado.,La empresa informó que sus ganancias estaban por debajo del consenso del mercado.,1,-1
P036,earnings_expectations,controlled_synthetic_flame_inspired,negative,Earnings per share missed analysts' forecasts.,Earnings per share beat analysts' forecasts.,Las ganancias por acción no cumplieron con las previsiones de los analistas.,Las ganancias por acción superaron las previsiones de los analistas.,-1,1
P037,earnings_expectations,controlled_synthetic_flame_inspired,positive,Revenue came in higher than analysts had expected.,Revenue came in lower than analysts had expected.,Los ingresos fueron más altos de lo que los analistas esperaban.,Los ingresos fueron más bajos de lo que los analistas esperaban.,1,-1
P038,earnings_expectations,controlled_synthetic_flame_inspired,negative,Quarterly earnings fell short of the consensus estimate.,Quarterly earnings surpassed the consensus estimate.,Las ganancias trimestrales no alcanzaron la estimación del consenso.,Las ganancias trimestrales superaron la estimación del consenso.,-1,1
P039,earnings_expectations,controlled_synthetic_flame_inspired,positive,The company exceeded analysts' earnings expectations for the quarter.,The company fell below analysts' earnings expectations for the quarter.,La compañía superó las expectativas de ganancias de los analistas para el trimestre.,La compañía cayó por debajo de las expectativas de ganancias de los analistas para el trimestre.,1,-1
P040,earnings_expectations,controlled_synthetic_flame_inspired,negative,Reported revenue was below the consensus forecast.,Reported revenue was above the consensus forecast.,Los ingresos reportados se situaron por debajo del pronóstico de consenso.,Los ingresos reportados superaron las previsiones de consenso.,-1,1
P041,guidance,controlled_synthetic_flame_inspired,positive,Management raised its full-year revenue guidance.,Management lowered its full-year revenue guidance.,La dirección aumentó sus previsiones de ingresos para todo el año.,La dirección redujo sus previsiones de ingresos para todo el año.,1,-1
P042,guidance,controlled_synthetic_flame_inspired,negative,The company reduced its annual earnings outlook.,The company increased its annual earnings outlook.,La empresa redujo sus perspectivas de ganancias anuales.,La compañía aumentó sus perspectivas de ganancias anuales.,-1,1
P043,guidance,controlled_synthetic_flame_inspired,positive,Management upgraded its forecast for full-year operating profit.,Management downgraded its forecast for full-year operating profit.,La dirección mejoró su pronóstico de ganancias operativas para todo el año.,La dirección rebajó su pronóstico de ganancias operativas para todo el año.,1,-1
P044,guidance,controlled_synthetic_flame_inspired,negative,The company cut its expected revenue range for the year.,The company lifted its expected revenue range for the year.,La compañía redujo su rango de ingresos esperado para el año.,La compañía levantó su rango de ingresos esperado para el año.,-1,1
P045,guidance,controlled_synthetic_flame_inspired,positive,Management raised its expected earnings per share for the full year.,Management lowered its expected earnings per share for the full year.,La dirección aumentó sus ganancias esperadas por acción durante todo el año.,La dirección redujo sus ganancias esperadas por acción durante todo el año.,1,-1
P046,guidance,controlled_synthetic_flame_inspired,negative,The company lowered its forecast for annual sales growth.,The company raised its forecast for annual sales growth.,La empresa redujo su pronóstico de crecimiento anual de las ventas.,La empresa aumentó su pronóstico de crecimiento anual de las ventas.,-1,1
P047,guidance,controlled_synthetic_flame_inspired,positive,Management raised its profitability outlook for the coming year.,Management lowered its profitability outlook for the coming year.,La dirección aumentó sus perspectivas de rentabilidad para el próximo año.,La dirección redujo sus perspectivas de rentabilidad para el próximo año.,1,-1
P048,guidance,controlled_synthetic_flame_inspired,negative,The company lowered the lower end of its full-year earnings forecast.,The company raised the lower end of its full-year earnings forecast.,La empresa redujo el final inferior de su pronóstico de ganancias para todo el año.,La empresa elevó el final inferior de su pronóstico de ganancias para todo el año.,-1,1
P049,margin,controlled_synthetic_flame_inspired,positive,The company's operating margin expanded from 12 percent to 16 percent.,The company's operating margin contracted from 16 percent to 12 percent.,El margen operativo de la compañía aumentó del 12 por ciento al 16 por ciento.,El margen operativo de la compañía se contrajo del 16 al 12 por ciento.,1,-1
P050,margin,controlled_synthetic_flame_inspired,negative,Gross margin decreased by three percentage points.,Gross margin increased by three percentage points.,El margen bruto disminuyó en tres puntos porcentuales.,El margen bruto aumentó en tres puntos porcentuales.,-1,1
P051,margin,controlled_synthetic_flame_inspired,positive,The company reported wider operating margins during the quarter.,The company reported narrower operating margins during the quarter.,La empresa informó de márgenes operativos más amplios durante el trimestre.,La empresa informó de menores márgenes operativos durante el trimestre.,1,-1
P052,margin,controlled_synthetic_flame_inspired,negative,Operating margin deteriorated to 15 percent from 18 percent.,Operating margin improved to 18 percent from 15 percent.,El margen operativo se deterioró del 18 al 15 por ciento.,El margen operativo mejoró del 15 al 18 por ciento.,-1,1
P053,margin,controlled_synthetic_flame_inspired,positive,The company's gross margin expanded despite stable revenue.,The company's gross margin contracted despite stable revenue.,El margen bruto de la empresa se expandió a pesar de los ingresos estables.,El margen bruto de la empresa se contrajo a pesar de los ingresos estables.,1,-1
P054,margin,controlled_synthetic_flame_inspired,negative,Profit margin decreased from 11 percent to 9 percent.,Profit margin increased from 9 percent to 11 percent.,El margen de ganancias disminuyó del 11 por ciento al 9 por ciento.,El margen de ganancias aumentó del 9 por ciento al 11 por ciento.,-1,1
P055,contract_realization,controlled_synthetic_flame_inspired,positive,The company secured a major five-year customer contract.,The company failed to secure a major five-year customer contract.,La compañía obtuvo un importante contrato de cliente de cinco años.,La compañía no consiguió un importante contrato de cliente de cinco años.,1,-1
P056,contract_realization,controlled_synthetic_flame_inspired,negative,The company failed to win a large government supply contract.,The company won a large government supply contract.,La compañía no logró ganar un gran contrato de suministro gubernamental.,La compañía ganó un gran contrato de suministro gubernamental.,-1,1
P057,contract_realization,controlled_synthetic_flame_inspired,positive,The company was awarded a multi-year infrastructure contract.,The company was not awarded a multi-year infrastructure contract.,La empresa recibió un contrato de infraestructura plurianual.,La empresa no recibió un contrato de infraestructura plurianual.,1,-1
P058,contract_realization,controlled_synthetic_flame_inspired,negative,The company failed to sign a major customer agreement.,The company signed a major customer agreement.,La compañía no firmó un importante acuerdo con el cliente.,La compañía firmó un importante acuerdo con el cliente.,-1,1
P059,contract_realization,controlled_synthetic_flame_inspired,positive,The company secured a contract worth USD 300 million.,The company failed to secure a contract worth USD 300 million.,La compañía obtuvo un contrato por valor de 300 millones de dólares.,La compañía no consiguió un contrato por valor de 300 millones de dólares.,1,-1
P060,contract_realization,controlled_synthetic_flame_inspired,negative,The company failed to win the tender for a large industrial project.,The company won the tender for a large industrial project.,La empresa no logró ganar la licitación para un gran proyecto industrial.,La empresa ganó la licitación para un gran proyecto industrial.,-1,1
