pair_id,family,source_type,original_direction,original_en,counterfactual_en,original_ar_nllb,counterfactual_ar_nllb,expected_original,expected_counterfactual
P001,profit_direction,controlled_synthetic_flame_inspired,positive,The company reported that operating profit increased from EUR 40 million to EUR 52 million.,The company reported that operating profit decreased from EUR 52 million to EUR 40 million.,أعلنت الشركة أن الربح التشغيلي ارتفع من 40 مليون إلى 52 مليون يورو.,أعلنت الشركة أن الربح التشغيلي انخفض من 52 مليون يورو إلى 40 مليون يورو.,1,-1
P002,profit_direction,controlled_synthetic_flame_inspired,negative,The company reported that net profit fell by 18 percent year over year.,The company reported that net profit rose by 18 percent year over year.,أعلنت الشركة أن صافي الأرباح انخفض بنسبة 18 في المائة سنوياً على أساس سنوي.,أعلنت الشركة أن صافي الأرباح ارتفع بنسبة 18 في المائة سنوياً.,-1,1
P003,profit_direction,controlled_synthetic_flame_inspired,positive,Quarterly profit increased to USD 85 million from USD 70 million a year earlier.,Quarterly profit decreased to USD 70 million from USD 85 million a year earlier.,ارتفع الربح الربعي إلى 85 مليون دولار أمريكي من 70 مليون دولار أمريكي في العام السابق.,انخفضت الأرباح الربعية إلى 70 مليون دولار أمريكي من 85 مليون دولار أمريكي في العام السابق.,1,-1
P004,profit_direction,controlled_synthetic_flame_inspired,negative,The company said annual profit declined despite stable revenue.,The company said annual profit grew despite stable revenue.,قالت الشركة إن الأرباح السنوية انخفضت على الرغم من استقرار الإيرادات.,قالت الشركة إن الربح السنوي نمت على الرغم من استقرار الإيرادات.,-1,1
P005,profit_direction,controlled_synthetic_flame_inspired,positive,Operating profit increased by 14 percent compared with the previous quarter.,Operating profit decreased by 14 percent compared with the previous quarter.,ارتفع الربح التشغيلي بنسبة 14 في المائة مقارنة بالربع السابق.,انخفض الربح التشغيلي بنسبة 14 في المائة مقارنة بالربع السابق.,1,-1
P006,profit_direction,controlled_synthetic_flame_inspired,negative,Net income decreased from USD 145 million to USD 120 million.,Net income increased from USD 120 million to USD 145 million.,انخفض صافي الدخل من 145 مليون دولار أمريكي إلى 120 مليون دولار أمريكي.,ارتفع صافي الدخل من 120 مليون دولار أمريكي إلى 145 مليون دولار أمريكي.,-1,1
P007,profit_direction,controlled_synthetic_flame_inspired,positive,The company recorded a 9 percent increase in full-year profit.,The company recorded a 9 percent decrease in full-year profit.,سجلت الشركة زيادة بنسبة 9 في المائة في أرباح السنة الكاملة.,سجلت الشركة انخفاضًا بنسبة 9 في المائة في أرباح السنة الكاملة.,1,-1
P008,profit_direction,controlled_synthetic_flame_inspired,negative,Profit fell to EUR 190 million from EUR 210 million.,Profit rose to EUR 210 million from EUR 190 million.,انخفضت الأرباح إلى 190 مليون يورو من 210 مليون يورو.,ارتفع الربح إلى 210 مليون يورو من 190 مليون يورو.,-1,1
P009,loss_direction,controlled_synthetic_flame_inspired,positive,The company narrowed its operating loss from USD 30 million to USD 18 million.,The company widened its operating loss from USD 18 million to USD 30 million.,خفضت الشركة خسائرها التشغيلي من 30 مليون دولار أمريكي إلى 18 مليون دولار أمريكي.,وسعت الشركة خسائرها التشغيلي من 18 مليون دولار أمريكي إلى 30 مليون دولار أمريكي.,1,-1
P010,loss_direction,controlled_synthetic_flame_inspired,negative,The company's quarterly net loss increased by 25 percent.,The company's quarterly net loss decreased by 25 percent.,ارتفع صافي الخسارة الربعية للشركة بنسبة 25 في المائة.,انخفض صافي الخسارة الربعية للشركة بنسبة 25 في المائة.,-1,1
P011,loss_direction,controlled_synthetic_flame_inspired,positive,The company reduced its annual loss to EUR 12 million from EUR 20 million.,The company increased its annual loss to EUR 20 million from EUR 12 million.,خفضت الشركة خسائرها السنوي إلى 12 مليون يورو من 20 مليون يورو.,وزادت الشركة خسائرها السنوي إلى 20 مليون يورو من 12 مليون يورو.,1,-1
P012,loss_direction,controlled_synthetic_flame_inspired,negative,Operating losses widened significantly during the quarter.,Operating losses narrowed significantly during the quarter.,ارتفعت الخسائر التشغيلية بشكل كبير خلال الربع.,انخفضت الخسائر التشغيلية بشكل كبير خلال الربع.,-1,1
P013,loss_direction,controlled_synthetic_flame_inspired,positive,The net loss fell from USD 44 million to USD 31 million.,The net loss rose from USD 31 million to USD 44 million.,انخفض الخسارة الصافية من 44 مليون دولار أمريكي إلى 31 مليون دولار أمريكي.,ارتفع الخسارة الصافية من 31 مليون دولار أمريكي إلى 44 مليون دولار أمريكي.,1,-1
P014,loss_direction,controlled_synthetic_flame_inspired,negative,The company's loss increased for the third consecutive quarter.,The company's loss decreased for the third consecutive quarter.,زادت خسائر الشركة للربع الثالث على التوالي.,انخفض خسائر الشركة للربع الثالث على التوالي.,-1,1
P015,loss_direction,controlled_synthetic_flame_inspired,positive,The company reported a smaller operating loss than in the prior year.,The company reported a larger operating loss than in the prior year.,أبلغت الشركة عن خسارة تشغيلية أقل من السنة السابقة.,أبلغت الشركة عن خسائر أكبر في التشغيل مقارنة بالعام السابق.,1,-1
P016,loss_direction,controlled_synthetic_flame_inspired,negative,The company's pre-tax loss widened from GBP 8 million to GBP 18 million.,The company's pre-tax loss narrowed from GBP 18 million to GBP 8 million.,وتوسعت خسائر الشركة قبل الضرائب من 8 ملايين جنيه إسترليني إلى 18 مليون جنيه إسترليني.,انخفض خسارة الشركة قبل الضرائب من 18 مليون جنيه إسترليني إلى 8 ملايين جنيه إسترليني.,-1,1
P017,cost_direction,controlled_synthetic_flame_inspired,positive,The company reduced operating costs by 12 percent.,The company increased operating costs by 12 percent.,خفضت الشركة تكاليف التشغيل بنسبة 12 بالمئة.,زادت الشركة من تكاليف التشغيل بنسبة 12 بالمئة.,1,-1
P018,cost_direction,controlled_synthetic_flame_inspired,negative,Quarterly expenses rose from USD 82 million to USD 95 million.,Quarterly expenses fell from USD 95 million to USD 82 million.,ارتفعت النفقات الربعية من 82 مليون دولار أمريكي إلى 95 مليون دولار أمريكي.,انخفضت النفقات الربعية من 95 مليون دولار أمريكي إلى 82 مليون دولار أمريكي.,-1,1
P019,cost_direction,controlled_synthetic_flame_inspired,positive,The company reported lower production costs during the quarter.,The company reported higher production costs during the quarter.,أبلغت الشركة عن انخفاض تكاليف الإنتاج خلال الربع.,أبلغت الشركة عن ارتفاع تكاليف الإنتاج خلال الربع.,1,-1
P020,cost_direction,controlled_synthetic_flame_inspired,negative,Operating expenses increased by 7 percent year over year.,Operating expenses decreased by 7 percent year over year.,ارتفعت نفقات التشغيل بنسبة 7 بالمئة سنوياً,انخفضت النفقات التشغيلية بنسبة 7 بالمئة على أساس سنوي,-1,1
P021,cost_direction,controlled_synthetic_flame_inspired,positive,The company cut logistics costs from EUR 28 million to EUR 21 million.,The company raised logistics costs from EUR 21 million to EUR 28 million.,خفضت الشركة تكاليف اللوجستية من 28 مليون يورو إلى 21 مليون يورو.,رفع الشركة تكاليف اللوجستية من 21 مليون يورو إلى 28 مليون يورو.,1,-1
P022,cost_direction,controlled_synthetic_flame_inspired,negative,Administrative expenses increased during the first half of the year.,Administrative expenses declined during the first half of the year.,ارتفعت النفقات الإدارية خلال النصف الأول من العام.,انخفضت النفقات الإدارية خلال النصف الأول من العام.,-1,1
P023,cost_direction,controlled_synthetic_flame_inspired,positive,The company reduced its cost base by USD 50 million.,The company increased its cost base by USD 50 million.,خفضت الشركة قاعدة التكاليف بمقدار 50 مليون دولار أمريكي.,وزادت الشركة قاعدة التكاليف بمقدار 50 مليون دولار أمريكي.,1,-1
P024,cost_direction,controlled_synthetic_flame_inspired,negative,Manufacturing costs rose by 10 percent compared with the previous quarter.,Manufacturing costs fell by 10 percent compared with the previous quarter.,ارتفعت تكاليف التصنيع بنسبة 10 بالمئة مقارنة بالربع السابق.,انخفضت تكاليف التصنيع بنسبة 10 بالمئة مقارنة بالربع السابق.,-1,1
P025,revenue_direction,controlled_synthetic_flame_inspired,positive,Quarterly revenue increased by 12 percent year over year.,Quarterly revenue decreased by 12 percent year over year.,الإيرادات الربعية زادت بنسبة 12 في المائة سنوياً على أساس سنوي.,انخفضت الإيرادات الربعية بنسبة 12 بالمئة على أساس سنوي.,1,-1
P026,revenue_direction,controlled_synthetic_flame_inspired,negative,Sales fell from EUR 680 million to EUR 600 million.,Sales rose from EUR 600 million to EUR 680 million.,انخفضت المبيعات من 680 مليون يورو إلى 600 مليون يورو.,ارتفعت المبيعات من 600 مليون يورو إلى 680 مليون يورو.,-1,1
P027,revenue_direction,controlled_synthetic_flame_inspired,positive,The company reported higher revenue in all major business segments.,The company reported lower revenue in all major business segments.,أبلغت الشركة عن زيادة الإيرادات في جميع قطاعات الأعمال الرئيسية.,أبلغت الشركة عن انخفاض في الإيرادات في جميع قطاعات الأعمال الرئيسية.,1,-1
P028,revenue_direction,controlled_synthetic_flame_inspired,negative,Full-year revenue declined by 9 percent.,Full-year revenue grew by 9 percent.,انخفضت إيرادات السنة بأكملها بنسبة 9 بالمئة,إيرادات السنة الكاملة زادت بنسبة 9 في المائة.,-1,1
P029,revenue_direction,controlled_synthetic_flame_inspired,positive,Quarterly sales increased to USD 1.2 billion from USD 1.0 billion.,Quarterly sales decreased to USD 1.0 billion from USD 1.2 billion.,ارتفعت المبيعات الربعية إلى 1.2 مليار دولار أمريكي من 1.0 مليار دولار أمريكي.,انخفضت المبيعات الربعية إلى 1.0 مليار دولار أمريكي من 1.2 مليار دولار أمريكي.,1,-1
P030,revenue_direction,controlled_synthetic_flame_inspired,negative,Revenue fell for the fourth consecutive quarter.,Revenue rose for the fourth consecutive quarter.,انخفضت الإيرادات للربع الرابع على التوالي,ارتفعت الإيرادات للربع الرابع على التوالي.,-1,1
P031,revenue_direction,controlled_synthetic_flame_inspired,positive,The company recorded a 15 percent increase in annual sales.,The company recorded a 15 percent decrease in annual sales.,سجلت الشركة زيادة بنسبة 15 بالمئة في المبيعات السنوية.,سجلت الشركة انخفاضًا بنسبة 15 في المائة في المبيعات السنوية.,1,-1
P032,revenue_direction,controlled_synthetic_flame_inspired,negative,Revenue declined to EUR 870 million from EUR 950 million.,Revenue improved to EUR 950 million from EUR 870 million.,انخفضت الإيرادات إلى 870 مليون يورو من 950 مليون يورو.,تحسن الإيرادات إلى 950 مليون يورو من 870 مليون يورو.,-1,1
P033,earnings_expectations,controlled_synthetic_flame_inspired,positive,"The company reported earnings per share of USD 2.10, above analyst expectations of USD 1.80.","The company reported earnings per share of USD 1.50, below analyst expectations of USD 1.80.",أعلنت الشركة عن أرباح للسهم الواحد بقيمة 2.10 دولار أمريكي، تتجاوز توقعات المحللين بقيمة 1.80 دولار أمريكي.,أبلغت الشركة عن أرباح للسهم الواحد بنحو 1،50 دولار أمريكي، أقل من توقعات المحللين بنحو 1،80 دولار أمريكي.,1,-1
P034,earnings_expectations,controlled_synthetic_flame_inspired,negative,Quarterly revenue missed analyst estimates by 8 percent.,Quarterly revenue exceeded analyst estimates by 8 percent.,الإيرادات الربعية تخطت تقديرات المحللين بنسبة 8 بالمئة,الإيرادات الربعية تجاوزت تقديرات المحللين بنسبة 8 في المائة.,-1,1
P035,earnings_expectations,controlled_synthetic_flame_inspired,positive,The company reported profit above the market consensus.,The company reported profit below the market consensus.,أبلغت الشركة عن ربح أعلى من توافق السوق.,أبلغت الشركة عن أرباح أقل من توافق السوق.,1,-1
P036,earnings_expectations,controlled_synthetic_flame_inspired,negative,Earnings per share missed analysts' forecasts.,Earnings per share beat analysts' forecasts.,الأرباح للسهم تفتقد توقعات المحللين,الأرباح لكل سهم تفوق توقعات المحللين,-1,1
P037,earnings_expectations,controlled_synthetic_flame_inspired,positive,Revenue came in higher than analysts had expected.,Revenue came in lower than analysts had expected.,الإيرادات كانت أعلى مما توقعته المحللون.,الإيرادات كانت أقل مما توقعته المحللون.,1,-1
P038,earnings_expectations,controlled_synthetic_flame_inspired,negative,Quarterly earnings fell short of the consensus estimate.,Quarterly earnings surpassed the consensus estimate.,كانت الأرباح الربعية أقل من تقديرات الإجماع.,الأرباح الربعية تجاوزت تقديرات الإجماع.,-1,1
P039,earnings_expectations,controlled_synthetic_flame_inspired,positive,The company exceeded analysts' earnings expectations for the quarter.,The company fell below analysts' earnings expectations for the quarter.,تجاوزت الشركة توقعات المحللين عن الأرباح في الربع.,انخفضت الشركة عن توقعات المحللين في الربع.,1,-1
P040,earnings_expectations,controlled_synthetic_flame_inspired,negative,Reported revenue was below the consensus forecast.,Reported revenue was above the consensus forecast.,كانت الإيرادات المبلغ عنها أقل من توقعات الإجماع.,كانت الإيرادات المبلغ عنها أعلى من توقعات الإجماع.,-1,1
P041,guidance,controlled_synthetic_flame_inspired,positive,Management raised its full-year revenue guidance.,Management lowered its full-year revenue guidance.,رفعت الإدارة تقديرات إيراداتها السنوية الكاملة.,خفضت الإدارة توقعاتها الإيرادات السنوية الكاملة.,1,-1
P042,guidance,controlled_synthetic_flame_inspired,negative,The company reduced its annual earnings outlook.,The company increased its annual earnings outlook.,خفضت الشركة توقعات أرباحها السنوية.,وزادت الشركة توقعاتها السنوية للأرباح.,-1,1
P043,guidance,controlled_synthetic_flame_inspired,positive,Management upgraded its forecast for full-year operating profit.,Management downgraded its forecast for full-year operating profit.,قام الإدارة بتحديث توقعاتها لربح التشغيل السنوي الكامل.,خفضت الإدارة تقديراتها للأرباح التشغيلية السنوية الكاملة.,1,-1
P044,guidance,controlled_synthetic_flame_inspired,negative,The company cut its expected revenue range for the year.,The company lifted its expected revenue range for the year.,خفضت الشركة نطاق إيراداتها المتوقعة لهذا العام.,رفعت الشركة نطاق عائداتها المتوقعة لهذا العام.,-1,1
P045,guidance,controlled_synthetic_flame_inspired,positive,Management raised its expected earnings per share for the full year.,Management lowered its expected earnings per share for the full year.,رفع الإدارة أرباحها المتوقعة للسهم للسنة الكاملة.,خفضت الإدارة أرباحها المتوقعة للسهم للعام بأكمله.,1,-1
P046,guidance,controlled_synthetic_flame_inspired,negative,The company lowered its forecast for annual sales growth.,The company raised its forecast for annual sales growth.,خفضت الشركة توقعاتها لنمو المبيعات السنوية.,رفعت الشركة توقعاتها لنمو المبيعات السنوية.,-1,1
P047,guidance,controlled_synthetic_flame_inspired,positive,Management raised its profitability outlook for the coming year.,Management lowered its profitability outlook for the coming year.,رفع الإدارة توقعات ربحيتها للسنة المقبلة.,خفضت الإدارة توقعات ربحيتها للعام المقبل.,1,-1
P048,guidance,controlled_synthetic_flame_inspired,negative,The company lowered the lower end of its full-year earnings forecast.,The company raised the lower end of its full-year earnings forecast.,خفضت الشركة نهاية أسفل توقعات أرباحها السنوية الكاملة.,رفعت الشركة نهاية أسفل توقعاتها للأرباح السنوية الكاملة.,-1,1
P049,margin,controlled_synthetic_flame_inspired,positive,The company's operating margin expanded from 12 percent to 16 percent.,The company's operating margin contracted from 16 percent to 12 percent.,ارتفعت هامش التشغيل للشركة من 12 في المائة إلى 16 في المائة.,انخفضت الهامش التشغيلي للشركة من 16 في المائة إلى 12 في المائة.,1,-1
P050,margin,controlled_synthetic_flame_inspired,negative,Gross margin decreased by three percentage points.,Gross margin increased by three percentage points.,انخفضت الهامش الإجمالي بثلاث نقاط مئوية.,ارتفع الهامش الإجمالي بثلاث نقاط مئوية.,-1,1
P051,margin,controlled_synthetic_flame_inspired,positive,The company reported wider operating margins during the quarter.,The company reported narrower operating margins during the quarter.,أبلغت الشركة عن هامش عمل أوسع خلال الربع.,أبلغت الشركة عن انخفاض هامش التشغيل خلال الربع.,1,-1
P052,margin,controlled_synthetic_flame_inspired,negative,Operating margin deteriorated to 15 percent from 18 percent.,Operating margin improved to 18 percent from 15 percent.,انخفضت هامش التشغيل إلى 15 في المائة من 18 في المائة.,تحسن هامش التشغيل إلى 18 في المائة من 15 في المائة.,-1,1
P053,margin,controlled_synthetic_flame_inspired,positive,The company's gross margin expanded despite stable revenue.,The company's gross margin contracted despite stable revenue.,ارتفعت هامش الشركة الإجمالي على الرغم من استقرار الإيرادات.,تراجعت هامش الشركة الإجمالي على الرغم من استقرار الإيرادات.,1,-1
P054,margin,controlled_synthetic_flame_inspired,negative,Profit margin decreased from 11 percent to 9 percent.,Profit margin increased from 9 percent to 11 percent.,انخفض هامش الأرباح من 11 في المائة إلى 9 في المائة.,ارتفع هامش الأرباح من 9 في المائة إلى 11 في المائة.,-1,1
P055,contract_realization,controlled_synthetic_flame_inspired,positive,The company secured a major five-year customer contract.,The company failed to secure a major five-year customer contract.,حصلت الشركة على عقد عميل كبير لمدة خمس سنوات.,فشلت الشركة في تأمين عقد عميل كبير لمدة خمس سنوات.,1,-1
P056,contract_realization,controlled_synthetic_flame_inspired,negative,The company failed to win a large government supply contract.,The company won a large government supply contract.,فشلت الشركة في الفوز بعقد إمدادات حكومي كبير.,فازت الشركة بعقد إمدادات حكومي كبير.,-1,1
P057,contract_realization,controlled_synthetic_flame_inspired,positive,The company was awarded a multi-year infrastructure contract.,The company was not awarded a multi-year infrastructure contract.,تم منح الشركة عقدًا متعدد السنوات على البنية التحتية.,لم يتم منح الشركة عقدًا متعدد السنوات على البنية التحتية.,1,-1
P058,contract_realization,controlled_synthetic_flame_inspired,negative,The company failed to sign a major customer agreement.,The company signed a major customer agreement.,فشلت الشركة في توقيع اتفاقية عملاء كبيرة.,وقعت الشركة اتفاقية عملاء كبيرة.,-1,1
P059,contract_realization,controlled_synthetic_flame_inspired,positive,The company secured a contract worth USD 300 million.,The company failed to secure a contract worth USD 300 million.,حصلت الشركة على عقد بقيمة 300 مليون دولار أمريكي.,فشلت الشركة في تأمين عقد بقيمة 300 مليون دولار.,1,-1
P060,contract_realization,controlled_synthetic_flame_inspired,negative,The company failed to win the tender for a large industrial project.,The company won the tender for a large industrial project.,فشلت الشركة في الفوز بالمناقصة لمشروع صناعي كبير.,فازت الشركة بالمناقصة لمشروع صناعي كبير.,-1,1
