pair_id,family,source_type,original_direction,original_en,counterfactual_en,original_ja_nllb,counterfactual_ja_nllb,expected_original,expected_counterfactual
P001,profit_direction,controlled_synthetic_flame_inspired,positive,The company reported that operating profit increased from EUR 40 million to EUR 52 million.,The company reported that operating profit decreased from EUR 52 million to EUR 40 million.,"同社は,運用利益が4千万ユーロから5200万ユーロに増加したと報告した.","同社は,運用利益が5200万ユーロから4000万ユーロに減少したと報告した.",1,-1
P002,profit_direction,controlled_synthetic_flame_inspired,negative,The company reported that net profit fell by 18 percent year over year.,The company reported that net profit rose by 18 percent year over year.,同社は純利益が年比18%減少したと報告した.,同社は純利益が年比18%増加したと報告した.,-1,1
P003,profit_direction,controlled_synthetic_flame_inspired,positive,Quarterly profit increased to USD 85 million from USD 70 million a year earlier.,Quarterly profit decreased to USD 70 million from USD 85 million a year earlier.,"季度利益は,前年7000万ドルから8500万ドルに増加した.",季度利益は前年8500万ドルから7000万ドルに減少した.,1,-1
P004,profit_direction,controlled_synthetic_flame_inspired,negative,The company said annual profit declined despite stable revenue.,The company said annual profit grew despite stable revenue.,同社は年間利益は安定した収益にもかかわらず減少したと述べた.,同社は年間利益は安定した収益にもかかわらず増加したと述べた.,-1,1
P005,profit_direction,controlled_synthetic_flame_inspired,positive,Operating profit increased by 14 percent compared with the previous quarter.,Operating profit decreased by 14 percent compared with the previous quarter.,前四半期と比較して営業利益は14%増加した.,前四半期と比較して営業利益は14%減少した.,1,-1
P006,profit_direction,controlled_synthetic_flame_inspired,negative,Net income decreased from USD 145 million to USD 120 million.,Net income increased from USD 120 million to USD 145 million.,純収入は145億ドルから1億2000万ドルに減少した.,純収入は1億2000万ドルから14500万ドルに増加した.,-1,1
P007,profit_direction,controlled_synthetic_flame_inspired,positive,The company recorded a 9 percent increase in full-year profit.,The company recorded a 9 percent decrease in full-year profit.,同社は全年利益の9パーセント増加を記録した.,同社は全年利益の9パーセント減少を記録した.,1,-1
P008,profit_direction,controlled_synthetic_flame_inspired,negative,Profit fell to EUR 190 million from EUR 210 million.,Profit rose to EUR 210 million from EUR 190 million.,利益は2億1000万ユーロから190億ユーロに減少した.,利益は190億ユーロから2億1000万ユーロに上昇した.,-1,1
P009,loss_direction,controlled_synthetic_flame_inspired,positive,The company narrowed its operating loss from USD 30 million to USD 18 million.,The company widened its operating loss from USD 18 million to USD 30 million.,同社は運用損失を3000万ドルから1800万ドルに縮小した.,同社は事業損失を1800万ドルから3000万ドルに拡大した.,1,-1
P010,loss_direction,controlled_synthetic_flame_inspired,negative,The company's quarterly net loss increased by 25 percent.,The company's quarterly net loss decreased by 25 percent.,会社の四半期純損失は25%増加した.,会社の四半期純損失は25%減少した.,-1,1
P011,loss_direction,controlled_synthetic_flame_inspired,positive,The company reduced its annual loss to EUR 12 million from EUR 20 million.,The company increased its annual loss to EUR 20 million from EUR 12 million.,同社は年間損失を2000万ユーロから1200万ユーロに削減した.,同社は年間損失を1200万ユーロから2000万ユーロに増加させた.,1,-1
P012,loss_direction,controlled_synthetic_flame_inspired,negative,Operating losses widened significantly during the quarter.,Operating losses narrowed significantly during the quarter.,営業損失は四半期に大幅に拡大した.,営業損失は四半期に大幅に減少した.,-1,1
P013,loss_direction,controlled_synthetic_flame_inspired,positive,The net loss fell from USD 44 million to USD 31 million.,The net loss rose from USD 31 million to USD 44 million.,純損失は4400万ドルから3100万ドルに減少した.,純損失は3100万ドルから4400万ドルに増加した.,1,-1
P014,loss_direction,controlled_synthetic_flame_inspired,negative,The company's loss increased for the third consecutive quarter.,The company's loss decreased for the third consecutive quarter.,同社の損失は3年連続で増加した.,同社の損失は3年連続で減少した.,-1,1
P015,loss_direction,controlled_synthetic_flame_inspired,positive,The company reported a smaller operating loss than in the prior year.,The company reported a larger operating loss than in the prior year.,同社は前年よりも小規模な営業損失を報告した.,同社は前年よりも大きな営業損失を報告した.,1,-1
P016,loss_direction,controlled_synthetic_flame_inspired,negative,The company's pre-tax loss widened from GBP 8 million to GBP 18 million.,The company's pre-tax loss narrowed from GBP 18 million to GBP 8 million.,税前損失は800万ポンドから1800万ポンドに拡大した.,税前損失は1800万ポンドから800万ポンドに縮小した.,-1,1
P017,cost_direction,controlled_synthetic_flame_inspired,positive,The company reduced operating costs by 12 percent.,The company increased operating costs by 12 percent.,会社は運営コストを12パーセント削減した.,同社は運営コストを12パーセント増加させた.,1,-1
P018,cost_direction,controlled_synthetic_flame_inspired,negative,Quarterly expenses rose from USD 82 million to USD 95 million.,Quarterly expenses fell from USD 95 million to USD 82 million.,季度支出は8200万米ドルから9500万米ドルに増加した.,季度支出は9500万米ドルから8200万米ドルに減少した.,-1,1
P019,cost_direction,controlled_synthetic_flame_inspired,positive,The company reported lower production costs during the quarter.,The company reported higher production costs during the quarter.,"同社は,四半期間に生産コストが低かったと報告した.",同社は四半期間に生産コストが上昇したと報じた.,1,-1
P020,cost_direction,controlled_synthetic_flame_inspired,negative,Operating expenses increased by 7 percent year over year.,Operating expenses decreased by 7 percent year over year.,運営費は 年比で7パーセント増加しました,運営費は 年比で7パーセント減少しました,-1,1
P021,cost_direction,controlled_synthetic_flame_inspired,positive,The company cut logistics costs from EUR 28 million to EUR 21 million.,The company raised logistics costs from EUR 21 million to EUR 28 million.,同社は物流コストを2800万ユーロから2100万ユーロに削減した.,同社は物流コストを2100万ユーロから2800万ユーロに引き上げました.,1,-1
P022,cost_direction,controlled_synthetic_flame_inspired,negative,Administrative expenses increased during the first half of the year.,Administrative expenses declined during the first half of the year.,年上半期の行政支出は増加した.,年上半期の行政支出は減少した.,-1,1
P023,cost_direction,controlled_synthetic_flame_inspired,positive,The company reduced its cost base by USD 50 million.,The company increased its cost base by USD 50 million.,同社はコストベースを5000万ドル削減した.,同社はコストベースを5000万ドル増加させた.,1,-1
P024,cost_direction,controlled_synthetic_flame_inspired,negative,Manufacturing costs rose by 10 percent compared with the previous quarter.,Manufacturing costs fell by 10 percent compared with the previous quarter.,製造コストは前四半期と比較して10%増加した.,製造コストは前四半期と比較して10%減少した.,-1,1
P025,revenue_direction,controlled_synthetic_flame_inspired,positive,Quarterly revenue increased by 12 percent year over year.,Quarterly revenue decreased by 12 percent year over year.,季度収入は年比12%増加しました,季度収入は年比12%減少しました,1,-1
P026,revenue_direction,controlled_synthetic_flame_inspired,negative,Sales fell from EUR 680 million to EUR 600 million.,Sales rose from EUR 600 million to EUR 680 million.,売上は68000万ユーロから60000万ユーロに減少した.,売上は6億6000万ユーロから6億8000万ユーロに増加した.,-1,1
P027,revenue_direction,controlled_synthetic_flame_inspired,positive,The company reported higher revenue in all major business segments.,The company reported lower revenue in all major business segments.,同社はすべての主要事業部門で収益が増加したと報告した.,同社はすべての主要事業部門で収益が低下したと報告した.,1,-1
P028,revenue_direction,controlled_synthetic_flame_inspired,negative,Full-year revenue declined by 9 percent.,Full-year revenue grew by 9 percent.,年間収入は9%減少しました,年間収入は9パーセント増加しました,-1,1
P029,revenue_direction,controlled_synthetic_flame_inspired,positive,Quarterly sales increased to USD 1.2 billion from USD 1.0 billion.,Quarterly sales decreased to USD 1.0 billion from USD 1.2 billion.,季度売上は10億ドルから12億ドルに増加した.,季度売上は12億ドルから10億ドルに減少した.,1,-1
P030,revenue_direction,controlled_synthetic_flame_inspired,negative,Revenue fell for the fourth consecutive quarter.,Revenue rose for the fourth consecutive quarter.,収入は4年連続で減少した.,収入は4年連続で上昇した.,-1,1
P031,revenue_direction,controlled_synthetic_flame_inspired,positive,The company recorded a 15 percent increase in annual sales.,The company recorded a 15 percent decrease in annual sales.,同社は年間売上高の15%増加を記録した.,年間売上は15%減少した.,1,-1
P032,revenue_direction,controlled_synthetic_flame_inspired,negative,Revenue declined to EUR 870 million from EUR 950 million.,Revenue improved to EUR 950 million from EUR 870 million.,収益は9億5千万ユーロから8億7000万ユーロに減少した.,収入は870万ユーロから9億5千万ユーロに向上した.,-1,1
P033,earnings_expectations,controlled_synthetic_flame_inspired,positive,"The company reported earnings per share of USD 2.10, above analyst expectations of USD 1.80.","The company reported earnings per share of USD 1.50, below analyst expectations of USD 1.80.","同社は1株あたり2.10米ドルの利益を報告し,分析者の予想より1.80米ドルを上回った.","同社は1株あたり1.50ドルの利益を報告し,分析者の予想より1.80ドルを下回った.",1,-1
P034,earnings_expectations,controlled_synthetic_flame_inspired,negative,Quarterly revenue missed analyst estimates by 8 percent.,Quarterly revenue exceeded analyst estimates by 8 percent.,分析師の予想では 売上は8パーセントに 落下した.,分析師の予想を8%上回った四半期収益,-1,1
P035,earnings_expectations,controlled_synthetic_flame_inspired,positive,The company reported profit above the market consensus.,The company reported profit below the market consensus.,同社は市場合意を超えた利益を報告した.,同社は市場合意を下回った利益を報告した.,1,-1
P036,earnings_expectations,controlled_synthetic_flame_inspired,negative,Earnings per share missed analysts' forecasts.,Earnings per share beat analysts' forecasts.,分析師の予測を 落とした1株あたりの利益,分析師の予測を上回った1株の利益.,-1,1
P037,earnings_expectations,controlled_synthetic_flame_inspired,positive,Revenue came in higher than analysts had expected.,Revenue came in lower than analysts had expected.,分析者が予想していたよりも収入が上がった.,分析者が予想していたよりも低所得でした,1,-1
P038,earnings_expectations,controlled_synthetic_flame_inspired,negative,Quarterly earnings fell short of the consensus estimate.,Quarterly earnings surpassed the consensus estimate.,季度収入は共識の推定値を下回った.,季度収入は合意の推定を上回った.,-1,1
P039,earnings_expectations,controlled_synthetic_flame_inspired,positive,The company exceeded analysts' earnings expectations for the quarter.,The company fell below analysts' earnings expectations for the quarter.,同社は四半期における分析者の収益予想を上回った.,同社は四半期における分析者の収益予想を下回った.,1,-1
P040,earnings_expectations,controlled_synthetic_flame_inspired,negative,Reported revenue was below the consensus forecast.,Reported revenue was above the consensus forecast.,報告された収益は合意予想を下回った.,報告された収益は合意予想を超えた.,-1,1
P041,guidance,controlled_synthetic_flame_inspired,positive,Management raised its full-year revenue guidance.,Management lowered its full-year revenue guidance.,経営陣は全年の収益見通しを上げました.,経営陣は全年の収益見通しを下げました.,1,-1
P042,guidance,controlled_synthetic_flame_inspired,negative,The company reduced its annual earnings outlook.,The company increased its annual earnings outlook.,同社は年収見通しを削減した.,同社は年収見通しを増やした.,-1,1
P043,guidance,controlled_synthetic_flame_inspired,positive,Management upgraded its forecast for full-year operating profit.,Management downgraded its forecast for full-year operating profit.,経営陣は全年営業利益予測をアップグレードした.,経営陣は全年営業利益予測を低評価した.,1,-1
P044,guidance,controlled_synthetic_flame_inspired,negative,The company cut its expected revenue range for the year.,The company lifted its expected revenue range for the year.,同社は今年の予想収益範囲を削減した.,"同社は,今年の予想収益範囲を上げました.",-1,1
P045,guidance,controlled_synthetic_flame_inspired,positive,Management raised its expected earnings per share for the full year.,Management lowered its expected earnings per share for the full year.,経営陣は全年1株の予想収益を上げました,経営陣は全年1株の予想利益を低下させた.,1,-1
P046,guidance,controlled_synthetic_flame_inspired,negative,The company lowered its forecast for annual sales growth.,The company raised its forecast for annual sales growth.,同社は年間売上成長予測を低下させた.,同社は年間売上成長予測を上げました.,-1,1
P047,guidance,controlled_synthetic_flame_inspired,positive,Management raised its profitability outlook for the coming year.,Management lowered its profitability outlook for the coming year.,経営陣は来年の収益性見通しを上げました,経営陣は来年の収益性の見通しを下げました,1,-1
P048,guidance,controlled_synthetic_flame_inspired,negative,The company lowered the lower end of its full-year earnings forecast.,The company raised the lower end of its full-year earnings forecast.,同社は全年収益予測の下端を低下させた.,同社は全年収益予測の下端を上げました.,-1,1
P049,margin,controlled_synthetic_flame_inspired,positive,The company's operating margin expanded from 12 percent to 16 percent.,The company's operating margin contracted from 16 percent to 12 percent.,会社の運用額は12%から16%に拡大した.,会社の運用額は16%から12%に縮小した.,1,-1
P050,margin,controlled_synthetic_flame_inspired,negative,Gross margin decreased by three percentage points.,Gross margin increased by three percentage points.,総利潤は3パーセントポイント減少した.,総利潤は3パーセントポイント増加した.,-1,1
P051,margin,controlled_synthetic_flame_inspired,positive,The company reported wider operating margins during the quarter.,The company reported narrower operating margins during the quarter.,同社は四半期により広範な運用幅を報告した.,"同社は,四半期間に運用幅が狭いと報告した.",1,-1
P052,margin,controlled_synthetic_flame_inspired,negative,Operating margin deteriorated to 15 percent from 18 percent.,Operating margin improved to 18 percent from 15 percent.,売上高は18%から15%に低下しました,15パーセントから18パーセントまで改善した.,-1,1
P053,margin,controlled_synthetic_flame_inspired,positive,The company's gross margin expanded despite stable revenue.,The company's gross margin contracted despite stable revenue.,同社の総利潤は安定した収益にもかかわらず拡大した.,同社の総利潤は安定した収益にもかかわらず縮小した.,1,-1
P054,margin,controlled_synthetic_flame_inspired,negative,Profit margin decreased from 11 percent to 9 percent.,Profit margin increased from 9 percent to 11 percent.,利潤率は11%から9%に減少しました,利潤率は 9%から 11%に増加しました,-1,1
P055,contract_realization,controlled_synthetic_flame_inspired,positive,The company secured a major five-year customer contract.,The company failed to secure a major five-year customer contract.,同社は重要な5年間の顧客契約を確保した.,会社は重要な5年間の顧客契約を確保できませんでした.,1,-1
P056,contract_realization,controlled_synthetic_flame_inspired,negative,The company failed to win a large government supply contract.,The company won a large government supply contract.,会社は政府からの大きな供給契約を勝ち取れなかった.,会社は政府からの大きな供給契約を勝ち取った.,-1,1
P057,contract_realization,controlled_synthetic_flame_inspired,positive,The company was awarded a multi-year infrastructure contract.,The company was not awarded a multi-year infrastructure contract.,同社は長年にわたるインフラストラクチャ契約を受賞した.,同社は長年にわたるインフラストラクチャ契約を締結しなかった.,1,-1
P058,contract_realization,controlled_synthetic_flame_inspired,negative,The company failed to sign a major customer agreement.,The company signed a major customer agreement.,会社は重要な顧客契約に署名できなかった.,同社は重要な顧客契約を締結した.,-1,1
P059,contract_realization,controlled_synthetic_flame_inspired,positive,The company secured a contract worth USD 300 million.,The company failed to secure a contract worth USD 300 million.,同社は3億ドルの契約を締結した.,同社は3億ドルの契約を締結できなかった.,1,-1
P060,contract_realization,controlled_synthetic_flame_inspired,negative,The company failed to win the tender for a large industrial project.,The company won the tender for a large industrial project.,同社は大規模な産業プロジェクトのための招標に勝てなかった.,同社は大規模な産業プロジェクトのための招標を勝ち取った.,-1,1
