language_a,language_b,overlap,n,mean_D
en,es,0.04854369,60,0.3793103448275862
en,de,0.03441296,60,0.3448275862068966
en,fr,0.06018519,60,0.3275862068965517
en,zh,0.03550296,60,0.3620689655172414
en,ja,0.0316092,60,0.7068965517241379
en,ar,0.02816901,60,1.2075471698113207
es,de,0.039783,60,0.4
es,fr,0.09433962,60,0.35
es,zh,0.02985075,60,0.38333333333333336
es,ja,0.02669903,60,0.65
es,ar,0.0244898,60,1.1272727272727272
de,fr,0.0506993,60,0.38333333333333336
de,zh,0.02494802,60,0.4166666666666667
de,ja,0.02240326,60,0.85
de,ar,0.02108963,60,1.2727272727272727
fr,zh,0.03286385,60,0.4
fr,ja,0.02745995,60,0.6666666666666666
fr,ar,0.02325581,60,1.1454545454545455
zh,ja,0.08945687,60,0.5666666666666667
zh,ar,0.02689487,60,0.9090909090909091
ja,ar,0.02631579,60,1.018181818181818
