language_a,language_b,n_compared,exact_label_agreement,agreement_percent
en,de,118,0.8559322033898306,85.59322033898306
es,fr,120,0.825,82.5
es,de,120,0.8166666666666667,81.66666666666667
en,fr,118,0.8135593220338984,81.35593220338984
de,fr,120,0.8083333333333333,80.83333333333333
en,es,118,0.8050847457627118,80.50847457627118
en,zh,118,0.8050847457627118,80.50847457627118
es,zh,120,0.7916666666666666,79.16666666666666
de,zh,120,0.775,77.5
fr,zh,120,0.7666666666666667,76.66666666666667
zh,ja,120,0.7083333333333334,70.83333333333334
es,ja,120,0.6583333333333333,65.83333333333333
fr,ja,120,0.625,62.5
en,ja,118,0.6186440677966102,61.86440677966102
de,ja,120,0.5583333333333333,55.833333333333336
de,ar,115,0.5304347826086957,53.04347826086957
zh,ar,115,0.5217391304347826,52.17391304347826
en,ar,113,0.5132743362831859,51.32743362831859
es,ar,115,0.48695652173913045,48.69565217391305
fr,ar,115,0.48695652173913045,48.69565217391305
ja,ar,115,0.4260869565217391,42.608695652173914
