pair_id,family,source_type,original_direction,original_en,counterfactual_en,original_ja,counterfactual_ja,expected_original,expected_counterfactual
P001,profit_direction,controlled_synthetic_flame_inspired,positive,The company reported that operating profit increased from EUR 40 million to EUR 52 million.,The company reported that operating profit decreased from EUR 52 million to EUR 40 million.,同社は、営業利益が4000万ユーロから5200万ユーロに増加したと報告した。,同社は、営業利益が5200万ユーロから4000万ユーロに減少したと報告した。,1,-1
P002,profit_direction,controlled_synthetic_flame_inspired,negative,The company reported that net profit fell by 18 percent year over year.,The company reported that net profit rose by 18 percent year over year.,同社は純利益が年比18%減少したと報告した.,同社は純利益が年比18%増加したと報告した.,-1,1
P003,profit_direction,controlled_synthetic_flame_inspired,positive,Quarterly profit increased to USD 85 million from USD 70 million a year earlier.,Quarterly profit decreased to USD 70 million from USD 85 million a year earlier.,四半期利益は前年の7000万ドルから8500万ドルに増加した。,四半期利益は前年の8500万ドルから7000万ドルに減少した。,1,-1
P004,profit_direction,controlled_synthetic_flame_inspired,negative,The company said annual profit declined despite stable revenue.,The company said annual profit grew despite stable revenue.,同社は年間利益は安定した収益にもかかわらず減少したと述べた.,同社は年間利益は安定した収益にもかかわらず増加したと述べた.,-1,1
P005,profit_direction,controlled_synthetic_flame_inspired,positive,Operating profit increased by 14 percent compared with the previous quarter.,Operating profit decreased by 14 percent compared with the previous quarter.,前四半期と比較して営業利益は14%増加した.,前四半期と比較して営業利益は14%減少した.,1,-1
P006,profit_direction,controlled_synthetic_flame_inspired,negative,Net income decreased from USD 145 million to USD 120 million.,Net income increased from USD 120 million to USD 145 million.,純利益は1億4500万ドルから1億2000万ドルに減少した。,純利益は1億2000万ドルから1億4500万ドルに増加した。,-1,1
P007,profit_direction,controlled_synthetic_flame_inspired,positive,The company recorded a 9 percent increase in full-year profit.,The company recorded a 9 percent decrease in full-year profit.,同社の通期利益は9%増加した。,同社の通期利益は9%減少した。,1,-1
P008,profit_direction,controlled_synthetic_flame_inspired,negative,Profit fell to EUR 190 million from EUR 210 million.,Profit rose to EUR 210 million from EUR 190 million.,利益は2億1000万ユーロから1億9000万ユーロに減少した。,利益は1億9000万ユーロから2億1000万ユーロに増加した。,-1,1
P009,loss_direction,controlled_synthetic_flame_inspired,positive,The company narrowed its operating loss from USD 30 million to USD 18 million.,The company widened its operating loss from USD 18 million to USD 30 million.,同社は営業損失を3000万ドルから1800万ドルに縮小した。,同社は営業損失を1800万ドルから3000万ドルに拡大した。,1,-1
P010,loss_direction,controlled_synthetic_flame_inspired,negative,The company's quarterly net loss increased by 25 percent.,The company's quarterly net loss decreased by 25 percent.,会社の四半期純損失は25%増加した.,会社の四半期純損失は25%減少した.,-1,1
P011,loss_direction,controlled_synthetic_flame_inspired,positive,The company reduced its annual loss to EUR 12 million from EUR 20 million.,The company increased its annual loss to EUR 20 million from EUR 12 million.,同社は年間損失を2000万ユーロから1200万ユーロに削減した.,同社は年間損失を1200万ユーロから2000万ユーロに増加させた.,1,-1
P012,loss_direction,controlled_synthetic_flame_inspired,negative,Operating losses widened significantly during the quarter.,Operating losses narrowed significantly during the quarter.,営業損失は四半期に大幅に拡大した.,営業損失は四半期に大幅に減少した.,-1,1
P013,loss_direction,controlled_synthetic_flame_inspired,positive,The net loss fell from USD 44 million to USD 31 million.,The net loss rose from USD 31 million to USD 44 million.,純損失は4400万ドルから3100万ドルに減少した.,純損失は3100万ドルから4400万ドルに増加した.,1,-1
P014,loss_direction,controlled_synthetic_flame_inspired,negative,The company's loss increased for the third consecutive quarter.,The company's loss decreased for the third consecutive quarter.,同社の損失は3四半期連続で増加した。,同社の損失は3四半期連続で減少した。,-1,1
P015,loss_direction,controlled_synthetic_flame_inspired,positive,The company reported a smaller operating loss than in the prior year.,The company reported a larger operating loss than in the prior year.,同社は前年より小さい営業損失を報告した。,同社は前年より大きい営業損失を報告した。,1,-1
P016,loss_direction,controlled_synthetic_flame_inspired,negative,The company's pre-tax loss widened from GBP 8 million to GBP 18 million.,The company's pre-tax loss narrowed from GBP 18 million to GBP 8 million.,税引前損失は800万ポンドから1800万ポンドに拡大した。,税引前損失は1800万ポンドから800万ポンドに縮小した。,-1,1
P017,cost_direction,controlled_synthetic_flame_inspired,positive,The company reduced operating costs by 12 percent.,The company increased operating costs by 12 percent.,同社は営業コストを12%削減した。,同社は営業コストを12%増加させた。,1,-1
P018,cost_direction,controlled_synthetic_flame_inspired,negative,Quarterly expenses rose from USD 82 million to USD 95 million.,Quarterly expenses fell from USD 95 million to USD 82 million.,四半期費用は8200万米ドルから9500万米ドルに増加した。,四半期費用は9500万米ドルから8200万米ドルに減少した。,-1,1
P019,cost_direction,controlled_synthetic_flame_inspired,positive,The company reported lower production costs during the quarter.,The company reported higher production costs during the quarter.,同社は当四半期の生産コストが低かったと報告した。,同社は当四半期の生産コストが高かったと報告した。,1,-1
P020,cost_direction,controlled_synthetic_flame_inspired,negative,Operating expenses increased by 7 percent year over year.,Operating expenses decreased by 7 percent year over year.,営業費用は前年比7%増加した。,営業費用は前年比7%減少した。,-1,1
P021,cost_direction,controlled_synthetic_flame_inspired,positive,The company cut logistics costs from EUR 28 million to EUR 21 million.,The company raised logistics costs from EUR 21 million to EUR 28 million.,同社は物流コストを2800万ユーロから2100万ユーロに削減した。,同社は物流コストを2100万ユーロから2800万ユーロに引き上げた。,1,-1
P022,cost_direction,controlled_synthetic_flame_inspired,negative,Administrative expenses increased during the first half of the year.,Administrative expenses declined during the first half of the year.,上半期の管理費は増加した。,上半期の管理費は減少した。,-1,1
P023,cost_direction,controlled_synthetic_flame_inspired,positive,The company reduced its cost base by USD 50 million.,The company increased its cost base by USD 50 million.,同社はコストベースを5000万ドル削減した.,同社はコストベースを5000万ドル増加させた.,1,-1
P024,cost_direction,controlled_synthetic_flame_inspired,negative,Manufacturing costs rose by 10 percent compared with the previous quarter.,Manufacturing costs fell by 10 percent compared with the previous quarter.,製造コストは前四半期と比較して10%増加した.,製造コストは前四半期と比較して10%減少した.,-1,1
P025,revenue_direction,controlled_synthetic_flame_inspired,positive,Quarterly revenue increased by 12 percent year over year.,Quarterly revenue decreased by 12 percent year over year.,四半期売上高は前年比12%増加した。,四半期売上高は前年比12%減少した。,1,-1
P026,revenue_direction,controlled_synthetic_flame_inspired,negative,Sales fell from EUR 680 million to EUR 600 million.,Sales rose from EUR 600 million to EUR 680 million.,売上高は6億8000万ユーロから6億ユーロに減少した。,売上高は6億ユーロから6億8000万ユーロに増加した。,-1,1
P027,revenue_direction,controlled_synthetic_flame_inspired,positive,The company reported higher revenue in all major business segments.,The company reported lower revenue in all major business segments.,同社はすべての主要事業部門で収益が増加したと報告した.,同社はすべての主要事業部門で収益が低下したと報告した.,1,-1
P028,revenue_direction,controlled_synthetic_flame_inspired,negative,Full-year revenue declined by 9 percent.,Full-year revenue grew by 9 percent.,通期売上高は9%減少した。,通期売上高は9%増加した。,-1,1
P029,revenue_direction,controlled_synthetic_flame_inspired,positive,Quarterly sales increased to USD 1.2 billion from USD 1.0 billion.,Quarterly sales decreased to USD 1.0 billion from USD 1.2 billion.,四半期売上高は10億ドルから12億ドルに増加した。,四半期売上高は12億ドルから10億ドルに減少した。,1,-1
P030,revenue_direction,controlled_synthetic_flame_inspired,negative,Revenue fell for the fourth consecutive quarter.,Revenue rose for the fourth consecutive quarter.,売上高は4四半期連続で減少した。,売上高は4四半期連続で増加した。,-1,1
P031,revenue_direction,controlled_synthetic_flame_inspired,positive,The company recorded a 15 percent increase in annual sales.,The company recorded a 15 percent decrease in annual sales.,同社の年間売上高は15%増加した。,同社の年間売上高は15%減少した。,1,-1
P032,revenue_direction,controlled_synthetic_flame_inspired,negative,Revenue declined to EUR 870 million from EUR 950 million.,Revenue improved to EUR 950 million from EUR 870 million.,売上高は9億5000万ユーロから8億7000万ユーロに減少した。,売上高は8億7000万ユーロから9億5000万ユーロに増加した。,-1,1
P033,earnings_expectations,controlled_synthetic_flame_inspired,positive,"The company reported earnings per share of USD 2.10, above analyst expectations of USD 1.80.","The company reported earnings per share of USD 1.50, below analyst expectations of USD 1.80.",同社は1株当たり利益が2.10米ドルとなり、アナリスト予想の1.80米ドルを上回ったと報告した。,同社は1株当たり利益が1.50米ドルとなり、アナリスト予想の1.80米ドルを下回ったと報告した。,1,-1
P034,earnings_expectations,controlled_synthetic_flame_inspired,negative,Quarterly revenue missed analyst estimates by 8 percent.,Quarterly revenue exceeded analyst estimates by 8 percent.,四半期売上高はアナリスト予想を8%下回った。,四半期売上高はアナリスト予想を8%上回った。,-1,1
P035,earnings_expectations,controlled_synthetic_flame_inspired,positive,The company reported profit above the market consensus.,The company reported profit below the market consensus.,同社は市場コンセンサスを上回る利益を報告した。,同社は市場コンセンサスを下回る利益を報告した。,1,-1
P036,earnings_expectations,controlled_synthetic_flame_inspired,negative,Earnings per share missed analysts' forecasts.,Earnings per share beat analysts' forecasts.,1株当たり利益はアナリスト予想を下回った。,1株当たり利益はアナリスト予想を上回った。,-1,1
P037,earnings_expectations,controlled_synthetic_flame_inspired,positive,Revenue came in higher than analysts had expected.,Revenue came in lower than analysts had expected.,売上高はアナリスト予想を上回った。,売上高はアナリスト予想を下回った。,1,-1
P038,earnings_expectations,controlled_synthetic_flame_inspired,negative,Quarterly earnings fell short of the consensus estimate.,Quarterly earnings surpassed the consensus estimate.,四半期利益はコンセンサス予想を下回った。,四半期利益はコンセンサス予想を上回った。,-1,1
P039,earnings_expectations,controlled_synthetic_flame_inspired,positive,The company exceeded analysts' earnings expectations for the quarter.,The company fell below analysts' earnings expectations for the quarter.,同社の四半期利益はアナリストの利益予想を上回った。,同社の四半期利益はアナリストの利益予想を下回った。,1,-1
P040,earnings_expectations,controlled_synthetic_flame_inspired,negative,Reported revenue was below the consensus forecast.,Reported revenue was above the consensus forecast.,報告された売上高はコンセンサス予想を下回った。,報告された売上高はコンセンサス予想を上回った。,-1,1
P041,guidance,controlled_synthetic_flame_inspired,positive,Management raised its full-year revenue guidance.,Management lowered its full-year revenue guidance.,経営陣は通期売上高見通しを引き上げた。,経営陣は通期売上高見通しを引き下げた。,1,-1
P042,guidance,controlled_synthetic_flame_inspired,negative,The company reduced its annual earnings outlook.,The company increased its annual earnings outlook.,同社は年間利益見通しを引き下げた。,同社は年間利益見通しを引き上げた。,-1,1
P043,guidance,controlled_synthetic_flame_inspired,positive,Management upgraded its forecast for full-year operating profit.,Management downgraded its forecast for full-year operating profit.,経営陣は通期営業利益予想を引き上げた。,経営陣は通期営業利益予想を引き下げた。,1,-1
P044,guidance,controlled_synthetic_flame_inspired,negative,The company cut its expected revenue range for the year.,The company lifted its expected revenue range for the year.,同社は年間売上高予想レンジを引き下げた。,同社は年間売上高予想レンジを引き上げた。,-1,1
P045,guidance,controlled_synthetic_flame_inspired,positive,Management raised its expected earnings per share for the full year.,Management lowered its expected earnings per share for the full year.,経営陣は通期の予想1株当たり利益を引き上げた。,経営陣は通期の予想1株当たり利益を引き下げた。,1,-1
P046,guidance,controlled_synthetic_flame_inspired,negative,The company lowered its forecast for annual sales growth.,The company raised its forecast for annual sales growth.,同社は年間売上高成長率の予想を引き下げた。,同社は年間売上高成長率の予想を引き上げた。,-1,1
P047,guidance,controlled_synthetic_flame_inspired,positive,Management raised its profitability outlook for the coming year.,Management lowered its profitability outlook for the coming year.,経営陣は来年の収益性見通しを引き上げた。,経営陣は来年の収益性見通しを引き下げた。,1,-1
P048,guidance,controlled_synthetic_flame_inspired,negative,The company lowered the lower end of its full-year earnings forecast.,The company raised the lower end of its full-year earnings forecast.,同社は通期利益予想の下限を引き下げた。,同社は通期利益予想の下限を引き上げた。,-1,1
P049,margin,controlled_synthetic_flame_inspired,positive,The company's operating margin expanded from 12 percent to 16 percent.,The company's operating margin contracted from 16 percent to 12 percent.,同社の営業利益率は12%から16%に上昇した。,同社の営業利益率は16%から12%に低下した。,1,-1
P050,margin,controlled_synthetic_flame_inspired,negative,Gross margin decreased by three percentage points.,Gross margin increased by three percentage points.,売上総利益率は3パーセントポイント低下した。,売上総利益率は3パーセントポイント上昇した。,-1,1
P051,margin,controlled_synthetic_flame_inspired,positive,The company reported wider operating margins during the quarter.,The company reported narrower operating margins during the quarter.,同社は当四半期に営業利益率が拡大したと報告した。,同社は当四半期に営業利益率が縮小したと報告した。,1,-1
P052,margin,controlled_synthetic_flame_inspired,negative,Operating margin deteriorated to 15 percent from 18 percent.,Operating margin improved to 18 percent from 15 percent.,営業利益率は18%から15%に悪化した。,営業利益率は15%から18%に改善した。,-1,1
P053,margin,controlled_synthetic_flame_inspired,positive,The company's gross margin expanded despite stable revenue.,The company's gross margin contracted despite stable revenue.,同社の売上総利益率は、売上高が安定していたにもかかわらず拡大した。,同社の売上総利益率は、売上高が安定していたにもかかわらず縮小した。,1,-1
P054,margin,controlled_synthetic_flame_inspired,negative,Profit margin decreased from 11 percent to 9 percent.,Profit margin increased from 9 percent to 11 percent.,利益率は11%から9%に低下した。,利益率は9%から11%に上昇した。,-1,1
P055,contract_realization,controlled_synthetic_flame_inspired,positive,The company secured a major five-year customer contract.,The company failed to secure a major five-year customer contract.,同社は重要な5年間の顧客契約を獲得した。,同社は重要な5年間の顧客契約を獲得できなかった。,1,-1
P056,contract_realization,controlled_synthetic_flame_inspired,negative,The company failed to win a large government supply contract.,The company won a large government supply contract.,同社は大型の政府供給契約を獲得できなかった。,同社は大型の政府供給契約を獲得した。,-1,1
P057,contract_realization,controlled_synthetic_flame_inspired,positive,The company was awarded a multi-year infrastructure contract.,The company was not awarded a multi-year infrastructure contract.,同社は複数年のインフラ契約を受注した。,同社は複数年のインフラ契約を受注しなかった。,1,-1
P058,contract_realization,controlled_synthetic_flame_inspired,negative,The company failed to sign a major customer agreement.,The company signed a major customer agreement.,同社は重要な顧客契約を締結できなかった。,同社は重要な顧客契約を締結した。,-1,1
P059,contract_realization,controlled_synthetic_flame_inspired,positive,The company secured a contract worth USD 300 million.,The company failed to secure a contract worth USD 300 million.,同社は3億ドルの契約を締結した.,同社は3億ドルの契約を締結できなかった.,1,-1
P060,contract_realization,controlled_synthetic_flame_inspired,negative,The company failed to win the tender for a large industrial project.,The company won the tender for a large industrial project.,同社は大規模な産業プロジェクトの入札で落札できなかった。,同社は大規模な産業プロジェクトの入札で落札した。,-1,1
