pair_id,family,source_type,original_direction,original_en,counterfactual_en,original_zh,counterfactual_zh,expected_original,expected_counterfactual
P001,profit_direction,controlled_synthetic_flame_inspired,positive,The company reported that operating profit increased from EUR 40 million to EUR 52 million.,The company reported that operating profit decreased from EUR 52 million to EUR 40 million.,该公司报告称，营业利润从4000万欧元增加到5200万欧元。,该公司报告称，营业利润从5200万欧元减少到4000万欧元。,1,-1
P002,profit_direction,controlled_synthetic_flame_inspired,negative,The company reported that net profit fell by 18 percent year over year.,The company reported that net profit rose by 18 percent year over year.,"该公司报告说,净利同比下降了18%.","该公司报告说,净利同比增长了18%.",-1,1
P003,profit_direction,controlled_synthetic_flame_inspired,positive,Quarterly profit increased to USD 85 million from USD 70 million a year earlier.,Quarterly profit decreased to USD 70 million from USD 85 million a year earlier.,季度利润从一年前的7000万美元增加到8500万美元。,季度利润从一年前的8500万美元下降到7000万美元。,1,-1
P004,profit_direction,controlled_synthetic_flame_inspired,negative,The company said annual profit declined despite stable revenue.,The company said annual profit grew despite stable revenue.,该公司表示，尽管收入保持稳定，年度利润仍有所下降。,该公司表示，尽管收入保持稳定，年度利润仍有所增长。,-1,1
P005,profit_direction,controlled_synthetic_flame_inspired,positive,Operating profit increased by 14 percent compared with the previous quarter.,Operating profit decreased by 14 percent compared with the previous quarter.,与上季度相比，营业利润增长了14%。,与上季度相比，营业利润下降了14%。,1,-1
P006,profit_direction,controlled_synthetic_flame_inspired,negative,Net income decreased from USD 145 million to USD 120 million.,Net income increased from USD 120 million to USD 145 million.,净利润从1.45亿美元下降到1.2亿美元。,净利润从1.2亿美元增加到1.45亿美元。,-1,1
P007,profit_direction,controlled_synthetic_flame_inspired,positive,The company recorded a 9 percent increase in full-year profit.,The company recorded a 9 percent decrease in full-year profit.,该公司全年利润增长了9%。,该公司全年利润下降了9%。,1,-1
P008,profit_direction,controlled_synthetic_flame_inspired,negative,Profit fell to EUR 190 million from EUR 210 million.,Profit rose to EUR 210 million from EUR 190 million.,利润从2.1亿欧元下降到1.9亿欧元。,利润从1.9亿欧元上升到2.1亿欧元。,-1,1
P009,loss_direction,controlled_synthetic_flame_inspired,positive,The company narrowed its operating loss from USD 30 million to USD 18 million.,The company widened its operating loss from USD 18 million to USD 30 million.,该公司的营业亏损从3000万美元缩小至1800万美元。,该公司的营业亏损从1800万美元扩大至3000万美元。,1,-1
P010,loss_direction,controlled_synthetic_flame_inspired,negative,The company's quarterly net loss increased by 25 percent.,The company's quarterly net loss decreased by 25 percent.,公司的季度净亏损增长了25%.,公司的季度净亏损下降了25%.,-1,1
P011,loss_direction,controlled_synthetic_flame_inspired,positive,The company reduced its annual loss to EUR 12 million from EUR 20 million.,The company increased its annual loss to EUR 20 million from EUR 12 million.,该公司的年度亏损从2000万欧元降至1200万欧元。,该公司的年度亏损从1200万欧元增至2000万欧元。,1,-1
P012,loss_direction,controlled_synthetic_flame_inspired,negative,Operating losses widened significantly during the quarter.,Operating losses narrowed significantly during the quarter.,经营损失在本季度大幅增加.,经营损失在本季度大幅下降.,-1,1
P013,loss_direction,controlled_synthetic_flame_inspired,positive,The net loss fell from USD 44 million to USD 31 million.,The net loss rose from USD 31 million to USD 44 million.,净损失从4400万美元降至3100万美元.,净损失从3100万美元上升至4400万美元.,1,-1
P014,loss_direction,controlled_synthetic_flame_inspired,negative,The company's loss increased for the third consecutive quarter.,The company's loss decreased for the third consecutive quarter.,该公司的亏损连续第三季度增长.,该公司的亏损连续第三季度下降.,-1,1
P015,loss_direction,controlled_synthetic_flame_inspired,positive,The company reported a smaller operating loss than in the prior year.,The company reported a larger operating loss than in the prior year.,该公司报告的运营亏损比前一年较小.,该公司报告的运营亏损比前一年更大.,1,-1
P016,loss_direction,controlled_synthetic_flame_inspired,negative,The company's pre-tax loss widened from GBP 8 million to GBP 18 million.,The company's pre-tax loss narrowed from GBP 18 million to GBP 8 million.,该公司的税前亏损从800万英镑扩大到1800万英镑。,该公司的税前亏损从1800万英镑缩小到800万英镑。,-1,1
P017,cost_direction,controlled_synthetic_flame_inspired,positive,The company reduced operating costs by 12 percent.,The company increased operating costs by 12 percent.,该公司将运营成本降低了12%。,该公司将运营成本提高了12%。,1,-1
P018,cost_direction,controlled_synthetic_flame_inspired,negative,Quarterly expenses rose from USD 82 million to USD 95 million.,Quarterly expenses fell from USD 95 million to USD 82 million.,季度支出从8200万美元上升至9500万美元.,季度支出从9500万美元下降到8200万美元.,-1,1
P019,cost_direction,controlled_synthetic_flame_inspired,positive,The company reported lower production costs during the quarter.,The company reported higher production costs during the quarter.,该公司报告称，本季度生产成本较低。,该公司报告称，本季度生产成本较高。,1,-1
P020,cost_direction,controlled_synthetic_flame_inspired,negative,Operating expenses increased by 7 percent year over year.,Operating expenses decreased by 7 percent year over year.,运营费用同比增长了7%.,运营费用同比下降了7%.,-1,1
P021,cost_direction,controlled_synthetic_flame_inspired,positive,The company cut logistics costs from EUR 28 million to EUR 21 million.,The company raised logistics costs from EUR 21 million to EUR 28 million.,该公司将物流成本从2800万欧元降至2100万欧元。,该公司将物流成本从2100万欧元提高至2800万欧元。,1,-1
P022,cost_direction,controlled_synthetic_flame_inspired,negative,Administrative expenses increased during the first half of the year.,Administrative expenses declined during the first half of the year.,"今年上半年,行政费用增加.","今年上半年,行政费用下降.",-1,1
P023,cost_direction,controlled_synthetic_flame_inspired,positive,The company reduced its cost base by USD 50 million.,The company increased its cost base by USD 50 million.,该公司降低了5000万美元的成本基础.,该公司增加了5000万美元的成本基础.,1,-1
P024,cost_direction,controlled_synthetic_flame_inspired,negative,Manufacturing costs rose by 10 percent compared with the previous quarter.,Manufacturing costs fell by 10 percent compared with the previous quarter.,与上季度相比，制造成本上升了10%。,与上季度相比，制造成本下降了10%。,-1,1
P025,revenue_direction,controlled_synthetic_flame_inspired,positive,Quarterly revenue increased by 12 percent year over year.,Quarterly revenue decreased by 12 percent year over year.,季度收入同比增长了12%.,季度收入同比下降了12%.,1,-1
P026,revenue_direction,controlled_synthetic_flame_inspired,negative,Sales fell from EUR 680 million to EUR 600 million.,Sales rose from EUR 600 million to EUR 680 million.,销售额从6.8亿欧元下降到6亿欧元。,销售额从6亿欧元上升到6.8亿欧元。,-1,1
P027,revenue_direction,controlled_synthetic_flame_inspired,positive,The company reported higher revenue in all major business segments.,The company reported lower revenue in all major business segments.,该公司在所有主要业务部门的收入均较高.,该公司在所有主要业务部门的收入均较低.,1,-1
P028,revenue_direction,controlled_synthetic_flame_inspired,negative,Full-year revenue declined by 9 percent.,Full-year revenue grew by 9 percent.,全年收入下降了9%.,全年收入增长了9%.,-1,1
P029,revenue_direction,controlled_synthetic_flame_inspired,positive,Quarterly sales increased to USD 1.2 billion from USD 1.0 billion.,Quarterly sales decreased to USD 1.0 billion from USD 1.2 billion.,季度销售额从10亿美元增加到12亿美元。,季度销售额从12亿美元下降到10亿美元。,1,-1
P030,revenue_direction,controlled_synthetic_flame_inspired,negative,Revenue fell for the fourth consecutive quarter.,Revenue rose for the fourth consecutive quarter.,收入连续第四季度下降.,收入连续第四季度增长.,-1,1
P031,revenue_direction,controlled_synthetic_flame_inspired,positive,The company recorded a 15 percent increase in annual sales.,The company recorded a 15 percent decrease in annual sales.,该公司的年度销售额增长了15%。,该公司的年度销售额下降了15%。,1,-1
P032,revenue_direction,controlled_synthetic_flame_inspired,negative,Revenue declined to EUR 870 million from EUR 950 million.,Revenue improved to EUR 950 million from EUR 870 million.,收入从9.5亿欧元下降到8.7亿欧元。,收入从8.7亿欧元增加到9.5亿欧元。,-1,1
P033,earnings_expectations,controlled_synthetic_flame_inspired,positive,"The company reported earnings per share of USD 2.10, above analyst expectations of USD 1.80.","The company reported earnings per share of USD 1.50, below analyst expectations of USD 1.80.",该公司报告每股收益为2.10美元，高于分析师预期的1.80美元。,该公司报告每股收益为1.50美元，低于分析师预期的1.80美元。,1,-1
P034,earnings_expectations,controlled_synthetic_flame_inspired,negative,Quarterly revenue missed analyst estimates by 8 percent.,Quarterly revenue exceeded analyst estimates by 8 percent.,季度收入比分析师预期低8%。,季度收入比分析师预期高8%。,-1,1
P035,earnings_expectations,controlled_synthetic_flame_inspired,positive,The company reported profit above the market consensus.,The company reported profit below the market consensus.,该公司报告的利润高于市场一致预期。,该公司报告的利润低于市场一致预期。,1,-1
P036,earnings_expectations,controlled_synthetic_flame_inspired,negative,Earnings per share missed analysts' forecasts.,Earnings per share beat analysts' forecasts.,每股收益低于分析师预期。,每股收益高于分析师预期。,-1,1
P037,earnings_expectations,controlled_synthetic_flame_inspired,positive,Revenue came in higher than analysts had expected.,Revenue came in lower than analysts had expected.,收入高于分析师预期。,收入低于分析师预期。,1,-1
P038,earnings_expectations,controlled_synthetic_flame_inspired,negative,Quarterly earnings fell short of the consensus estimate.,Quarterly earnings surpassed the consensus estimate.,季度收益低于共识估计.,季度收益超过共识估计.,-1,1
P039,earnings_expectations,controlled_synthetic_flame_inspired,positive,The company exceeded analysts' earnings expectations for the quarter.,The company fell below analysts' earnings expectations for the quarter.,该公司的季度盈利高于分析师预期。,该公司的季度盈利低于分析师预期。,1,-1
P040,earnings_expectations,controlled_synthetic_flame_inspired,negative,Reported revenue was below the consensus forecast.,Reported revenue was above the consensus forecast.,报告收入低于共识预测.,报告收入超过了共识预测.,-1,1
P041,guidance,controlled_synthetic_flame_inspired,positive,Management raised its full-year revenue guidance.,Management lowered its full-year revenue guidance.,管理层提升了全年收入预期.,管理层降低了全年收入预期.,1,-1
P042,guidance,controlled_synthetic_flame_inspired,negative,The company reduced its annual earnings outlook.,The company increased its annual earnings outlook.,该公司降低了其年度收益前景.,该公司增加了其年度收益前景.,-1,1
P043,guidance,controlled_synthetic_flame_inspired,positive,Management upgraded its forecast for full-year operating profit.,Management downgraded its forecast for full-year operating profit.,管理层上调了全年营业利润预测。,管理层下调了全年营业利润预测。,1,-1
P044,guidance,controlled_synthetic_flame_inspired,negative,The company cut its expected revenue range for the year.,The company lifted its expected revenue range for the year.,该公司下调了全年预期收入区间。,该公司上调了全年预期收入区间。,-1,1
P045,guidance,controlled_synthetic_flame_inspired,positive,Management raised its expected earnings per share for the full year.,Management lowered its expected earnings per share for the full year.,管理层上调了全年预期每股收益。,管理层下调了全年预期每股收益。,1,-1
P046,guidance,controlled_synthetic_flame_inspired,negative,The company lowered its forecast for annual sales growth.,The company raised its forecast for annual sales growth.,该公司降低了其年度销售增长预测.,该公司提高了其年度销售增长预测.,-1,1
P047,guidance,controlled_synthetic_flame_inspired,positive,Management raised its profitability outlook for the coming year.,Management lowered its profitability outlook for the coming year.,管理层提高了未来一年的盈利预期。,管理层降低了未来一年的盈利预期。,1,-1
P048,guidance,controlled_synthetic_flame_inspired,negative,The company lowered the lower end of its full-year earnings forecast.,The company raised the lower end of its full-year earnings forecast.,该公司下调了全年盈利预测的下限。,该公司上调了全年盈利预测的下限。,-1,1
P049,margin,controlled_synthetic_flame_inspired,positive,The company's operating margin expanded from 12 percent to 16 percent.,The company's operating margin contracted from 16 percent to 12 percent.,该公司的营业利润率从12%升至16%。,该公司的营业利润率从16%降至12%。,1,-1
P050,margin,controlled_synthetic_flame_inspired,negative,Gross margin decreased by three percentage points.,Gross margin increased by three percentage points.,毛利率下降了3个百分点。,毛利率上升了3个百分点。,-1,1
P051,margin,controlled_synthetic_flame_inspired,positive,The company reported wider operating margins during the quarter.,The company reported narrower operating margins during the quarter.,该公司报告称，本季度营业利润率有所扩大。,该公司报告称，本季度营业利润率有所收窄。,1,-1
P052,margin,controlled_synthetic_flame_inspired,negative,Operating margin deteriorated to 15 percent from 18 percent.,Operating margin improved to 18 percent from 15 percent.,营业利润率从18%下降至15%。,营业利润率从15%上升至18%。,-1,1
P053,margin,controlled_synthetic_flame_inspired,positive,The company's gross margin expanded despite stable revenue.,The company's gross margin contracted despite stable revenue.,尽管收入保持稳定，该公司的毛利率有所扩大。,尽管收入保持稳定，该公司的毛利率有所收窄。,1,-1
P054,margin,controlled_synthetic_flame_inspired,negative,Profit margin decreased from 11 percent to 9 percent.,Profit margin increased from 9 percent to 11 percent.,利润率从11%下降至9%。,利润率从9%上升至11%。,-1,1
P055,contract_realization,controlled_synthetic_flame_inspired,positive,The company secured a major five-year customer contract.,The company failed to secure a major five-year customer contract.,该公司获得了一份重要的五年期客户合同。,该公司未能获得一份重要的五年期客户合同。,1,-1
P056,contract_realization,controlled_synthetic_flame_inspired,negative,The company failed to win a large government supply contract.,The company won a large government supply contract.,该公司未能赢得一份大型政府供应合同。,该公司赢得了一份大型政府供应合同。,-1,1
P057,contract_realization,controlled_synthetic_flame_inspired,positive,The company was awarded a multi-year infrastructure contract.,The company was not awarded a multi-year infrastructure contract.,该公司获得了多年基础设施合同.,该公司没有获得多年基础设施合同.,1,-1
P058,contract_realization,controlled_synthetic_flame_inspired,negative,The company failed to sign a major customer agreement.,The company signed a major customer agreement.,该公司未能签署一项重要的客户协议。,该公司签署了一项重要的客户协议。,-1,1
P059,contract_realization,controlled_synthetic_flame_inspired,positive,The company secured a contract worth USD 300 million.,The company failed to secure a contract worth USD 300 million.,该公司获得了价值3亿美元的合同.,该公司未能获得价值3亿美元的合同.,1,-1
P060,contract_realization,controlled_synthetic_flame_inspired,negative,The company failed to win the tender for a large industrial project.,The company won the tender for a large industrial project.,该公司未能中标一个大型工业项目。,该公司中标了一个大型工业项目。,-1,1
