pair_id,family,source_type,original_direction,original_en,counterfactual_en,original_fr,counterfactual_fr,expected_original,expected_counterfactual
P001,profit_direction,controlled_synthetic_flame_inspired,positive,The company reported that operating profit increased from EUR 40 million to EUR 52 million.,The company reported that operating profit decreased from EUR 52 million to EUR 40 million.,La société a déclaré que le bénéfice d'exploitation était passé de 40 millions d'euros à 52 millions d'euros.,La société a déclaré que le bénéfice d'exploitation était passé de 52 millions d'euros à 40 millions d'euros.,1,-1
P002,profit_direction,controlled_synthetic_flame_inspired,negative,The company reported that net profit fell by 18 percent year over year.,The company reported that net profit rose by 18 percent year over year.,La société a rapporté que le bénéfice net a diminué de 18 % d'une année sur l'autre.,La société a rapporté que le bénéfice net a augmenté de 18 % d'une année sur l'autre.,-1,1
P003,profit_direction,controlled_synthetic_flame_inspired,positive,Quarterly profit increased to USD 85 million from USD 70 million a year earlier.,Quarterly profit decreased to USD 70 million from USD 85 million a year earlier.,"Le bénéfice trimestriel a augmenté, passant de 70 millions USD un an plus tôt à 85 millions USD.","Le bénéfice trimestriel a diminué, passant de 85 millions USD un an plus tôt à 70 millions USD.",1,-1
P004,profit_direction,controlled_synthetic_flame_inspired,negative,The company said annual profit declined despite stable revenue.,The company said annual profit grew despite stable revenue.,La société a déclaré que les bénéfices annuels ont diminué malgré des revenus stables.,La société a déclaré que les bénéfices annuels ont augmenté malgré des revenus stables.,-1,1
P005,profit_direction,controlled_synthetic_flame_inspired,positive,Operating profit increased by 14 percent compared with the previous quarter.,Operating profit decreased by 14 percent compared with the previous quarter.,Le bénéfice d'exploitation a augmenté de 14 % par rapport au trimestre précédent.,Le bénéfice d'exploitation a diminué de 14 % par rapport au trimestre précédent.,1,-1
P006,profit_direction,controlled_synthetic_flame_inspired,negative,Net income decreased from USD 145 million to USD 120 million.,Net income increased from USD 120 million to USD 145 million.,Le résultat net a diminué de 145 millions USD à 120 millions USD.,Le résultat net a augmenté de 120 millions USD à 145 millions USD.,-1,1
P007,profit_direction,controlled_synthetic_flame_inspired,positive,The company recorded a 9 percent increase in full-year profit.,The company recorded a 9 percent decrease in full-year profit.,L'entreprise a enregistré une augmentation de 9% des bénéfices de l'année.,L'entreprise a enregistré une baisse de 9% des bénéfices de l'année.,1,-1
P008,profit_direction,controlled_synthetic_flame_inspired,negative,Profit fell to EUR 190 million from EUR 210 million.,Profit rose to EUR 210 million from EUR 190 million.,Le bénéfice est passé de 210 millions d'euros à 190 millions d'euros.,Le bénéfice est passé de 190 millions d'euros à 210 millions d'euros.,-1,1
P009,loss_direction,controlled_synthetic_flame_inspired,positive,The company narrowed its operating loss from USD 30 million to USD 18 million.,The company widened its operating loss from USD 18 million to USD 30 million.,La société a réduit sa perte d'exploitation de 30 millions USD à 18 millions USD.,La société a augmenté sa perte d'exploitation de 18 millions USD à 30 millions USD.,1,-1
P010,loss_direction,controlled_synthetic_flame_inspired,negative,The company's quarterly net loss increased by 25 percent.,The company's quarterly net loss decreased by 25 percent.,La perte nette trimestrielle de l'entreprise a augmenté de 25%.,La perte nette trimestrielle de l'entreprise a diminué de 25%.,-1,1
P011,loss_direction,controlled_synthetic_flame_inspired,positive,The company reduced its annual loss to EUR 12 million from EUR 20 million.,The company increased its annual loss to EUR 20 million from EUR 12 million.,La société a réduit sa perte annuelle de 20 millions d'euros à 12 millions d'euros.,La société a augmenté sa perte annuelle de 12 millions d'euros à 20 millions d'euros.,1,-1
P012,loss_direction,controlled_synthetic_flame_inspired,negative,Operating losses widened significantly during the quarter.,Operating losses narrowed significantly during the quarter.,Les pertes d'exploitation ont considérablement augmenté au cours du trimestre.,Les pertes d'exploitation ont considérablement diminué au cours du trimestre.,-1,1
P013,loss_direction,controlled_synthetic_flame_inspired,positive,The net loss fell from USD 44 million to USD 31 million.,The net loss rose from USD 31 million to USD 44 million.,La perte nette est passée de 44 millions USD à 31 millions USD.,La perte nette est passée de 31 millions USD à 44 millions USD.,1,-1
P014,loss_direction,controlled_synthetic_flame_inspired,negative,The company's loss increased for the third consecutive quarter.,The company's loss decreased for the third consecutive quarter.,Les pertes de la société ont augmenté pour le troisième trimestre consécutif.,Les pertes de la société ont diminué pour le troisième trimestre consécutif.,-1,1
P015,loss_direction,controlled_synthetic_flame_inspired,positive,The company reported a smaller operating loss than in the prior year.,The company reported a larger operating loss than in the prior year.,La société a déclaré des pertes d'exploitation plus faibles qu'au cours de l'année précédente.,La société a déclaré des pertes d'exploitation plus importantes que l'année précédente.,1,-1
P016,loss_direction,controlled_synthetic_flame_inspired,negative,The company's pre-tax loss widened from GBP 8 million to GBP 18 million.,The company's pre-tax loss narrowed from GBP 18 million to GBP 8 million.,"La perte avant impôts de la société s'est creusée, passant de 8 millions de livres sterling à 18 millions de livres sterling.","La perte avant impôts de la société s'est réduite, passant de 18 millions de livres sterling à 8 millions de livres sterling.",-1,1
P017,cost_direction,controlled_synthetic_flame_inspired,positive,The company reduced operating costs by 12 percent.,The company increased operating costs by 12 percent.,L'entreprise a réduit ses coûts d'exploitation de 12%.,L'entreprise a augmenté ses coûts d'exploitation de 12%.,1,-1
P018,cost_direction,controlled_synthetic_flame_inspired,negative,Quarterly expenses rose from USD 82 million to USD 95 million.,Quarterly expenses fell from USD 95 million to USD 82 million.,Les dépenses trimestrielles ont augmenté de 82 millions USD à 95 millions USD.,Les dépenses trimestrielles ont diminué de 95 millions USD à 82 millions USD.,-1,1
P019,cost_direction,controlled_synthetic_flame_inspired,positive,The company reported lower production costs during the quarter.,The company reported higher production costs during the quarter.,La société a déclaré des coûts de production plus faibles au cours du trimestre.,La société a déclaré des coûts de production plus élevés au cours du trimestre.,1,-1
P020,cost_direction,controlled_synthetic_flame_inspired,negative,Operating expenses increased by 7 percent year over year.,Operating expenses decreased by 7 percent year over year.,Les dépenses d'exploitation ont augmenté de 7% d'une année sur l'autre.,Les dépenses d'exploitation ont diminué de 7% d'une année sur l'autre.,-1,1
P021,cost_direction,controlled_synthetic_flame_inspired,positive,The company cut logistics costs from EUR 28 million to EUR 21 million.,The company raised logistics costs from EUR 21 million to EUR 28 million.,La société a réduit les coûts logistiques de 28 millions d'euros à 21 millions d'euros.,La société a augmenté les coûts logistiques de 21 millions d'euros à 28 millions d'euros.,1,-1
P022,cost_direction,controlled_synthetic_flame_inspired,negative,Administrative expenses increased during the first half of the year.,Administrative expenses declined during the first half of the year.,Les dépenses administratives ont augmenté au cours du premier semestre.,Les dépenses administratives ont diminué au cours du premier semestre.,-1,1
P023,cost_direction,controlled_synthetic_flame_inspired,positive,The company reduced its cost base by USD 50 million.,The company increased its cost base by USD 50 million.,La société a réduit sa base de coûts de 50 millions USD.,La société a augmenté sa base de coûts de 50 millions USD.,1,-1
P024,cost_direction,controlled_synthetic_flame_inspired,negative,Manufacturing costs rose by 10 percent compared with the previous quarter.,Manufacturing costs fell by 10 percent compared with the previous quarter.,Les coûts de fabrication ont augmenté de 10% par rapport au trimestre précédent.,Les coûts de fabrication ont diminué de 10% par rapport au trimestre précédent.,-1,1
P025,revenue_direction,controlled_synthetic_flame_inspired,positive,Quarterly revenue increased by 12 percent year over year.,Quarterly revenue decreased by 12 percent year over year.,Les revenus trimestriels ont augmenté de 12% d'une année sur l'autre.,Les revenus trimestriels ont diminué de 12% d'une année sur l'autre.,1,-1
P026,revenue_direction,controlled_synthetic_flame_inspired,negative,Sales fell from EUR 680 million to EUR 600 million.,Sales rose from EUR 600 million to EUR 680 million.,Les ventes ont diminué de 680 millions d'euros à 600 millions d'euros.,Les ventes ont augmenté de 600 millions d'euros à 680 millions d'euros.,-1,1
P027,revenue_direction,controlled_synthetic_flame_inspired,positive,The company reported higher revenue in all major business segments.,The company reported lower revenue in all major business segments.,La société a déclaré des revenus plus élevés dans tous les principaux segments d'activité.,La société a déclaré des revenus plus faibles dans tous les principaux segments d'activité.,1,-1
P028,revenue_direction,controlled_synthetic_flame_inspired,negative,Full-year revenue declined by 9 percent.,Full-year revenue grew by 9 percent.,Les revenus de l'année entière ont diminué de 9 %.,Les revenus de l'année entière ont augmenté de 9 %.,-1,1
P029,revenue_direction,controlled_synthetic_flame_inspired,positive,Quarterly sales increased to USD 1.2 billion from USD 1.0 billion.,Quarterly sales decreased to USD 1.0 billion from USD 1.2 billion.,"Les ventes trimestrielles ont augmenté de 1,0 milliard de dollars à 1,2 milliard de dollars.","Les ventes trimestrielles ont diminué de 1,2 milliard de dollars à 1,0 milliard de dollars.",1,-1
P030,revenue_direction,controlled_synthetic_flame_inspired,negative,Revenue fell for the fourth consecutive quarter.,Revenue rose for the fourth consecutive quarter.,Les revenus ont chuté pour le quatrième trimestre consécutif.,Les revenus ont augmenté pour le quatrième trimestre consécutif.,-1,1
P031,revenue_direction,controlled_synthetic_flame_inspired,positive,The company recorded a 15 percent increase in annual sales.,The company recorded a 15 percent decrease in annual sales.,L'entreprise a enregistré une augmentation de 15% des ventes annuelles.,L'entreprise a enregistré une baisse de 15% des ventes annuelles.,1,-1
P032,revenue_direction,controlled_synthetic_flame_inspired,negative,Revenue declined to EUR 870 million from EUR 950 million.,Revenue improved to EUR 950 million from EUR 870 million.,Le chiffre d'affaires a diminué de 950 millions d'euros à 870 millions d'euros.,Le chiffre d'affaires a augmenté de 870 millions d'euros à 950 millions d'euros.,-1,1
P033,earnings_expectations,controlled_synthetic_flame_inspired,positive,"The company reported earnings per share of USD 2.10, above analyst expectations of USD 1.80.","The company reported earnings per share of USD 1.50, below analyst expectations of USD 1.80.","La société a rapporté un bénéfice par action de 2,10 USD, supérieur aux attentes des analystes de 1,80 USD.","La société a rapporté un bénéfice par action de 1,50 USD, inférieur aux attentes des analystes de 1,80 USD.",1,-1
P034,earnings_expectations,controlled_synthetic_flame_inspired,negative,Quarterly revenue missed analyst estimates by 8 percent.,Quarterly revenue exceeded analyst estimates by 8 percent.,Les revenus trimestriels se sont situés 8 % en dessous des estimations des analystes.,Les revenus trimestriels se sont situés 8 % au-dessus des estimations des analystes.,-1,1
P035,earnings_expectations,controlled_synthetic_flame_inspired,positive,The company reported profit above the market consensus.,The company reported profit below the market consensus.,La société a déclaré un bénéfice supérieur au consensus du marché.,La société a déclaré un bénéfice inférieur au consensus du marché.,1,-1
P036,earnings_expectations,controlled_synthetic_flame_inspired,negative,Earnings per share missed analysts' forecasts.,Earnings per share beat analysts' forecasts.,Le bénéfice par action s'est situé en dessous des prévisions des analystes.,Le bénéfice par action s'est situé au-dessus des prévisions des analystes.,-1,1
P037,earnings_expectations,controlled_synthetic_flame_inspired,positive,Revenue came in higher than analysts had expected.,Revenue came in lower than analysts had expected.,Les revenus ont été supérieurs aux attentes des analystes.,Les revenus ont été inférieurs aux attentes des analystes.,1,-1
P038,earnings_expectations,controlled_synthetic_flame_inspired,negative,Quarterly earnings fell short of the consensus estimate.,Quarterly earnings surpassed the consensus estimate.,Les bénéfices trimestriels ont été inférieurs à l'estimation du consensus.,Les bénéfices trimestriels ont été supérieurs à l'estimation du consensus.,-1,1
P039,earnings_expectations,controlled_synthetic_flame_inspired,positive,The company exceeded analysts' earnings expectations for the quarter.,The company fell below analysts' earnings expectations for the quarter.,Les bénéfices trimestriels de la société se sont situés au-dessus des attentes des analystes.,Les bénéfices trimestriels de la société se sont situés en dessous des attentes des analystes.,1,-1
P040,earnings_expectations,controlled_synthetic_flame_inspired,negative,Reported revenue was below the consensus forecast.,Reported revenue was above the consensus forecast.,Le chiffre d'affaires déclaré était inférieur aux prévisions du consensus.,Le chiffre d'affaires déclaré était supérieur aux prévisions du consensus.,-1,1
P041,guidance,controlled_synthetic_flame_inspired,positive,Management raised its full-year revenue guidance.,Management lowered its full-year revenue guidance.,La direction a augmenté ses perspectives de revenus pour l'ensemble de l'année.,La direction a abaissé ses perspectives de revenus pour l'ensemble de l'année.,1,-1
P042,guidance,controlled_synthetic_flame_inspired,negative,The company reduced its annual earnings outlook.,The company increased its annual earnings outlook.,La société a réduit ses perspectives de bénéfices annuels.,La société a augmenté ses perspectives de bénéfices annuels.,-1,1
P043,guidance,controlled_synthetic_flame_inspired,positive,Management upgraded its forecast for full-year operating profit.,Management downgraded its forecast for full-year operating profit.,La direction a relevé sa prévision de bénéfice d'exploitation pour l'ensemble de l'année.,La direction a abaissé sa prévision de bénéfice d'exploitation pour l'ensemble de l'année.,1,-1
P044,guidance,controlled_synthetic_flame_inspired,negative,The company cut its expected revenue range for the year.,The company lifted its expected revenue range for the year.,L'entreprise a abaissé sa fourchette de chiffre d'affaires prévue pour l'année.,L'entreprise a relevé sa fourchette de chiffre d'affaires prévue pour l'année.,-1,1
P045,guidance,controlled_synthetic_flame_inspired,positive,Management raised its expected earnings per share for the full year.,Management lowered its expected earnings per share for the full year.,La direction a augmenté ses bénéfices attendus par action pour l'ensemble de l'année.,La direction a réduit ses bénéfices attendus par action pour l'ensemble de l'année.,1,-1
P046,guidance,controlled_synthetic_flame_inspired,negative,The company lowered its forecast for annual sales growth.,The company raised its forecast for annual sales growth.,La société a abaissé ses prévisions de croissance annuelle des ventes.,La société a augmenté ses prévisions de croissance annuelle des ventes.,-1,1
P047,guidance,controlled_synthetic_flame_inspired,positive,Management raised its profitability outlook for the coming year.,Management lowered its profitability outlook for the coming year.,La direction a augmenté ses perspectives de rentabilité pour l'année à venir.,La direction a réduit ses perspectives de rentabilité pour l'année à venir.,1,-1
P048,guidance,controlled_synthetic_flame_inspired,negative,The company lowered the lower end of its full-year earnings forecast.,The company raised the lower end of its full-year earnings forecast.,La société a abaissé la limite inférieure de sa prévision de bénéfice pour l'ensemble de l'année.,La société a relevé la limite inférieure de sa prévision de bénéfice pour l'ensemble de l'année.,-1,1
P049,margin,controlled_synthetic_flame_inspired,positive,The company's operating margin expanded from 12 percent to 16 percent.,The company's operating margin contracted from 16 percent to 12 percent.,La marge d'exploitation de la société est passée de 12% à 16%.,La marge d'exploitation de la société est passée de 16% à 12%.,1,-1
P050,margin,controlled_synthetic_flame_inspired,negative,Gross margin decreased by three percentage points.,Gross margin increased by three percentage points.,La marge brute a diminué de trois points de pourcentage.,La marge brute a augmenté de trois points de pourcentage.,-1,1
P051,margin,controlled_synthetic_flame_inspired,positive,The company reported wider operating margins during the quarter.,The company reported narrower operating margins during the quarter.,La société a déclaré des marges d'exploitation plus élevées au cours du trimestre.,La société a déclaré des marges d'exploitation plus faibles au cours du trimestre.,1,-1
P052,margin,controlled_synthetic_flame_inspired,negative,Operating margin deteriorated to 15 percent from 18 percent.,Operating margin improved to 18 percent from 15 percent.,"La marge d'exploitation s'est détériorée, passant de 18 % à 15 %.","La marge d'exploitation s'est améliorée, passant de 15 % à 18 %.",-1,1
P053,margin,controlled_synthetic_flame_inspired,positive,The company's gross margin expanded despite stable revenue.,The company's gross margin contracted despite stable revenue.,La marge brute de la société s'est accrue malgré un chiffre d'affaires stable.,La marge brute de la société s'est contractée malgré un chiffre d'affaires stable.,1,-1
P054,margin,controlled_synthetic_flame_inspired,negative,Profit margin decreased from 11 percent to 9 percent.,Profit margin increased from 9 percent to 11 percent.,La marge bénéficiaire est passée de 11% à 9%.,La marge bénéficiaire est passée de 9% à 11%.,-1,1
P055,contract_realization,controlled_synthetic_flame_inspired,positive,The company secured a major five-year customer contract.,The company failed to secure a major five-year customer contract.,L'entreprise a obtenu un contrat client majeur de cinq ans.,L'entreprise n'a pas obtenu un contrat client majeur de cinq ans.,1,-1
P056,contract_realization,controlled_synthetic_flame_inspired,negative,The company failed to win a large government supply contract.,The company won a large government supply contract.,L'entreprise a échoué à remporter un gros contrat d'approvisionnement du gouvernement.,L'entreprise a remporté un gros contrat d'approvisionnement du gouvernement.,-1,1
P057,contract_realization,controlled_synthetic_flame_inspired,positive,The company was awarded a multi-year infrastructure contract.,The company was not awarded a multi-year infrastructure contract.,L'entreprise a obtenu un contrat d'infrastructure pluriannuel.,L'entreprise n'a pas obtenu de contrat d'infrastructure pluriannuel.,1,-1
P058,contract_realization,controlled_synthetic_flame_inspired,negative,The company failed to sign a major customer agreement.,The company signed a major customer agreement.,L'entreprise n'a pas signé un important accord avec un client.,L'entreprise a signé un important accord avec un client.,-1,1
P059,contract_realization,controlled_synthetic_flame_inspired,positive,The company secured a contract worth USD 300 million.,The company failed to secure a contract worth USD 300 million.,La société a obtenu un contrat d'une valeur de 300 millions de dollars.,La société n'a pas obtenu un contrat d'une valeur de 300 millions de dollars.,1,-1
P060,contract_realization,controlled_synthetic_flame_inspired,negative,The company failed to win the tender for a large industrial project.,The company won the tender for a large industrial project.,L'entreprise n'a pas remporté l'appel d'offres pour un grand projet industriel.,L'entreprise a remporté l'appel d'offres pour un grand projet industriel.,-1,1
