language_a,language_b,vocab_a,vocab_b,intersection,union,jaccard_overlap
en,es,184,248,20,412,0.04854369
en,de,184,327,17,494,0.03441296
en,fr,184,274,26,432,0.06018519
en,zh,184,166,12,338,0.03550296
en,ja,184,175,11,348,0.0316092
en,ar,184,254,12,426,0.02816901
es,de,248,327,22,553,0.039783
es,fr,248,274,45,477,0.09433962
es,zh,248,166,12,402,0.02985075
es,ja,248,175,11,412,0.02669903
es,ar,248,254,12,490,0.0244898
de,fr,327,274,29,572,0.0506993
de,zh,327,166,12,481,0.02494802
de,ja,327,175,11,491,0.02240326
de,ar,327,254,12,569,0.02108963
fr,zh,274,166,14,426,0.03286385
fr,ja,274,175,12,437,0.02745995
fr,ar,274,254,12,516,0.02325581
zh,ja,166,175,28,313,0.08945687
zh,ar,166,254,11,409,0.02689487
ja,ar,175,254,11,418,0.02631579
