language,pair_id,family,original_label,original_value,counterfactual_label,counterfactual_value,delta,expected_original,expected_counterfactual,expected_delta,delta_direction_correct,complete
en,P001,profit_direction,D,1,C,0,-1,1,-1,-2,True,True
en,P002,profit_direction,A,-2,D,1,3,-1,1,2,True,True
en,P003,profit_direction,D,1,C,0,-1,1,-1,-2,True,True
en,P004,profit_direction,C,0,D,1,1,-1,1,2,True,True
en,P005,profit_direction,D,1,C,0,-1,1,-1,-2,True,True
en,P006,profit_direction,C,0,D,1,1,-1,1,2,True,True
en,P007,profit_direction,D,1,C,0,-1,1,-1,-2,True,True
en,P008,profit_direction,C,0,D,1,1,-1,1,2,True,True
en,P009,loss_direction,C,0,B,-1,-1,1,-1,-2,True,True
en,P010,loss_direction,C,0,C,0,0,-1,1,2,False,True
en,P011,loss_direction,C,0,B,-1,-1,1,-1,-2,True,True
en,P012,loss_direction,A,-2,C,0,2,-1,1,2,True,True
en,P013,loss_direction,C,0,C,0,0,1,-1,-2,False,True
en,P014,loss_direction,C,0,C,0,0,-1,1,2,False,True
en,P015,loss_direction,C,0,C,0,0,1,-1,-2,False,True
en,P016,loss_direction,C,0,C,0,0,-1,1,2,False,True
en,P017,cost_direction,D,1,C,0,-1,1,-1,-2,True,True
en,P018,cost_direction,C,0,C,0,0,-1,1,2,False,True
en,P019,cost_direction,C,0,C,0,0,1,-1,-2,False,True
en,P020,cost_direction,C,0,C,0,0,-1,1,2,False,True
en,P021,cost_direction,D,1,C,0,-1,1,-1,-2,True,True
en,P022,cost_direction,C,0,C,0,0,-1,1,2,False,True
en,P023,cost_direction,C,0,C,0,0,1,-1,-2,False,True
en,P024,cost_direction,C,0,C,0,0,-1,1,2,False,True
en,P025,revenue_direction,D,1,C,0,-1,1,-1,-2,True,True
en,P026,revenue_direction,C,0,D,1,1,-1,1,2,True,True
en,P027,revenue_direction,D,1,C,0,-1,1,-1,-2,True,True
en,P028,revenue_direction,C,0,D,1,1,-1,1,2,True,True
en,P029,revenue_direction,D,1,C,0,-1,1,-1,-2,True,True
en,P030,revenue_direction,C,0,D,1,1,-1,1,2,True,True
en,P031,revenue_direction,D,1,C,0,-1,1,-1,-2,True,True
en,P032,revenue_direction,C,0,D,1,1,-1,1,2,True,True
en,P033,earnings_expectations,D,1,B,-1,-2,1,-1,-2,True,True
en,P034,earnings_expectations,C,0,D,1,1,-1,1,2,True,True
en,P035,earnings_expectations,D,1,B,-1,-2,1,-1,-2,True,True
en,P036,earnings_expectations,C,0,D,1,1,-1,1,2,True,True
en,P037,earnings_expectations,D,1,C,0,-1,1,-1,-2,True,True
en,P038,earnings_expectations,B,-1,D,1,2,-1,1,2,True,True
en,P039,earnings_expectations,D,1,B,-1,-2,1,-1,-2,True,True
en,P040,earnings_expectations,C,0,D,1,1,-1,1,2,True,True
en,P041,guidance,D,1,C,0,-1,1,-1,-2,True,True
en,P042,guidance,B,-1,D,1,2,-1,1,2,True,True
en,P043,guidance,D,1,C,0,-1,1,-1,-2,True,True
en,P044,guidance,C,0,D,1,1,-1,1,2,True,True
en,P045,guidance,D,1,C,0,-1,1,-1,-2,True,True
en,P046,guidance,C,0,D,1,1,-1,1,2,True,True
en,P047,guidance,D,1,B,-1,-2,1,-1,-2,True,True
en,P048,guidance,C,0,C,0,0,-1,1,2,False,True
en,P049,margin,D,1,C,0,-1,1,-1,-2,True,True
en,P050,margin,C,0,C,0,0,-1,1,2,False,True
en,P051,margin,D,1,C,0,-1,1,-1,-2,True,True
en,P052,margin,C,0,D,1,1,-1,1,2,True,True
en,P053,margin,C,0,C,0,0,1,-1,-2,False,True
en,P054,margin,C,0,D,1,1,-1,1,2,True,True
en,P055,contract_realization,D,1,C,0,-1,1,-1,-2,True,True
en,P056,contract_realization,C,0,D,1,1,-1,1,2,True,True
en,P057,contract_realization,D,1,C,0,-1,1,-1,-2,True,True
en,P058,contract_realization,C,0,D,1,1,-1,1,2,True,True
en,P059,contract_realization,D,1,C,0,-1,1,-1,-2,True,True
en,P060,contract_realization,C,0,D,1,1,-1,1,2,True,True
es,P001,profit_direction,D,1,C,0,-1,1,-1,-2,True,True
es,P002,profit_direction,C,0,D,1,1,-1,1,2,True,True
es,P003,profit_direction,D,1,C,0,-1,1,-1,-2,True,True
es,P004,profit_direction,C,0,C,0,0,-1,1,2,False,True
es,P005,profit_direction,D,1,C,0,-1,1,-1,-2,True,True
es,P006,profit_direction,C,0,C,0,0,-1,1,2,False,True
es,P007,profit_direction,D,1,C,0,-1,1,-1,-2,True,True
es,P008,profit_direction,C,0,D,1,1,-1,1,2,True,True
es,P009,loss_direction,C,0,C,0,0,1,-1,-2,False,True
es,P010,loss_direction,C,0,C,0,0,-1,1,2,False,True
es,P011,loss_direction,C,0,C,0,0,1,-1,-2,False,True
es,P012,loss_direction,C,0,D,1,1,-1,1,2,True,True
es,P013,loss_direction,C,0,C,0,0,1,-1,-2,False,True
es,P014,loss_direction,C,0,D,1,1,-1,1,2,True,True
es,P015,loss_direction,C,0,C,0,0,1,-1,-2,False,True
es,P016,loss_direction,C,0,C,0,0,-1,1,2,False,True
es,P017,cost_direction,D,1,C,0,-1,1,-1,-2,True,True
es,P018,cost_direction,C,0,C,0,0,-1,1,2,False,True
es,P019,cost_direction,D,1,C,0,-1,1,-1,-2,True,True
es,P020,cost_direction,C,0,C,0,0,-1,1,2,False,True
es,P021,cost_direction,C,0,C,0,0,1,-1,-2,False,True
es,P022,cost_direction,C,0,C,0,0,-1,1,2,False,True
es,P023,cost_direction,C,0,C,0,0,1,-1,-2,False,True
es,P024,cost_direction,C,0,C,0,0,-1,1,2,False,True
es,P025,revenue_direction,D,1,C,0,-1,1,-1,-2,True,True
es,P026,revenue_direction,C,0,D,1,1,-1,1,2,True,True
es,P027,revenue_direction,D,1,C,0,-1,1,-1,-2,True,True
es,P028,revenue_direction,C,0,D,1,1,-1,1,2,True,True
es,P029,revenue_direction,D,1,C,0,-1,1,-1,-2,True,True
es,P030,revenue_direction,C,0,D,1,1,-1,1,2,True,True
es,P031,revenue_direction,D,1,C,0,-1,1,-1,-2,True,True
es,P032,revenue_direction,C,0,D,1,1,-1,1,2,True,True
es,P033,earnings_expectations,D,1,B,-1,-2,1,-1,-2,True,True
es,P034,earnings_expectations,B,-1,D,1,2,-1,1,2,True,True
es,P035,earnings_expectations,D,1,B,-1,-2,1,-1,-2,True,True
es,P036,earnings_expectations,B,-1,D,1,2,-1,1,2,True,True
es,P037,earnings_expectations,D,1,B,-1,-2,1,-1,-2,True,True
es,P038,earnings_expectations,C,0,D,1,1,-1,1,2,True,True
es,P039,earnings_expectations,D,1,C,0,-1,1,-1,-2,True,True
es,P040,earnings_expectations,B,-1,D,1,2,-1,1,2,True,True
es,P041,guidance,D,1,B,-1,-2,1,-1,-2,True,True
es,P042,guidance,B,-1,D,1,2,-1,1,2,True,True
es,P043,guidance,D,1,B,-1,-2,1,-1,-2,True,True
es,P044,guidance,C,0,D,1,1,-1,1,2,True,True
es,P045,guidance,D,1,B,-1,-2,1,-1,-2,True,True
es,P046,guidance,B,-1,D,1,2,-1,1,2,True,True
es,P047,guidance,D,1,C,0,-1,1,-1,-2,True,True
es,P048,guidance,C,0,D,1,1,-1,1,2,True,True
es,P049,margin,D,1,C,0,-1,1,-1,-2,True,True
es,P050,margin,C,0,C,0,0,-1,1,2,False,True
es,P051,margin,D,1,C,0,-1,1,-1,-2,True,True
es,P052,margin,C,0,D,1,1,-1,1,2,True,True
es,P053,margin,C,0,C,0,0,1,-1,-2,False,True
es,P054,margin,C,0,D,1,1,-1,1,2,True,True
es,P055,contract_realization,D,1,B,-1,-2,1,-1,-2,True,True
es,P056,contract_realization,C,0,D,1,1,-1,1,2,True,True
es,P057,contract_realization,D,1,C,0,-1,1,-1,-2,True,True
es,P058,contract_realization,C,0,D,1,1,-1,1,2,True,True
es,P059,contract_realization,D,1,C,0,-1,1,-1,-2,True,True
es,P060,contract_realization,C,0,D,1,1,-1,1,2,True,True
de,P001,profit_direction,D,1,C,0,-1,1,-1,-2,True,True
de,P002,profit_direction,C,0,D,1,1,-1,1,2,True,True
de,P003,profit_direction,D,1,C,0,-1,1,-1,-2,True,True
de,P004,profit_direction,C,0,D,1,1,-1,1,2,True,True
de,P005,profit_direction,D,1,C,0,-1,1,-1,-2,True,True
de,P006,profit_direction,C,0,D,1,1,-1,1,2,True,True
de,P007,profit_direction,D,1,C,0,-1,1,-1,-2,True,True
de,P008,profit_direction,C,0,D,1,1,-1,1,2,True,True
de,P009,loss_direction,C,0,C,0,0,1,-1,-2,False,True
de,P010,loss_direction,A,-2,D,1,3,-1,1,2,True,True
de,P011,loss_direction,C,0,C,0,0,1,-1,-2,False,True
de,P012,loss_direction,C,0,C,0,0,-1,1,2,False,True
de,P013,loss_direction,C,0,C,0,0,1,-1,-2,False,True
de,P014,loss_direction,C,0,D,1,1,-1,1,2,True,True
de,P015,loss_direction,C,0,A,-2,-2,1,-1,-2,True,True
de,P016,loss_direction,C,0,C,0,0,-1,1,2,False,True
de,P017,cost_direction,D,1,C,0,-1,1,-1,-2,True,True
de,P018,cost_direction,C,0,C,0,0,-1,1,2,False,True
de,P019,cost_direction,D,1,C,0,-1,1,-1,-2,True,True
de,P020,cost_direction,C,0,C,0,0,-1,1,2,False,True
de,P021,cost_direction,C,0,C,0,0,1,-1,-2,False,True
de,P022,cost_direction,C,0,C,0,0,-1,1,2,False,True
de,P023,cost_direction,C,0,C,0,0,1,-1,-2,False,True
de,P024,cost_direction,C,0,C,0,0,-1,1,2,False,True
de,P025,revenue_direction,D,1,C,0,-1,1,-1,-2,True,True
de,P026,revenue_direction,C,0,D,1,1,-1,1,2,True,True
de,P027,revenue_direction,D,1,C,0,-1,1,-1,-2,True,True
de,P028,revenue_direction,C,0,D,1,1,-1,1,2,True,True
de,P029,revenue_direction,D,1,C,0,-1,1,-1,-2,True,True
de,P030,revenue_direction,C,0,D,1,1,-1,1,2,True,True
de,P031,revenue_direction,D,1,C,0,-1,1,-1,-2,True,True
de,P032,revenue_direction,C,0,D,1,1,-1,1,2,True,True
de,P033,earnings_expectations,D,1,C,0,-1,1,-1,-2,True,True
de,P034,earnings_expectations,C,0,D,1,1,-1,1,2,True,True
de,P035,earnings_expectations,D,1,C,0,-1,1,-1,-2,True,True
de,P036,earnings_expectations,C,0,D,1,1,-1,1,2,True,True
de,P037,earnings_expectations,D,1,C,0,-1,1,-1,-2,True,True
de,P038,earnings_expectations,C,0,D,1,1,-1,1,2,True,True
de,P039,earnings_expectations,D,1,B,-1,-2,1,-1,-2,True,True
de,P040,earnings_expectations,C,0,D,1,1,-1,1,2,True,True
de,P041,guidance,D,1,C,0,-1,1,-1,-2,True,True
de,P042,guidance,C,0,D,1,1,-1,1,2,True,True
de,P043,guidance,D,1,C,0,-1,1,-1,-2,True,True
de,P044,guidance,C,0,D,1,1,-1,1,2,True,True
de,P045,guidance,D,1,C,0,-1,1,-1,-2,True,True
de,P046,guidance,C,0,D,1,1,-1,1,2,True,True
de,P047,guidance,D,1,B,-1,-2,1,-1,-2,True,True
de,P048,guidance,C,0,D,1,1,-1,1,2,True,True
de,P049,margin,D,1,C,0,-1,1,-1,-2,True,True
de,P050,margin,C,0,D,1,1,-1,1,2,True,True
de,P051,margin,D,1,C,0,-1,1,-1,-2,True,True
de,P052,margin,C,0,D,1,1,-1,1,2,True,True
de,P053,margin,D,1,C,0,-1,1,-1,-2,True,True
de,P054,margin,C,0,D,1,1,-1,1,2,True,True
de,P055,contract_realization,D,1,C,0,-1,1,-1,-2,True,True
de,P056,contract_realization,C,0,D,1,1,-1,1,2,True,True
de,P057,contract_realization,D,1,C,0,-1,1,-1,-2,True,True
de,P058,contract_realization,C,0,D,1,1,-1,1,2,True,True
de,P059,contract_realization,D,1,C,0,-1,1,-1,-2,True,True
de,P060,contract_realization,C,0,D,1,1,-1,1,2,True,True
fr,P001,profit_direction,D,1,C,0,-1,1,-1,-2,True,True
fr,P002,profit_direction,C,0,D,1,1,-1,1,2,True,True
fr,P003,profit_direction,D,1,C,0,-1,1,-1,-2,True,True
fr,P004,profit_direction,C,0,C,0,0,-1,1,2,False,True
fr,P005,profit_direction,D,1,C,0,-1,1,-1,-2,True,True
fr,P006,profit_direction,C,0,D,1,1,-1,1,2,True,True
fr,P007,profit_direction,D,1,C,0,-1,1,-1,-2,True,True
fr,P008,profit_direction,C,0,D,1,1,-1,1,2,True,True
fr,P009,loss_direction,C,0,C,0,0,1,-1,-2,False,True
fr,P010,loss_direction,C,0,C,0,0,-1,1,2,False,True
fr,P011,loss_direction,C,0,C,0,0,1,-1,-2,False,True
fr,P012,loss_direction,B,-1,D,1,2,-1,1,2,True,True
fr,P013,loss_direction,C,0,B,-1,-1,1,-1,-2,True,True
fr,P014,loss_direction,C,0,D,1,1,-1,1,2,True,True
fr,P015,loss_direction,D,1,C,0,-1,1,-1,-2,True,True
fr,P016,loss_direction,B,-1,D,1,2,-1,1,2,True,True
fr,P017,cost_direction,D,1,C,0,-1,1,-1,-2,True,True
fr,P018,cost_direction,C,0,C,0,0,-1,1,2,False,True
fr,P019,cost_direction,D,1,C,0,-1,1,-1,-2,True,True
fr,P020,cost_direction,C,0,C,0,0,-1,1,2,False,True
fr,P021,cost_direction,D,1,C,0,-1,1,-1,-2,True,True
fr,P022,cost_direction,C,0,C,0,0,-1,1,2,False,True
fr,P023,cost_direction,C,0,C,0,0,1,-1,-2,False,True
fr,P024,cost_direction,C,0,D,1,1,-1,1,2,True,True
fr,P025,revenue_direction,D,1,C,0,-1,1,-1,-2,True,True
fr,P026,revenue_direction,C,0,D,1,1,-1,1,2,True,True
fr,P027,revenue_direction,D,1,C,0,-1,1,-1,-2,True,True
fr,P028,revenue_direction,C,0,D,1,1,-1,1,2,True,True
fr,P029,revenue_direction,D,1,C,0,-1,1,-1,-2,True,True
fr,P030,revenue_direction,C,0,D,1,1,-1,1,2,True,True
fr,P031,revenue_direction,D,1,C,0,-1,1,-1,-2,True,True
fr,P032,revenue_direction,C,0,D,1,1,-1,1,2,True,True
fr,P033,earnings_expectations,D,1,C,0,-1,1,-1,-2,True,True
fr,P034,earnings_expectations,C,0,D,1,1,-1,1,2,True,True
fr,P035,earnings_expectations,D,1,C,0,-1,1,-1,-2,True,True
fr,P036,earnings_expectations,B,-1,D,1,2,-1,1,2,True,True
fr,P037,earnings_expectations,D,1,B,-1,-2,1,-1,-2,True,True
fr,P038,earnings_expectations,B,-1,D,1,2,-1,1,2,True,True
fr,P039,earnings_expectations,D,1,B,-1,-2,1,-1,-2,True,True
fr,P040,earnings_expectations,B,-1,D,1,2,-1,1,2,True,True
fr,P041,guidance,D,1,C,0,-1,1,-1,-2,True,True
fr,P042,guidance,B,-1,D,1,2,-1,1,2,True,True
fr,P043,guidance,D,1,C,0,-1,1,-1,-2,True,True
fr,P044,guidance,C,0,C,0,0,-1,1,2,False,True
fr,P045,guidance,D,1,C,0,-1,1,-1,-2,True,True
fr,P046,guidance,B,-1,D,1,2,-1,1,2,True,True
fr,P047,guidance,D,1,C,0,-1,1,-1,-2,True,True
fr,P048,guidance,C,0,C,0,0,-1,1,2,False,True
fr,P049,margin,D,1,C,0,-1,1,-1,-2,True,True
fr,P050,margin,C,0,D,1,1,-1,1,2,True,True
fr,P051,margin,D,1,C,0,-1,1,-1,-2,True,True
fr,P052,margin,C,0,D,1,1,-1,1,2,True,True
fr,P053,margin,C,0,C,0,0,1,-1,-2,False,True
fr,P054,margin,C,0,C,0,0,-1,1,2,False,True
fr,P055,contract_realization,D,1,C,0,-1,1,-1,-2,True,True
fr,P056,contract_realization,C,0,D,1,1,-1,1,2,True,True
fr,P057,contract_realization,D,1,C,0,-1,1,-1,-2,True,True
fr,P058,contract_realization,C,0,D,1,1,-1,1,2,True,True
fr,P059,contract_realization,D,1,C,0,-1,1,-1,-2,True,True
fr,P060,contract_realization,C,0,D,1,1,-1,1,2,True,True
zh,P001,profit_direction,D,1,C,0,-1,1,-1,-2,True,True
zh,P002,profit_direction,B,-1,D,1,2,-1,1,2,True,True
zh,P003,profit_direction,D,1,C,0,-1,1,-1,-2,True,True
zh,P004,profit_direction,C,0,D,1,1,-1,1,2,True,True
zh,P005,profit_direction,D,1,C,0,-1,1,-1,-2,True,True
zh,P006,profit_direction,C,0,D,1,1,-1,1,2,True,True
zh,P007,profit_direction,D,1,C,0,-1,1,-1,-2,True,True
zh,P008,profit_direction,C,0,D,1,1,-1,1,2,True,True
zh,P009,loss_direction,C,0,B,-1,-1,1,-1,-2,True,True
zh,P010,loss_direction,B,-1,C,0,1,-1,1,2,True,True
zh,P011,loss_direction,C,0,B,-1,-1,1,-1,-2,True,True
zh,P012,loss_direction,C,0,D,1,1,-1,1,2,True,True
zh,P013,loss_direction,C,0,C,0,0,1,-1,-2,False,True
zh,P014,loss_direction,B,-1,C,0,1,-1,1,2,True,True
zh,P015,loss_direction,C,0,B,-1,-1,1,-1,-2,True,True
zh,P016,loss_direction,B,-1,C,0,1,-1,1,2,True,True
zh,P017,cost_direction,D,1,C,0,-1,1,-1,-2,True,True
zh,P018,cost_direction,C,0,C,0,0,-1,1,2,False,True
zh,P019,cost_direction,D,1,C,0,-1,1,-1,-2,True,True
zh,P020,cost_direction,C,0,D,1,1,-1,1,2,True,True
zh,P021,cost_direction,D,1,C,0,-1,1,-1,-2,True,True
zh,P022,cost_direction,C,0,C,0,0,-1,1,2,False,True
zh,P023,cost_direction,C,0,C,0,0,1,-1,-2,False,True
zh,P024,cost_direction,C,0,D,1,1,-1,1,2,True,True
zh,P025,revenue_direction,D,1,C,0,-1,1,-1,-2,True,True
zh,P026,revenue_direction,C,0,D,1,1,-1,1,2,True,True
zh,P027,revenue_direction,D,1,C,0,-1,1,-1,-2,True,True
zh,P028,revenue_direction,C,0,D,1,1,-1,1,2,True,True
zh,P029,revenue_direction,D,1,C,0,-1,1,-1,-2,True,True
zh,P030,revenue_direction,C,0,D,1,1,-1,1,2,True,True
zh,P031,revenue_direction,D,1,C,0,-1,1,-1,-2,True,True
zh,P032,revenue_direction,C,0,D,1,1,-1,1,2,True,True
zh,P033,earnings_expectations,D,1,B,-1,-2,1,-1,-2,True,True
zh,P034,earnings_expectations,C,0,D,1,1,-1,1,2,True,True
zh,P035,earnings_expectations,D,1,B,-1,-2,1,-1,-2,True,True
zh,P036,earnings_expectations,B,-1,D,1,2,-1,1,2,True,True
zh,P037,earnings_expectations,D,1,B,-1,-2,1,-1,-2,True,True
zh,P038,earnings_expectations,B,-1,D,1,2,-1,1,2,True,True
zh,P039,earnings_expectations,D,1,B,-1,-2,1,-1,-2,True,True
zh,P040,earnings_expectations,B,-1,D,1,2,-1,1,2,True,True
zh,P041,guidance,D,1,B,-1,-2,1,-1,-2,True,True
zh,P042,guidance,B,-1,D,1,2,-1,1,2,True,True
zh,P043,guidance,D,1,C,0,-1,1,-1,-2,True,True
zh,P044,guidance,B,-1,D,1,2,-1,1,2,True,True
zh,P045,guidance,D,1,B,-1,-2,1,-1,-2,True,True
zh,P046,guidance,C,0,D,1,1,-1,1,2,True,True
zh,P047,guidance,D,1,B,-1,-2,1,-1,-2,True,True
zh,P048,guidance,C,0,D,1,1,-1,1,2,True,True
zh,P049,margin,D,1,C,0,-1,1,-1,-2,True,True
zh,P050,margin,C,0,D,1,1,-1,1,2,True,True
zh,P051,margin,D,1,C,0,-1,1,-1,-2,True,True
zh,P052,margin,C,0,D,1,1,-1,1,2,True,True
zh,P053,margin,D,1,C,0,-1,1,-1,-2,True,True
zh,P054,margin,C,0,D,1,1,-1,1,2,True,True
zh,P055,contract_realization,D,1,B,-1,-2,1,-1,-2,True,True
zh,P056,contract_realization,B,-1,D,1,2,-1,1,2,True,True
zh,P057,contract_realization,D,1,C,0,-1,1,-1,-2,True,True
zh,P058,contract_realization,B,-1,D,1,2,-1,1,2,True,True
zh,P059,contract_realization,D,1,B,-1,-2,1,-1,-2,True,True
zh,P060,contract_realization,C,0,D,1,1,-1,1,2,True,True
ja,P001,profit_direction,D,1,B,-1,-2,1,-1,-2,True,True
ja,P002,profit_direction,B,-1,D,1,2,-1,1,2,True,True
ja,P003,profit_direction,D,1,B,-1,-2,1,-1,-2,True,True
ja,P004,profit_direction,C,0,C,0,0,-1,1,2,False,True
ja,P005,profit_direction,D,1,B,-1,-2,1,-1,-2,True,True
ja,P006,profit_direction,B,-1,D,1,2,-1,1,2,True,True
ja,P007,profit_direction,D,1,B,-1,-2,1,-1,-2,True,True
ja,P008,profit_direction,B,-1,D,1,2,-1,1,2,True,True
ja,P009,loss_direction,B,-1,B,-1,0,1,-1,-2,False,True
ja,P010,loss_direction,B,-1,D,1,2,-1,1,2,True,True
ja,P011,loss_direction,C,0,B,-1,-1,1,-1,-2,True,True
ja,P012,loss_direction,B,-1,D,1,2,-1,1,2,True,True
ja,P013,loss_direction,C,0,B,-1,-1,1,-1,-2,True,True
ja,P014,loss_direction,A,-2,D,1,3,-1,1,2,True,True
ja,P015,loss_direction,C,0,B,-1,-1,1,-1,-2,True,True
ja,P016,loss_direction,B,-1,C,0,1,-1,1,2,True,True
ja,P017,cost_direction,D,1,C,0,-1,1,-1,-2,True,True
ja,P018,cost_direction,C,0,C,0,0,-1,1,2,False,True
ja,P019,cost_direction,C,0,C,0,0,1,-1,-2,False,True
ja,P020,cost_direction,C,0,C,0,0,-1,1,2,False,True
ja,P021,cost_direction,D,1,C,0,-1,1,-1,-2,True,True
ja,P022,cost_direction,C,0,C,0,0,-1,1,2,False,True
ja,P023,cost_direction,C,0,C,0,0,1,-1,-2,False,True
ja,P024,cost_direction,C,0,D,1,1,-1,1,2,True,True
ja,P025,revenue_direction,D,1,B,-1,-2,1,-1,-2,True,True
ja,P026,revenue_direction,B,-1,D,1,2,-1,1,2,True,True
ja,P027,revenue_direction,D,1,B,-1,-2,1,-1,-2,True,True
ja,P028,revenue_direction,B,-1,D,1,2,-1,1,2,True,True
ja,P029,revenue_direction,D,1,B,-1,-2,1,-1,-2,True,True
ja,P030,revenue_direction,B,-1,D,1,2,-1,1,2,True,True
ja,P031,revenue_direction,D,1,B,-1,-2,1,-1,-2,True,True
ja,P032,revenue_direction,B,-1,D,1,2,-1,1,2,True,True
ja,P033,earnings_expectations,D,1,B,-1,-2,1,-1,-2,True,True
ja,P034,earnings_expectations,B,-1,D,1,2,-1,1,2,True,True
ja,P035,earnings_expectations,D,1,B,-1,-2,1,-1,-2,True,True
ja,P036,earnings_expectations,B,-1,D,1,2,-1,1,2,True,True
ja,P037,earnings_expectations,D,1,B,-1,-2,1,-1,-2,True,True
ja,P038,earnings_expectations,B,-1,D,1,2,-1,1,2,True,True
ja,P039,earnings_expectations,D,1,B,-1,-2,1,-1,-2,True,True
ja,P040,earnings_expectations,B,-1,D,1,2,-1,1,2,True,True
ja,P041,guidance,D,1,B,-1,-2,1,-1,-2,True,True
ja,P042,guidance,B,-1,D,1,2,-1,1,2,True,True
ja,P043,guidance,D,1,B,-1,-2,1,-1,-2,True,True
ja,P044,guidance,B,-1,D,1,2,-1,1,2,True,True
ja,P045,guidance,D,1,B,-1,-2,1,-1,-2,True,True
ja,P046,guidance,B,-1,D,1,2,-1,1,2,True,True
ja,P047,guidance,D,1,B,-1,-2,1,-1,-2,True,True
ja,P048,guidance,B,-1,B,-1,0,-1,1,2,False,True
ja,P049,margin,D,1,B,-1,-2,1,-1,-2,True,True
ja,P050,margin,C,0,C,0,0,-1,1,2,False,True
ja,P051,margin,D,1,B,-1,-2,1,-1,-2,True,True
ja,P052,margin,B,-1,D,1,2,-1,1,2,True,True
ja,P053,margin,C,0,C,0,0,1,-1,-2,False,True
ja,P054,margin,C,0,D,1,1,-1,1,2,True,True
ja,P055,contract_realization,D,1,B,-1,-2,1,-1,-2,True,True
ja,P056,contract_realization,B,-1,D,1,2,-1,1,2,True,True
ja,P057,contract_realization,D,1,C,0,-1,1,-1,-2,True,True
ja,P058,contract_realization,B,-1,D,1,2,-1,1,2,True,True
ja,P059,contract_realization,D,1,C,0,-1,1,-1,-2,True,True
ja,P060,contract_realization,B,-1,D,1,2,-1,1,2,True,True
ar,P001,profit_direction,D,1,C,0,-1,1,-1,-2,True,True
ar,P002,profit_direction,A,-2,D,1,3,-1,1,2,True,True
ar,P003,profit_direction,D,1,C,0,-1,1,-1,-2,True,True
ar,P004,profit_direction,C,0,B,-1,-1,-1,1,2,False,True
ar,P005,profit_direction,D,1,A,-2,-3,1,-1,-2,True,True
ar,P006,profit_direction,C,0,D,1,1,-1,1,2,True,True
ar,P007,profit_direction,D,1,A,-2,-3,1,-1,-2,True,True
ar,P008,profit_direction,C,0,D,1,1,-1,1,2,True,True
ar,P009,loss_direction,B,-1,A,-2,-1,1,-1,-2,True,True
ar,P010,loss_direction,A,-2,A,-2,0,-1,1,2,False,True
ar,P011,loss_direction,B,-1,A,-2,-1,1,-1,-2,True,True
ar,P012,loss_direction,A,-2,B,-1,1,-1,1,2,True,True
ar,P013,loss_direction,B,-1,A,-2,-1,1,-1,-2,True,True
ar,P014,loss_direction,A,-2,B,-1,1,-1,1,2,True,True
ar,P015,loss_direction,C,0,A,-2,-2,1,-1,-2,True,True
ar,P016,loss_direction,A,-2,D,1,3,-1,1,2,True,True
ar,P017,cost_direction,D,1,C,0,-1,1,-1,-2,True,True
ar,P018,cost_direction,B,-1,C,0,1,-1,1,2,True,True
ar,P019,cost_direction,D,1,C,0,-1,1,-1,-2,True,True
ar,P020,cost_direction,C,0,B,-1,-1,-1,1,2,False,True
ar,P021,cost_direction,B,-1,A,-2,-1,1,-1,-2,True,True
ar,P022,cost_direction,C,0,C,0,0,-1,1,2,False,True
ar,P023,cost_direction,D,1,C,0,-1,1,-1,-2,True,True
ar,P024,cost_direction,C,0,D,1,1,-1,1,2,True,True
ar,P025,revenue_direction,D,1,A,-2,-3,1,-1,-2,True,True
ar,P026,revenue_direction,C,0,D,1,1,-1,1,2,True,True
ar,P027,revenue_direction,D,1,A,-2,-3,1,-1,-2,True,True
ar,P028,revenue_direction,A,-2,D,1,3,-1,1,2,True,True
ar,P029,revenue_direction,D,1,A,-2,-3,1,-1,-2,True,True
ar,P030,revenue_direction,A,-2,D,1,3,-1,1,2,True,True
ar,P031,revenue_direction,D,1,C,0,-1,1,-1,-2,True,True
ar,P032,revenue_direction,C,0,D,1,1,-1,1,2,True,True
ar,P033,earnings_expectations,D,1,A,-2,-3,1,-1,-2,True,True
ar,P034,earnings_expectations,A,-2,D,1,3,-1,1,2,True,True
ar,P035,earnings_expectations,D,1,A,-2,-3,1,-1,-2,True,True
ar,P036,earnings_expectations,A,-2,D,1,3,-1,1,2,True,True
ar,P037,earnings_expectations,D,1,A,-2,-3,1,-1,-2,True,True
ar,P038,earnings_expectations,A,-2,D,1,3,-1,1,2,True,True
ar,P039,earnings_expectations,D,1,A,-2,-3,1,-1,-2,True,True
ar,P040,earnings_expectations,A,-2,D,1,3,-1,1,2,True,True
ar,P041,guidance,D,1,A,-2,-3,1,-1,-2,True,True
ar,P042,guidance,A,-2,D,1,3,-1,1,2,True,True
ar,P043,guidance,D,1,A,-2,-3,1,-1,-2,True,True
ar,P044,guidance,A,-2,D,1,3,-1,1,2,True,True
ar,P045,guidance,D,1,A,-2,-3,1,-1,-2,True,True
ar,P046,guidance,C,0,D,1,1,-1,1,2,True,True
ar,P047,guidance,D,1,A,-2,-3,1,-1,-2,True,True
ar,P048,guidance,A,-2,D,1,3,-1,1,2,True,True
ar,P049,margin,D,1,C,0,-1,1,-1,-2,True,True
ar,P050,margin,B,-1,D,1,2,-1,1,2,True,True
ar,P051,margin,D,1,A,-2,-3,1,-1,-2,True,True
ar,P052,margin,C,0,C,0,0,-1,1,2,False,True
ar,P053,margin,B,-1,A,-2,-1,1,-1,-2,True,True
ar,P054,margin,C,0,D,1,1,-1,1,2,True,True
ar,P055,contract_realization,D,1,A,-2,-3,1,-1,-2,True,True
ar,P056,contract_realization,A,-2,D,1,3,-1,1,2,True,True
ar,P057,contract_realization,C,0,C,0,0,1,-1,-2,False,True
ar,P058,contract_realization,A,-2,D,1,3,-1,1,2,True,True
ar,P059,contract_realization,D,1,A,-2,-3,1,-1,-2,True,True
ar,P060,contract_realization,A,-2,D,1,3,-1,1,2,True,True
