pair_id,family,language_a,language_b,delta_a,delta_b,disagreement,exact_delta_match,complete
P001,profit_direction,en,es,-1,-1,0,True,True
P001,profit_direction,en,de,-1,-1,0,True,True
P001,profit_direction,en,fr,-1,-1,0,True,True
P001,profit_direction,en,zh,-1,-1,0,True,True
P001,profit_direction,en,ja,-1,-2,1,False,True
P001,profit_direction,en,ar,-1,-1,0,True,True
P001,profit_direction,es,de,-1,-1,0,True,True
P001,profit_direction,es,fr,-1,-1,0,True,True
P001,profit_direction,es,zh,-1,-1,0,True,True
P001,profit_direction,es,ja,-1,-2,1,False,True
P001,profit_direction,es,ar,-1,-1,0,True,True
P001,profit_direction,de,fr,-1,-1,0,True,True
P001,profit_direction,de,zh,-1,-1,0,True,True
P001,profit_direction,de,ja,-1,-2,1,False,True
P001,profit_direction,de,ar,-1,-1,0,True,True
P001,profit_direction,fr,zh,-1,-1,0,True,True
P001,profit_direction,fr,ja,-1,-2,1,False,True
P001,profit_direction,fr,ar,-1,-1,0,True,True
P001,profit_direction,zh,ja,-1,-2,1,False,True
P001,profit_direction,zh,ar,-1,-1,0,True,True
P001,profit_direction,ja,ar,-2,-1,1,False,True
P002,profit_direction,en,es,3,1,2,False,True
P002,profit_direction,en,de,3,1,2,False,True
P002,profit_direction,en,fr,3,1,2,False,True
P002,profit_direction,en,zh,3,2,1,False,True
P002,profit_direction,en,ja,3,2,1,False,True
P002,profit_direction,en,ar,3,3,0,True,True
P002,profit_direction,es,de,1,1,0,True,True
P002,profit_direction,es,fr,1,1,0,True,True
P002,profit_direction,es,zh,1,2,1,False,True
P002,profit_direction,es,ja,1,2,1,False,True
P002,profit_direction,es,ar,1,3,2,False,True
P002,profit_direction,de,fr,1,1,0,True,True
P002,profit_direction,de,zh,1,2,1,False,True
P002,profit_direction,de,ja,1,2,1,False,True
P002,profit_direction,de,ar,1,3,2,False,True
P002,profit_direction,fr,zh,1,2,1,False,True
P002,profit_direction,fr,ja,1,2,1,False,True
P002,profit_direction,fr,ar,1,3,2,False,True
P002,profit_direction,zh,ja,2,2,0,True,True
P002,profit_direction,zh,ar,2,3,1,False,True
P002,profit_direction,ja,ar,2,3,1,False,True
P003,profit_direction,en,es,-1,-1,0,True,True
P003,profit_direction,en,de,-1,-1,0,True,True
P003,profit_direction,en,fr,-1,-1,0,True,True
P003,profit_direction,en,zh,-1,-1,0,True,True
P003,profit_direction,en,ja,-1,-2,1,False,True
P003,profit_direction,en,ar,-1,-1,0,True,True
P003,profit_direction,es,de,-1,-1,0,True,True
P003,profit_direction,es,fr,-1,-1,0,True,True
P003,profit_direction,es,zh,-1,-1,0,True,True
P003,profit_direction,es,ja,-1,-2,1,False,True
P003,profit_direction,es,ar,-1,-1,0,True,True
P003,profit_direction,de,fr,-1,-1,0,True,True
P003,profit_direction,de,zh,-1,-1,0,True,True
P003,profit_direction,de,ja,-1,-2,1,False,True
P003,profit_direction,de,ar,-1,-1,0,True,True
P003,profit_direction,fr,zh,-1,-1,0,True,True
P003,profit_direction,fr,ja,-1,-2,1,False,True
P003,profit_direction,fr,ar,-1,-1,0,True,True
P003,profit_direction,zh,ja,-1,-2,1,False,True
P003,profit_direction,zh,ar,-1,-1,0,True,True
P003,profit_direction,ja,ar,-2,-1,1,False,True
P004,profit_direction,en,es,1,0,1,False,True
P004,profit_direction,en,de,1,1,0,True,True
P004,profit_direction,en,fr,1,0,1,False,True
P004,profit_direction,en,zh,1,1,0,True,True
P004,profit_direction,en,ja,1,0,1,False,True
P004,profit_direction,en,ar,1,-1,2,False,True
P004,profit_direction,es,de,0,1,1,False,True
P004,profit_direction,es,fr,0,0,0,True,True
P004,profit_direction,es,zh,0,1,1,False,True
P004,profit_direction,es,ja,0,0,0,True,True
P004,profit_direction,es,ar,0,-1,1,False,True
P004,profit_direction,de,fr,1,0,1,False,True
P004,profit_direction,de,zh,1,1,0,True,True
P004,profit_direction,de,ja,1,0,1,False,True
P004,profit_direction,de,ar,1,-1,2,False,True
P004,profit_direction,fr,zh,0,1,1,False,True
P004,profit_direction,fr,ja,0,0,0,True,True
P004,profit_direction,fr,ar,0,-1,1,False,True
P004,profit_direction,zh,ja,1,0,1,False,True
P004,profit_direction,zh,ar,1,-1,2,False,True
P004,profit_direction,ja,ar,0,-1,1,False,True
P005,profit_direction,en,es,-1,-1,0,True,True
P005,profit_direction,en,de,-1,-1,0,True,True
P005,profit_direction,en,fr,-1,-1,0,True,True
P005,profit_direction,en,zh,-1,-1,0,True,True
P005,profit_direction,en,ja,-1,-2,1,False,True
P005,profit_direction,en,ar,-1,-3,2,False,True
P005,profit_direction,es,de,-1,-1,0,True,True
P005,profit_direction,es,fr,-1,-1,0,True,True
P005,profit_direction,es,zh,-1,-1,0,True,True
P005,profit_direction,es,ja,-1,-2,1,False,True
P005,profit_direction,es,ar,-1,-3,2,False,True
P005,profit_direction,de,fr,-1,-1,0,True,True
P005,profit_direction,de,zh,-1,-1,0,True,True
P005,profit_direction,de,ja,-1,-2,1,False,True
P005,profit_direction,de,ar,-1,-3,2,False,True
P005,profit_direction,fr,zh,-1,-1,0,True,True
P005,profit_direction,fr,ja,-1,-2,1,False,True
P005,profit_direction,fr,ar,-1,-3,2,False,True
P005,profit_direction,zh,ja,-1,-2,1,False,True
P005,profit_direction,zh,ar,-1,-3,2,False,True
P005,profit_direction,ja,ar,-2,-3,1,False,True
P006,profit_direction,en,es,1,0,1,False,True
P006,profit_direction,en,de,1,1,0,True,True
P006,profit_direction,en,fr,1,1,0,True,True
P006,profit_direction,en,zh,1,1,0,True,True
P006,profit_direction,en,ja,1,2,1,False,True
P006,profit_direction,en,ar,1,1,0,True,True
P006,profit_direction,es,de,0,1,1,False,True
P006,profit_direction,es,fr,0,1,1,False,True
P006,profit_direction,es,zh,0,1,1,False,True
P006,profit_direction,es,ja,0,2,2,False,True
P006,profit_direction,es,ar,0,1,1,False,True
P006,profit_direction,de,fr,1,1,0,True,True
P006,profit_direction,de,zh,1,1,0,True,True
P006,profit_direction,de,ja,1,2,1,False,True
P006,profit_direction,de,ar,1,1,0,True,True
P006,profit_direction,fr,zh,1,1,0,True,True
P006,profit_direction,fr,ja,1,2,1,False,True
P006,profit_direction,fr,ar,1,1,0,True,True
P006,profit_direction,zh,ja,1,2,1,False,True
P006,profit_direction,zh,ar,1,1,0,True,True
P006,profit_direction,ja,ar,2,1,1,False,True
P007,profit_direction,en,es,-1,-1,0,True,True
P007,profit_direction,en,de,-1,-1,0,True,True
P007,profit_direction,en,fr,-1,-1,0,True,True
P007,profit_direction,en,zh,-1,-1,0,True,True
P007,profit_direction,en,ja,-1,-2,1,False,True
P007,profit_direction,en,ar,-1,-3,2,False,True
P007,profit_direction,es,de,-1,-1,0,True,True
P007,profit_direction,es,fr,-1,-1,0,True,True
P007,profit_direction,es,zh,-1,-1,0,True,True
P007,profit_direction,es,ja,-1,-2,1,False,True
P007,profit_direction,es,ar,-1,-3,2,False,True
P007,profit_direction,de,fr,-1,-1,0,True,True
P007,profit_direction,de,zh,-1,-1,0,True,True
P007,profit_direction,de,ja,-1,-2,1,False,True
P007,profit_direction,de,ar,-1,-3,2,False,True
P007,profit_direction,fr,zh,-1,-1,0,True,True
P007,profit_direction,fr,ja,-1,-2,1,False,True
P007,profit_direction,fr,ar,-1,-3,2,False,True
P007,profit_direction,zh,ja,-1,-2,1,False,True
P007,profit_direction,zh,ar,-1,-3,2,False,True
P007,profit_direction,ja,ar,-2,-3,1,False,True
P008,profit_direction,en,es,1,1,0,True,True
P008,profit_direction,en,de,1,1,0,True,True
P008,profit_direction,en,fr,1,1,0,True,True
P008,profit_direction,en,zh,1,1,0,True,True
P008,profit_direction,en,ja,1,2,1,False,True
P008,profit_direction,en,ar,1,1,0,True,True
P008,profit_direction,es,de,1,1,0,True,True
P008,profit_direction,es,fr,1,1,0,True,True
P008,profit_direction,es,zh,1,1,0,True,True
P008,profit_direction,es,ja,1,2,1,False,True
P008,profit_direction,es,ar,1,1,0,True,True
P008,profit_direction,de,fr,1,1,0,True,True
P008,profit_direction,de,zh,1,1,0,True,True
P008,profit_direction,de,ja,1,2,1,False,True
P008,profit_direction,de,ar,1,1,0,True,True
P008,profit_direction,fr,zh,1,1,0,True,True
P008,profit_direction,fr,ja,1,2,1,False,True
P008,profit_direction,fr,ar,1,1,0,True,True
P008,profit_direction,zh,ja,1,2,1,False,True
P008,profit_direction,zh,ar,1,1,0,True,True
P008,profit_direction,ja,ar,2,1,1,False,True
P009,loss_direction,en,es,-1,0,1,False,True
P009,loss_direction,en,de,-1,0,1,False,True
P009,loss_direction,en,fr,-1,0,1,False,True
P009,loss_direction,en,zh,-1,-1,0,True,True
P009,loss_direction,en,ja,-1,0,1,False,True
P009,loss_direction,en,ar,-1,-1,0,True,True
P009,loss_direction,es,de,0,0,0,True,True
P009,loss_direction,es,fr,0,0,0,True,True
P009,loss_direction,es,zh,0,-1,1,False,True
P009,loss_direction,es,ja,0,0,0,True,True
P009,loss_direction,es,ar,0,-1,1,False,True
P009,loss_direction,de,fr,0,0,0,True,True
P009,loss_direction,de,zh,0,-1,1,False,True
P009,loss_direction,de,ja,0,0,0,True,True
P009,loss_direction,de,ar,0,-1,1,False,True
P009,loss_direction,fr,zh,0,-1,1,False,True
P009,loss_direction,fr,ja,0,0,0,True,True
P009,loss_direction,fr,ar,0,-1,1,False,True
P009,loss_direction,zh,ja,-1,0,1,False,True
P009,loss_direction,zh,ar,-1,-1,0,True,True
P009,loss_direction,ja,ar,0,-1,1,False,True
P010,loss_direction,en,es,0,0,0,True,True
P010,loss_direction,en,de,0,3,3,False,True
P010,loss_direction,en,fr,0,0,0,True,True
P010,loss_direction,en,zh,0,1,1,False,True
P010,loss_direction,en,ja,0,2,2,False,True
P010,loss_direction,en,ar,0,0,0,True,True
P010,loss_direction,es,de,0,3,3,False,True
P010,loss_direction,es,fr,0,0,0,True,True
P010,loss_direction,es,zh,0,1,1,False,True
P010,loss_direction,es,ja,0,2,2,False,True
P010,loss_direction,es,ar,0,0,0,True,True
P010,loss_direction,de,fr,3,0,3,False,True
P010,loss_direction,de,zh,3,1,2,False,True
P010,loss_direction,de,ja,3,2,1,False,True
P010,loss_direction,de,ar,3,0,3,False,True
P010,loss_direction,fr,zh,0,1,1,False,True
P010,loss_direction,fr,ja,0,2,2,False,True
P010,loss_direction,fr,ar,0,0,0,True,True
P010,loss_direction,zh,ja,1,2,1,False,True
P010,loss_direction,zh,ar,1,0,1,False,True
P010,loss_direction,ja,ar,2,0,2,False,True
P011,loss_direction,en,es,-1,0,1,False,True
P011,loss_direction,en,de,-1,0,1,False,True
P011,loss_direction,en,fr,-1,0,1,False,True
P011,loss_direction,en,zh,-1,-1,0,True,True
P011,loss_direction,en,ja,-1,-1,0,True,True
P011,loss_direction,en,ar,-1,-1,0,True,True
P011,loss_direction,es,de,0,0,0,True,True
P011,loss_direction,es,fr,0,0,0,True,True
P011,loss_direction,es,zh,0,-1,1,False,True
P011,loss_direction,es,ja,0,-1,1,False,True
P011,loss_direction,es,ar,0,-1,1,False,True
P011,loss_direction,de,fr,0,0,0,True,True
P011,loss_direction,de,zh,0,-1,1,False,True
P011,loss_direction,de,ja,0,-1,1,False,True
P011,loss_direction,de,ar,0,-1,1,False,True
P011,loss_direction,fr,zh,0,-1,1,False,True
P011,loss_direction,fr,ja,0,-1,1,False,True
P011,loss_direction,fr,ar,0,-1,1,False,True
P011,loss_direction,zh,ja,-1,-1,0,True,True
P011,loss_direction,zh,ar,-1,-1,0,True,True
P011,loss_direction,ja,ar,-1,-1,0,True,True
P012,loss_direction,en,es,2,1,1,False,True
P012,loss_direction,en,de,2,0,2,False,True
P012,loss_direction,en,fr,2,2,0,True,True
P012,loss_direction,en,zh,2,1,1,False,True
P012,loss_direction,en,ja,2,2,0,True,True
P012,loss_direction,en,ar,2,1,1,False,True
P012,loss_direction,es,de,1,0,1,False,True
P012,loss_direction,es,fr,1,2,1,False,True
P012,loss_direction,es,zh,1,1,0,True,True
P012,loss_direction,es,ja,1,2,1,False,True
P012,loss_direction,es,ar,1,1,0,True,True
P012,loss_direction,de,fr,0,2,2,False,True
P012,loss_direction,de,zh,0,1,1,False,True
P012,loss_direction,de,ja,0,2,2,False,True
P012,loss_direction,de,ar,0,1,1,False,True
P012,loss_direction,fr,zh,2,1,1,False,True
P012,loss_direction,fr,ja,2,2,0,True,True
P012,loss_direction,fr,ar,2,1,1,False,True
P012,loss_direction,zh,ja,1,2,1,False,True
P012,loss_direction,zh,ar,1,1,0,True,True
P012,loss_direction,ja,ar,2,1,1,False,True
P013,loss_direction,en,es,0,0,0,True,True
P013,loss_direction,en,de,0,0,0,True,True
P013,loss_direction,en,fr,0,-1,1,False,True
P013,loss_direction,en,zh,0,0,0,True,True
P013,loss_direction,en,ja,0,-1,1,False,True
P013,loss_direction,en,ar,0,-1,1,False,True
P013,loss_direction,es,de,0,0,0,True,True
P013,loss_direction,es,fr,0,-1,1,False,True
P013,loss_direction,es,zh,0,0,0,True,True
P013,loss_direction,es,ja,0,-1,1,False,True
P013,loss_direction,es,ar,0,-1,1,False,True
P013,loss_direction,de,fr,0,-1,1,False,True
P013,loss_direction,de,zh,0,0,0,True,True
P013,loss_direction,de,ja,0,-1,1,False,True
P013,loss_direction,de,ar,0,-1,1,False,True
P013,loss_direction,fr,zh,-1,0,1,False,True
P013,loss_direction,fr,ja,-1,-1,0,True,True
P013,loss_direction,fr,ar,-1,-1,0,True,True
P013,loss_direction,zh,ja,0,-1,1,False,True
P013,loss_direction,zh,ar,0,-1,1,False,True
P013,loss_direction,ja,ar,-1,-1,0,True,True
P014,loss_direction,en,es,0,1,1,False,True
P014,loss_direction,en,de,0,1,1,False,True
P014,loss_direction,en,fr,0,1,1,False,True
P014,loss_direction,en,zh,0,1,1,False,True
P014,loss_direction,en,ja,0,3,3,False,True
P014,loss_direction,en,ar,0,1,1,False,True
P014,loss_direction,es,de,1,1,0,True,True
P014,loss_direction,es,fr,1,1,0,True,True
P014,loss_direction,es,zh,1,1,0,True,True
P014,loss_direction,es,ja,1,3,2,False,True
P014,loss_direction,es,ar,1,1,0,True,True
P014,loss_direction,de,fr,1,1,0,True,True
P014,loss_direction,de,zh,1,1,0,True,True
P014,loss_direction,de,ja,1,3,2,False,True
P014,loss_direction,de,ar,1,1,0,True,True
P014,loss_direction,fr,zh,1,1,0,True,True
P014,loss_direction,fr,ja,1,3,2,False,True
P014,loss_direction,fr,ar,1,1,0,True,True
P014,loss_direction,zh,ja,1,3,2,False,True
P014,loss_direction,zh,ar,1,1,0,True,True
P014,loss_direction,ja,ar,3,1,2,False,True
P015,loss_direction,en,es,0,0,0,True,True
P015,loss_direction,en,de,0,-2,2,False,True
P015,loss_direction,en,fr,0,-1,1,False,True
P015,loss_direction,en,zh,0,-1,1,False,True
P015,loss_direction,en,ja,0,-1,1,False,True
P015,loss_direction,en,ar,0,-2,2,False,True
P015,loss_direction,es,de,0,-2,2,False,True
P015,loss_direction,es,fr,0,-1,1,False,True
P015,loss_direction,es,zh,0,-1,1,False,True
P015,loss_direction,es,ja,0,-1,1,False,True
P015,loss_direction,es,ar,0,-2,2,False,True
P015,loss_direction,de,fr,-2,-1,1,False,True
P015,loss_direction,de,zh,-2,-1,1,False,True
P015,loss_direction,de,ja,-2,-1,1,False,True
P015,loss_direction,de,ar,-2,-2,0,True,True
P015,loss_direction,fr,zh,-1,-1,0,True,True
P015,loss_direction,fr,ja,-1,-1,0,True,True
P015,loss_direction,fr,ar,-1,-2,1,False,True
P015,loss_direction,zh,ja,-1,-1,0,True,True
P015,loss_direction,zh,ar,-1,-2,1,False,True
P015,loss_direction,ja,ar,-1,-2,1,False,True
P016,loss_direction,en,es,0,0,0,True,True
P016,loss_direction,en,de,0,0,0,True,True
P016,loss_direction,en,fr,0,2,2,False,True
P016,loss_direction,en,zh,0,1,1,False,True
P016,loss_direction,en,ja,0,1,1,False,True
P016,loss_direction,en,ar,0,3,3,False,True
P016,loss_direction,es,de,0,0,0,True,True
P016,loss_direction,es,fr,0,2,2,False,True
P016,loss_direction,es,zh,0,1,1,False,True
P016,loss_direction,es,ja,0,1,1,False,True
P016,loss_direction,es,ar,0,3,3,False,True
P016,loss_direction,de,fr,0,2,2,False,True
P016,loss_direction,de,zh,0,1,1,False,True
P016,loss_direction,de,ja,0,1,1,False,True
P016,loss_direction,de,ar,0,3,3,False,True
P016,loss_direction,fr,zh,2,1,1,False,True
P016,loss_direction,fr,ja,2,1,1,False,True
P016,loss_direction,fr,ar,2,3,1,False,True
P016,loss_direction,zh,ja,1,1,0,True,True
P016,loss_direction,zh,ar,1,3,2,False,True
P016,loss_direction,ja,ar,1,3,2,False,True
P017,cost_direction,en,es,-1,-1,0,True,True
P017,cost_direction,en,de,-1,-1,0,True,True
P017,cost_direction,en,fr,-1,-1,0,True,True
P017,cost_direction,en,zh,-1,-1,0,True,True
P017,cost_direction,en,ja,-1,-1,0,True,True
P017,cost_direction,en,ar,-1,-1,0,True,True
P017,cost_direction,es,de,-1,-1,0,True,True
P017,cost_direction,es,fr,-1,-1,0,True,True
P017,cost_direction,es,zh,-1,-1,0,True,True
P017,cost_direction,es,ja,-1,-1,0,True,True
P017,cost_direction,es,ar,-1,-1,0,True,True
P017,cost_direction,de,fr,-1,-1,0,True,True
P017,cost_direction,de,zh,-1,-1,0,True,True
P017,cost_direction,de,ja,-1,-1,0,True,True
P017,cost_direction,de,ar,-1,-1,0,True,True
P017,cost_direction,fr,zh,-1,-1,0,True,True
P017,cost_direction,fr,ja,-1,-1,0,True,True
P017,cost_direction,fr,ar,-1,-1,0,True,True
P017,cost_direction,zh,ja,-1,-1,0,True,True
P017,cost_direction,zh,ar,-1,-1,0,True,True
P017,cost_direction,ja,ar,-1,-1,0,True,True
P018,cost_direction,en,es,0,0,0,True,True
P018,cost_direction,en,de,0,0,0,True,True
P018,cost_direction,en,fr,0,0,0,True,True
P018,cost_direction,en,zh,0,0,0,True,True
P018,cost_direction,en,ja,0,0,0,True,True
P018,cost_direction,en,ar,0,1,1,False,True
P018,cost_direction,es,de,0,0,0,True,True
P018,cost_direction,es,fr,0,0,0,True,True
P018,cost_direction,es,zh,0,0,0,True,True
P018,cost_direction,es,ja,0,0,0,True,True
P018,cost_direction,es,ar,0,1,1,False,True
P018,cost_direction,de,fr,0,0,0,True,True
P018,cost_direction,de,zh,0,0,0,True,True
P018,cost_direction,de,ja,0,0,0,True,True
P018,cost_direction,de,ar,0,1,1,False,True
P018,cost_direction,fr,zh,0,0,0,True,True
P018,cost_direction,fr,ja,0,0,0,True,True
P018,cost_direction,fr,ar,0,1,1,False,True
P018,cost_direction,zh,ja,0,0,0,True,True
P018,cost_direction,zh,ar,0,1,1,False,True
P018,cost_direction,ja,ar,0,1,1,False,True
P019,cost_direction,en,es,0,-1,1,False,True
P019,cost_direction,en,de,0,-1,1,False,True
P019,cost_direction,en,fr,0,-1,1,False,True
P019,cost_direction,en,zh,0,-1,1,False,True
P019,cost_direction,en,ja,0,0,0,True,True
P019,cost_direction,en,ar,0,-1,1,False,True
P019,cost_direction,es,de,-1,-1,0,True,True
P019,cost_direction,es,fr,-1,-1,0,True,True
P019,cost_direction,es,zh,-1,-1,0,True,True
P019,cost_direction,es,ja,-1,0,1,False,True
P019,cost_direction,es,ar,-1,-1,0,True,True
P019,cost_direction,de,fr,-1,-1,0,True,True
P019,cost_direction,de,zh,-1,-1,0,True,True
P019,cost_direction,de,ja,-1,0,1,False,True
P019,cost_direction,de,ar,-1,-1,0,True,True
P019,cost_direction,fr,zh,-1,-1,0,True,True
P019,cost_direction,fr,ja,-1,0,1,False,True
P019,cost_direction,fr,ar,-1,-1,0,True,True
P019,cost_direction,zh,ja,-1,0,1,False,True
P019,cost_direction,zh,ar,-1,-1,0,True,True
P019,cost_direction,ja,ar,0,-1,1,False,True
P020,cost_direction,en,es,0,0,0,True,True
P020,cost_direction,en,de,0,0,0,True,True
P020,cost_direction,en,fr,0,0,0,True,True
P020,cost_direction,en,zh,0,1,1,False,True
P020,cost_direction,en,ja,0,0,0,True,True
P020,cost_direction,en,ar,0,-1,1,False,True
P020,cost_direction,es,de,0,0,0,True,True
P020,cost_direction,es,fr,0,0,0,True,True
P020,cost_direction,es,zh,0,1,1,False,True
P020,cost_direction,es,ja,0,0,0,True,True
P020,cost_direction,es,ar,0,-1,1,False,True
P020,cost_direction,de,fr,0,0,0,True,True
P020,cost_direction,de,zh,0,1,1,False,True
P020,cost_direction,de,ja,0,0,0,True,True
P020,cost_direction,de,ar,0,-1,1,False,True
P020,cost_direction,fr,zh,0,1,1,False,True
P020,cost_direction,fr,ja,0,0,0,True,True
P020,cost_direction,fr,ar,0,-1,1,False,True
P020,cost_direction,zh,ja,1,0,1,False,True
P020,cost_direction,zh,ar,1,-1,2,False,True
P020,cost_direction,ja,ar,0,-1,1,False,True
P021,cost_direction,en,es,-1,0,1,False,True
P021,cost_direction,en,de,-1,0,1,False,True
P021,cost_direction,en,fr,-1,-1,0,True,True
P021,cost_direction,en,zh,-1,-1,0,True,True
P021,cost_direction,en,ja,-1,-1,0,True,True
P021,cost_direction,en,ar,-1,-1,0,True,True
P021,cost_direction,es,de,0,0,0,True,True
P021,cost_direction,es,fr,0,-1,1,False,True
P021,cost_direction,es,zh,0,-1,1,False,True
P021,cost_direction,es,ja,0,-1,1,False,True
P021,cost_direction,es,ar,0,-1,1,False,True
P021,cost_direction,de,fr,0,-1,1,False,True
P021,cost_direction,de,zh,0,-1,1,False,True
P021,cost_direction,de,ja,0,-1,1,False,True
P021,cost_direction,de,ar,0,-1,1,False,True
P021,cost_direction,fr,zh,-1,-1,0,True,True
P021,cost_direction,fr,ja,-1,-1,0,True,True
P021,cost_direction,fr,ar,-1,-1,0,True,True
P021,cost_direction,zh,ja,-1,-1,0,True,True
P021,cost_direction,zh,ar,-1,-1,0,True,True
P021,cost_direction,ja,ar,-1,-1,0,True,True
P022,cost_direction,en,es,0,0,0,True,True
P022,cost_direction,en,de,0,0,0,True,True
P022,cost_direction,en,fr,0,0,0,True,True
P022,cost_direction,en,zh,0,0,0,True,True
P022,cost_direction,en,ja,0,0,0,True,True
P022,cost_direction,en,ar,0,0,0,True,True
P022,cost_direction,es,de,0,0,0,True,True
P022,cost_direction,es,fr,0,0,0,True,True
P022,cost_direction,es,zh,0,0,0,True,True
P022,cost_direction,es,ja,0,0,0,True,True
P022,cost_direction,es,ar,0,0,0,True,True
P022,cost_direction,de,fr,0,0,0,True,True
P022,cost_direction,de,zh,0,0,0,True,True
P022,cost_direction,de,ja,0,0,0,True,True
P022,cost_direction,de,ar,0,0,0,True,True
P022,cost_direction,fr,zh,0,0,0,True,True
P022,cost_direction,fr,ja,0,0,0,True,True
P022,cost_direction,fr,ar,0,0,0,True,True
P022,cost_direction,zh,ja,0,0,0,True,True
P022,cost_direction,zh,ar,0,0,0,True,True
P022,cost_direction,ja,ar,0,0,0,True,True
P023,cost_direction,en,es,0,0,0,True,True
P023,cost_direction,en,de,0,0,0,True,True
P023,cost_direction,en,fr,0,0,0,True,True
P023,cost_direction,en,zh,0,0,0,True,True
P023,cost_direction,en,ja,0,0,0,True,True
P023,cost_direction,en,ar,0,-1,1,False,True
P023,cost_direction,es,de,0,0,0,True,True
P023,cost_direction,es,fr,0,0,0,True,True
P023,cost_direction,es,zh,0,0,0,True,True
P023,cost_direction,es,ja,0,0,0,True,True
P023,cost_direction,es,ar,0,-1,1,False,True
P023,cost_direction,de,fr,0,0,0,True,True
P023,cost_direction,de,zh,0,0,0,True,True
P023,cost_direction,de,ja,0,0,0,True,True
P023,cost_direction,de,ar,0,-1,1,False,True
P023,cost_direction,fr,zh,0,0,0,True,True
P023,cost_direction,fr,ja,0,0,0,True,True
P023,cost_direction,fr,ar,0,-1,1,False,True
P023,cost_direction,zh,ja,0,0,0,True,True
P023,cost_direction,zh,ar,0,-1,1,False,True
P023,cost_direction,ja,ar,0,-1,1,False,True
P024,cost_direction,en,es,0,0,0,True,True
P024,cost_direction,en,de,0,0,0,True,True
P024,cost_direction,en,fr,0,1,1,False,True
P024,cost_direction,en,zh,0,1,1,False,True
P024,cost_direction,en,ja,0,1,1,False,True
P024,cost_direction,en,ar,0,1,1,False,True
P024,cost_direction,es,de,0,0,0,True,True
P024,cost_direction,es,fr,0,1,1,False,True
P024,cost_direction,es,zh,0,1,1,False,True
P024,cost_direction,es,ja,0,1,1,False,True
P024,cost_direction,es,ar,0,1,1,False,True
P024,cost_direction,de,fr,0,1,1,False,True
P024,cost_direction,de,zh,0,1,1,False,True
P024,cost_direction,de,ja,0,1,1,False,True
P024,cost_direction,de,ar,0,1,1,False,True
P024,cost_direction,fr,zh,1,1,0,True,True
P024,cost_direction,fr,ja,1,1,0,True,True
P024,cost_direction,fr,ar,1,1,0,True,True
P024,cost_direction,zh,ja,1,1,0,True,True
P024,cost_direction,zh,ar,1,1,0,True,True
P024,cost_direction,ja,ar,1,1,0,True,True
P025,revenue_direction,en,es,-1,-1,0,True,True
P025,revenue_direction,en,de,-1,-1,0,True,True
P025,revenue_direction,en,fr,-1,-1,0,True,True
P025,revenue_direction,en,zh,-1,-1,0,True,True
P025,revenue_direction,en,ja,-1,-2,1,False,True
P025,revenue_direction,en,ar,-1,-3,2,False,True
P025,revenue_direction,es,de,-1,-1,0,True,True
P025,revenue_direction,es,fr,-1,-1,0,True,True
P025,revenue_direction,es,zh,-1,-1,0,True,True
P025,revenue_direction,es,ja,-1,-2,1,False,True
P025,revenue_direction,es,ar,-1,-3,2,False,True
P025,revenue_direction,de,fr,-1,-1,0,True,True
P025,revenue_direction,de,zh,-1,-1,0,True,True
P025,revenue_direction,de,ja,-1,-2,1,False,True
P025,revenue_direction,de,ar,-1,-3,2,False,True
P025,revenue_direction,fr,zh,-1,-1,0,True,True
P025,revenue_direction,fr,ja,-1,-2,1,False,True
P025,revenue_direction,fr,ar,-1,-3,2,False,True
P025,revenue_direction,zh,ja,-1,-2,1,False,True
P025,revenue_direction,zh,ar,-1,-3,2,False,True
P025,revenue_direction,ja,ar,-2,-3,1,False,True
P026,revenue_direction,en,es,1,1,0,True,True
P026,revenue_direction,en,de,1,1,0,True,True
P026,revenue_direction,en,fr,1,1,0,True,True
P026,revenue_direction,en,zh,1,1,0,True,True
P026,revenue_direction,en,ja,1,2,1,False,True
P026,revenue_direction,en,ar,1,1,0,True,True
P026,revenue_direction,es,de,1,1,0,True,True
P026,revenue_direction,es,fr,1,1,0,True,True
P026,revenue_direction,es,zh,1,1,0,True,True
P026,revenue_direction,es,ja,1,2,1,False,True
P026,revenue_direction,es,ar,1,1,0,True,True
P026,revenue_direction,de,fr,1,1,0,True,True
P026,revenue_direction,de,zh,1,1,0,True,True
P026,revenue_direction,de,ja,1,2,1,False,True
P026,revenue_direction,de,ar,1,1,0,True,True
P026,revenue_direction,fr,zh,1,1,0,True,True
P026,revenue_direction,fr,ja,1,2,1,False,True
P026,revenue_direction,fr,ar,1,1,0,True,True
P026,revenue_direction,zh,ja,1,2,1,False,True
P026,revenue_direction,zh,ar,1,1,0,True,True
P026,revenue_direction,ja,ar,2,1,1,False,True
P027,revenue_direction,en,es,-1,-1,0,True,True
P027,revenue_direction,en,de,-1,-1,0,True,True
P027,revenue_direction,en,fr,-1,-1,0,True,True
P027,revenue_direction,en,zh,-1,-1,0,True,True
P027,revenue_direction,en,ja,-1,-2,1,False,True
P027,revenue_direction,en,ar,-1,-3,2,False,True
P027,revenue_direction,es,de,-1,-1,0,True,True
P027,revenue_direction,es,fr,-1,-1,0,True,True
P027,revenue_direction,es,zh,-1,-1,0,True,True
P027,revenue_direction,es,ja,-1,-2,1,False,True
P027,revenue_direction,es,ar,-1,-3,2,False,True
P027,revenue_direction,de,fr,-1,-1,0,True,True
P027,revenue_direction,de,zh,-1,-1,0,True,True
P027,revenue_direction,de,ja,-1,-2,1,False,True
P027,revenue_direction,de,ar,-1,-3,2,False,True
P027,revenue_direction,fr,zh,-1,-1,0,True,True
P027,revenue_direction,fr,ja,-1,-2,1,False,True
P027,revenue_direction,fr,ar,-1,-3,2,False,True
P027,revenue_direction,zh,ja,-1,-2,1,False,True
P027,revenue_direction,zh,ar,-1,-3,2,False,True
P027,revenue_direction,ja,ar,-2,-3,1,False,True
P028,revenue_direction,en,es,1,1,0,True,True
P028,revenue_direction,en,de,1,1,0,True,True
P028,revenue_direction,en,fr,1,1,0,True,True
P028,revenue_direction,en,zh,1,1,0,True,True
P028,revenue_direction,en,ja,1,2,1,False,True
P028,revenue_direction,en,ar,1,3,2,False,True
P028,revenue_direction,es,de,1,1,0,True,True
P028,revenue_direction,es,fr,1,1,0,True,True
P028,revenue_direction,es,zh,1,1,0,True,True
P028,revenue_direction,es,ja,1,2,1,False,True
P028,revenue_direction,es,ar,1,3,2,False,True
P028,revenue_direction,de,fr,1,1,0,True,True
P028,revenue_direction,de,zh,1,1,0,True,True
P028,revenue_direction,de,ja,1,2,1,False,True
P028,revenue_direction,de,ar,1,3,2,False,True
P028,revenue_direction,fr,zh,1,1,0,True,True
P028,revenue_direction,fr,ja,1,2,1,False,True
P028,revenue_direction,fr,ar,1,3,2,False,True
P028,revenue_direction,zh,ja,1,2,1,False,True
P028,revenue_direction,zh,ar,1,3,2,False,True
P028,revenue_direction,ja,ar,2,3,1,False,True
P029,revenue_direction,en,es,-1,-1,0,True,True
P029,revenue_direction,en,de,-1,-1,0,True,True
P029,revenue_direction,en,fr,-1,-1,0,True,True
P029,revenue_direction,en,zh,-1,-1,0,True,True
P029,revenue_direction,en,ja,-1,-2,1,False,True
P029,revenue_direction,en,ar,-1,-3,2,False,True
P029,revenue_direction,es,de,-1,-1,0,True,True
P029,revenue_direction,es,fr,-1,-1,0,True,True
P029,revenue_direction,es,zh,-1,-1,0,True,True
P029,revenue_direction,es,ja,-1,-2,1,False,True
P029,revenue_direction,es,ar,-1,-3,2,False,True
P029,revenue_direction,de,fr,-1,-1,0,True,True
P029,revenue_direction,de,zh,-1,-1,0,True,True
P029,revenue_direction,de,ja,-1,-2,1,False,True
P029,revenue_direction,de,ar,-1,-3,2,False,True
P029,revenue_direction,fr,zh,-1,-1,0,True,True
P029,revenue_direction,fr,ja,-1,-2,1,False,True
P029,revenue_direction,fr,ar,-1,-3,2,False,True
P029,revenue_direction,zh,ja,-1,-2,1,False,True
P029,revenue_direction,zh,ar,-1,-3,2,False,True
P029,revenue_direction,ja,ar,-2,-3,1,False,True
P030,revenue_direction,en,es,1,1,0,True,True
P030,revenue_direction,en,de,1,1,0,True,True
P030,revenue_direction,en,fr,1,1,0,True,True
P030,revenue_direction,en,zh,1,1,0,True,True
P030,revenue_direction,en,ja,1,2,1,False,True
P030,revenue_direction,en,ar,1,3,2,False,True
P030,revenue_direction,es,de,1,1,0,True,True
P030,revenue_direction,es,fr,1,1,0,True,True
P030,revenue_direction,es,zh,1,1,0,True,True
P030,revenue_direction,es,ja,1,2,1,False,True
P030,revenue_direction,es,ar,1,3,2,False,True
P030,revenue_direction,de,fr,1,1,0,True,True
P030,revenue_direction,de,zh,1,1,0,True,True
P030,revenue_direction,de,ja,1,2,1,False,True
P030,revenue_direction,de,ar,1,3,2,False,True
P030,revenue_direction,fr,zh,1,1,0,True,True
P030,revenue_direction,fr,ja,1,2,1,False,True
P030,revenue_direction,fr,ar,1,3,2,False,True
P030,revenue_direction,zh,ja,1,2,1,False,True
P030,revenue_direction,zh,ar,1,3,2,False,True
P030,revenue_direction,ja,ar,2,3,1,False,True
P031,revenue_direction,en,es,-1,-1,0,True,True
P031,revenue_direction,en,de,-1,-1,0,True,True
P031,revenue_direction,en,fr,-1,-1,0,True,True
P031,revenue_direction,en,zh,-1,-1,0,True,True
P031,revenue_direction,en,ja,-1,-2,1,False,True
P031,revenue_direction,en,ar,-1,-1,0,True,True
P031,revenue_direction,es,de,-1,-1,0,True,True
P031,revenue_direction,es,fr,-1,-1,0,True,True
P031,revenue_direction,es,zh,-1,-1,0,True,True
P031,revenue_direction,es,ja,-1,-2,1,False,True
P031,revenue_direction,es,ar,-1,-1,0,True,True
P031,revenue_direction,de,fr,-1,-1,0,True,True
P031,revenue_direction,de,zh,-1,-1,0,True,True
P031,revenue_direction,de,ja,-1,-2,1,False,True
P031,revenue_direction,de,ar,-1,-1,0,True,True
P031,revenue_direction,fr,zh,-1,-1,0,True,True
P031,revenue_direction,fr,ja,-1,-2,1,False,True
P031,revenue_direction,fr,ar,-1,-1,0,True,True
P031,revenue_direction,zh,ja,-1,-2,1,False,True
P031,revenue_direction,zh,ar,-1,-1,0,True,True
P031,revenue_direction,ja,ar,-2,-1,1,False,True
P032,revenue_direction,en,es,1,1,0,True,True
P032,revenue_direction,en,de,1,1,0,True,True
P032,revenue_direction,en,fr,1,1,0,True,True
P032,revenue_direction,en,zh,1,1,0,True,True
P032,revenue_direction,en,ja,1,2,1,False,True
P032,revenue_direction,en,ar,1,1,0,True,True
P032,revenue_direction,es,de,1,1,0,True,True
P032,revenue_direction,es,fr,1,1,0,True,True
P032,revenue_direction,es,zh,1,1,0,True,True
P032,revenue_direction,es,ja,1,2,1,False,True
P032,revenue_direction,es,ar,1,1,0,True,True
P032,revenue_direction,de,fr,1,1,0,True,True
P032,revenue_direction,de,zh,1,1,0,True,True
P032,revenue_direction,de,ja,1,2,1,False,True
P032,revenue_direction,de,ar,1,1,0,True,True
P032,revenue_direction,fr,zh,1,1,0,True,True
P032,revenue_direction,fr,ja,1,2,1,False,True
P032,revenue_direction,fr,ar,1,1,0,True,True
P032,revenue_direction,zh,ja,1,2,1,False,True
P032,revenue_direction,zh,ar,1,1,0,True,True
P032,revenue_direction,ja,ar,2,1,1,False,True
P033,earnings_expectations,en,es,-2,-2,0,True,True
P033,earnings_expectations,en,de,-2,-1,1,False,True
P033,earnings_expectations,en,fr,-2,-1,1,False,True
P033,earnings_expectations,en,zh,-2,-2,0,True,True
P033,earnings_expectations,en,ja,-2,-2,0,True,True
P033,earnings_expectations,en,ar,-2,-3,1,False,True
P033,earnings_expectations,es,de,-2,-1,1,False,True
P033,earnings_expectations,es,fr,-2,-1,1,False,True
P033,earnings_expectations,es,zh,-2,-2,0,True,True
P033,earnings_expectations,es,ja,-2,-2,0,True,True
P033,earnings_expectations,es,ar,-2,-3,1,False,True
P033,earnings_expectations,de,fr,-1,-1,0,True,True
P033,earnings_expectations,de,zh,-1,-2,1,False,True
P033,earnings_expectations,de,ja,-1,-2,1,False,True
P033,earnings_expectations,de,ar,-1,-3,2,False,True
P033,earnings_expectations,fr,zh,-1,-2,1,False,True
P033,earnings_expectations,fr,ja,-1,-2,1,False,True
P033,earnings_expectations,fr,ar,-1,-3,2,False,True
P033,earnings_expectations,zh,ja,-2,-2,0,True,True
P033,earnings_expectations,zh,ar,-2,-3,1,False,True
P033,earnings_expectations,ja,ar,-2,-3,1,False,True
P034,earnings_expectations,en,es,1,2,1,False,True
P034,earnings_expectations,en,de,1,1,0,True,True
P034,earnings_expectations,en,fr,1,1,0,True,True
P034,earnings_expectations,en,zh,1,1,0,True,True
P034,earnings_expectations,en,ja,1,2,1,False,True
P034,earnings_expectations,en,ar,1,3,2,False,True
P034,earnings_expectations,es,de,2,1,1,False,True
P034,earnings_expectations,es,fr,2,1,1,False,True
P034,earnings_expectations,es,zh,2,1,1,False,True
P034,earnings_expectations,es,ja,2,2,0,True,True
P034,earnings_expectations,es,ar,2,3,1,False,True
P034,earnings_expectations,de,fr,1,1,0,True,True
P034,earnings_expectations,de,zh,1,1,0,True,True
P034,earnings_expectations,de,ja,1,2,1,False,True
P034,earnings_expectations,de,ar,1,3,2,False,True
P034,earnings_expectations,fr,zh,1,1,0,True,True
P034,earnings_expectations,fr,ja,1,2,1,False,True
P034,earnings_expectations,fr,ar,1,3,2,False,True
P034,earnings_expectations,zh,ja,1,2,1,False,True
P034,earnings_expectations,zh,ar,1,3,2,False,True
P034,earnings_expectations,ja,ar,2,3,1,False,True
P035,earnings_expectations,en,es,-2,-2,0,True,True
P035,earnings_expectations,en,de,-2,-1,1,False,True
P035,earnings_expectations,en,fr,-2,-1,1,False,True
P035,earnings_expectations,en,zh,-2,-2,0,True,True
P035,earnings_expectations,en,ja,-2,-2,0,True,True
P035,earnings_expectations,en,ar,-2,-3,1,False,True
P035,earnings_expectations,es,de,-2,-1,1,False,True
P035,earnings_expectations,es,fr,-2,-1,1,False,True
P035,earnings_expectations,es,zh,-2,-2,0,True,True
P035,earnings_expectations,es,ja,-2,-2,0,True,True
P035,earnings_expectations,es,ar,-2,-3,1,False,True
P035,earnings_expectations,de,fr,-1,-1,0,True,True
P035,earnings_expectations,de,zh,-1,-2,1,False,True
P035,earnings_expectations,de,ja,-1,-2,1,False,True
P035,earnings_expectations,de,ar,-1,-3,2,False,True
P035,earnings_expectations,fr,zh,-1,-2,1,False,True
P035,earnings_expectations,fr,ja,-1,-2,1,False,True
P035,earnings_expectations,fr,ar,-1,-3,2,False,True
P035,earnings_expectations,zh,ja,-2,-2,0,True,True
P035,earnings_expectations,zh,ar,-2,-3,1,False,True
P035,earnings_expectations,ja,ar,-2,-3,1,False,True
P036,earnings_expectations,en,es,1,2,1,False,True
P036,earnings_expectations,en,de,1,1,0,True,True
P036,earnings_expectations,en,fr,1,2,1,False,True
P036,earnings_expectations,en,zh,1,2,1,False,True
P036,earnings_expectations,en,ja,1,2,1,False,True
P036,earnings_expectations,en,ar,1,3,2,False,True
P036,earnings_expectations,es,de,2,1,1,False,True
P036,earnings_expectations,es,fr,2,2,0,True,True
P036,earnings_expectations,es,zh,2,2,0,True,True
P036,earnings_expectations,es,ja,2,2,0,True,True
P036,earnings_expectations,es,ar,2,3,1,False,True
P036,earnings_expectations,de,fr,1,2,1,False,True
P036,earnings_expectations,de,zh,1,2,1,False,True
P036,earnings_expectations,de,ja,1,2,1,False,True
P036,earnings_expectations,de,ar,1,3,2,False,True
P036,earnings_expectations,fr,zh,2,2,0,True,True
P036,earnings_expectations,fr,ja,2,2,0,True,True
P036,earnings_expectations,fr,ar,2,3,1,False,True
P036,earnings_expectations,zh,ja,2,2,0,True,True
P036,earnings_expectations,zh,ar,2,3,1,False,True
P036,earnings_expectations,ja,ar,2,3,1,False,True
P037,earnings_expectations,en,es,-1,-2,1,False,True
P037,earnings_expectations,en,de,-1,-1,0,True,True
P037,earnings_expectations,en,fr,-1,-2,1,False,True
P037,earnings_expectations,en,zh,-1,-2,1,False,True
P037,earnings_expectations,en,ja,-1,-2,1,False,True
P037,earnings_expectations,en,ar,-1,-3,2,False,True
P037,earnings_expectations,es,de,-2,-1,1,False,True
P037,earnings_expectations,es,fr,-2,-2,0,True,True
P037,earnings_expectations,es,zh,-2,-2,0,True,True
P037,earnings_expectations,es,ja,-2,-2,0,True,True
P037,earnings_expectations,es,ar,-2,-3,1,False,True
P037,earnings_expectations,de,fr,-1,-2,1,False,True
P037,earnings_expectations,de,zh,-1,-2,1,False,True
P037,earnings_expectations,de,ja,-1,-2,1,False,True
P037,earnings_expectations,de,ar,-1,-3,2,False,True
P037,earnings_expectations,fr,zh,-2,-2,0,True,True
P037,earnings_expectations,fr,ja,-2,-2,0,True,True
P037,earnings_expectations,fr,ar,-2,-3,1,False,True
P037,earnings_expectations,zh,ja,-2,-2,0,True,True
P037,earnings_expectations,zh,ar,-2,-3,1,False,True
P037,earnings_expectations,ja,ar,-2,-3,1,False,True
P038,earnings_expectations,en,es,2,1,1,False,True
P038,earnings_expectations,en,de,2,1,1,False,True
P038,earnings_expectations,en,fr,2,2,0,True,True
P038,earnings_expectations,en,zh,2,2,0,True,True
P038,earnings_expectations,en,ja,2,2,0,True,True
P038,earnings_expectations,en,ar,2,3,1,False,True
P038,earnings_expectations,es,de,1,1,0,True,True
P038,earnings_expectations,es,fr,1,2,1,False,True
P038,earnings_expectations,es,zh,1,2,1,False,True
P038,earnings_expectations,es,ja,1,2,1,False,True
P038,earnings_expectations,es,ar,1,3,2,False,True
P038,earnings_expectations,de,fr,1,2,1,False,True
P038,earnings_expectations,de,zh,1,2,1,False,True
P038,earnings_expectations,de,ja,1,2,1,False,True
P038,earnings_expectations,de,ar,1,3,2,False,True
P038,earnings_expectations,fr,zh,2,2,0,True,True
P038,earnings_expectations,fr,ja,2,2,0,True,True
P038,earnings_expectations,fr,ar,2,3,1,False,True
P038,earnings_expectations,zh,ja,2,2,0,True,True
P038,earnings_expectations,zh,ar,2,3,1,False,True
P038,earnings_expectations,ja,ar,2,3,1,False,True
P039,earnings_expectations,en,es,-2,-1,1,False,True
P039,earnings_expectations,en,de,-2,-2,0,True,True
P039,earnings_expectations,en,fr,-2,-2,0,True,True
P039,earnings_expectations,en,zh,-2,-2,0,True,True
P039,earnings_expectations,en,ja,-2,-2,0,True,True
P039,earnings_expectations,en,ar,-2,-3,1,False,True
P039,earnings_expectations,es,de,-1,-2,1,False,True
P039,earnings_expectations,es,fr,-1,-2,1,False,True
P039,earnings_expectations,es,zh,-1,-2,1,False,True
P039,earnings_expectations,es,ja,-1,-2,1,False,True
P039,earnings_expectations,es,ar,-1,-3,2,False,True
P039,earnings_expectations,de,fr,-2,-2,0,True,True
P039,earnings_expectations,de,zh,-2,-2,0,True,True
P039,earnings_expectations,de,ja,-2,-2,0,True,True
P039,earnings_expectations,de,ar,-2,-3,1,False,True
P039,earnings_expectations,fr,zh,-2,-2,0,True,True
P039,earnings_expectations,fr,ja,-2,-2,0,True,True
P039,earnings_expectations,fr,ar,-2,-3,1,False,True
P039,earnings_expectations,zh,ja,-2,-2,0,True,True
P039,earnings_expectations,zh,ar,-2,-3,1,False,True
P039,earnings_expectations,ja,ar,-2,-3,1,False,True
P040,earnings_expectations,en,es,1,2,1,False,True
P040,earnings_expectations,en,de,1,1,0,True,True
P040,earnings_expectations,en,fr,1,2,1,False,True
P040,earnings_expectations,en,zh,1,2,1,False,True
P040,earnings_expectations,en,ja,1,2,1,False,True
P040,earnings_expectations,en,ar,1,3,2,False,True
P040,earnings_expectations,es,de,2,1,1,False,True
P040,earnings_expectations,es,fr,2,2,0,True,True
P040,earnings_expectations,es,zh,2,2,0,True,True
P040,earnings_expectations,es,ja,2,2,0,True,True
P040,earnings_expectations,es,ar,2,3,1,False,True
P040,earnings_expectations,de,fr,1,2,1,False,True
P040,earnings_expectations,de,zh,1,2,1,False,True
P040,earnings_expectations,de,ja,1,2,1,False,True
P040,earnings_expectations,de,ar,1,3,2,False,True
P040,earnings_expectations,fr,zh,2,2,0,True,True
P040,earnings_expectations,fr,ja,2,2,0,True,True
P040,earnings_expectations,fr,ar,2,3,1,False,True
P040,earnings_expectations,zh,ja,2,2,0,True,True
P040,earnings_expectations,zh,ar,2,3,1,False,True
P040,earnings_expectations,ja,ar,2,3,1,False,True
P041,guidance,en,es,-1,-2,1,False,True
P041,guidance,en,de,-1,-1,0,True,True
P041,guidance,en,fr,-1,-1,0,True,True
P041,guidance,en,zh,-1,-2,1,False,True
P041,guidance,en,ja,-1,-2,1,False,True
P041,guidance,en,ar,-1,-3,2,False,True
P041,guidance,es,de,-2,-1,1,False,True
P041,guidance,es,fr,-2,-1,1,False,True
P041,guidance,es,zh,-2,-2,0,True,True
P041,guidance,es,ja,-2,-2,0,True,True
P041,guidance,es,ar,-2,-3,1,False,True
P041,guidance,de,fr,-1,-1,0,True,True
P041,guidance,de,zh,-1,-2,1,False,True
P041,guidance,de,ja,-1,-2,1,False,True
P041,guidance,de,ar,-1,-3,2,False,True
P041,guidance,fr,zh,-1,-2,1,False,True
P041,guidance,fr,ja,-1,-2,1,False,True
P041,guidance,fr,ar,-1,-3,2,False,True
P041,guidance,zh,ja,-2,-2,0,True,True
P041,guidance,zh,ar,-2,-3,1,False,True
P041,guidance,ja,ar,-2,-3,1,False,True
P042,guidance,en,es,2,2,0,True,True
P042,guidance,en,de,2,1,1,False,True
P042,guidance,en,fr,2,2,0,True,True
P042,guidance,en,zh,2,2,0,True,True
P042,guidance,en,ja,2,2,0,True,True
P042,guidance,en,ar,2,3,1,False,True
P042,guidance,es,de,2,1,1,False,True
P042,guidance,es,fr,2,2,0,True,True
P042,guidance,es,zh,2,2,0,True,True
P042,guidance,es,ja,2,2,0,True,True
P042,guidance,es,ar,2,3,1,False,True
P042,guidance,de,fr,1,2,1,False,True
P042,guidance,de,zh,1,2,1,False,True
P042,guidance,de,ja,1,2,1,False,True
P042,guidance,de,ar,1,3,2,False,True
P042,guidance,fr,zh,2,2,0,True,True
P042,guidance,fr,ja,2,2,0,True,True
P042,guidance,fr,ar,2,3,1,False,True
P042,guidance,zh,ja,2,2,0,True,True
P042,guidance,zh,ar,2,3,1,False,True
P042,guidance,ja,ar,2,3,1,False,True
P043,guidance,en,es,-1,-2,1,False,True
P043,guidance,en,de,-1,-1,0,True,True
P043,guidance,en,fr,-1,-1,0,True,True
P043,guidance,en,zh,-1,-1,0,True,True
P043,guidance,en,ja,-1,-2,1,False,True
P043,guidance,en,ar,-1,-3,2,False,True
P043,guidance,es,de,-2,-1,1,False,True
P043,guidance,es,fr,-2,-1,1,False,True
P043,guidance,es,zh,-2,-1,1,False,True
P043,guidance,es,ja,-2,-2,0,True,True
P043,guidance,es,ar,-2,-3,1,False,True
P043,guidance,de,fr,-1,-1,0,True,True
P043,guidance,de,zh,-1,-1,0,True,True
P043,guidance,de,ja,-1,-2,1,False,True
P043,guidance,de,ar,-1,-3,2,False,True
P043,guidance,fr,zh,-1,-1,0,True,True
P043,guidance,fr,ja,-1,-2,1,False,True
P043,guidance,fr,ar,-1,-3,2,False,True
P043,guidance,zh,ja,-1,-2,1,False,True
P043,guidance,zh,ar,-1,-3,2,False,True
P043,guidance,ja,ar,-2,-3,1,False,True
P044,guidance,en,es,1,1,0,True,True
P044,guidance,en,de,1,1,0,True,True
P044,guidance,en,fr,1,0,1,False,True
P044,guidance,en,zh,1,2,1,False,True
P044,guidance,en,ja,1,2,1,False,True
P044,guidance,en,ar,1,3,2,False,True
P044,guidance,es,de,1,1,0,True,True
P044,guidance,es,fr,1,0,1,False,True
P044,guidance,es,zh,1,2,1,False,True
P044,guidance,es,ja,1,2,1,False,True
P044,guidance,es,ar,1,3,2,False,True
P044,guidance,de,fr,1,0,1,False,True
P044,guidance,de,zh,1,2,1,False,True
P044,guidance,de,ja,1,2,1,False,True
P044,guidance,de,ar,1,3,2,False,True
P044,guidance,fr,zh,0,2,2,False,True
P044,guidance,fr,ja,0,2,2,False,True
P044,guidance,fr,ar,0,3,3,False,True
P044,guidance,zh,ja,2,2,0,True,True
P044,guidance,zh,ar,2,3,1,False,True
P044,guidance,ja,ar,2,3,1,False,True
P045,guidance,en,es,-1,-2,1,False,True
P045,guidance,en,de,-1,-1,0,True,True
P045,guidance,en,fr,-1,-1,0,True,True
P045,guidance,en,zh,-1,-2,1,False,True
P045,guidance,en,ja,-1,-2,1,False,True
P045,guidance,en,ar,-1,-3,2,False,True
P045,guidance,es,de,-2,-1,1,False,True
P045,guidance,es,fr,-2,-1,1,False,True
P045,guidance,es,zh,-2,-2,0,True,True
P045,guidance,es,ja,-2,-2,0,True,True
P045,guidance,es,ar,-2,-3,1,False,True
P045,guidance,de,fr,-1,-1,0,True,True
P045,guidance,de,zh,-1,-2,1,False,True
P045,guidance,de,ja,-1,-2,1,False,True
P045,guidance,de,ar,-1,-3,2,False,True
P045,guidance,fr,zh,-1,-2,1,False,True
P045,guidance,fr,ja,-1,-2,1,False,True
P045,guidance,fr,ar,-1,-3,2,False,True
P045,guidance,zh,ja,-2,-2,0,True,True
P045,guidance,zh,ar,-2,-3,1,False,True
P045,guidance,ja,ar,-2,-3,1,False,True
P046,guidance,en,es,1,2,1,False,True
P046,guidance,en,de,1,1,0,True,True
P046,guidance,en,fr,1,2,1,False,True
P046,guidance,en,zh,1,1,0,True,True
P046,guidance,en,ja,1,2,1,False,True
P046,guidance,en,ar,1,1,0,True,True
P046,guidance,es,de,2,1,1,False,True
P046,guidance,es,fr,2,2,0,True,True
P046,guidance,es,zh,2,1,1,False,True
P046,guidance,es,ja,2,2,0,True,True
P046,guidance,es,ar,2,1,1,False,True
P046,guidance,de,fr,1,2,1,False,True
P046,guidance,de,zh,1,1,0,True,True
P046,guidance,de,ja,1,2,1,False,True
P046,guidance,de,ar,1,1,0,True,True
P046,guidance,fr,zh,2,1,1,False,True
P046,guidance,fr,ja,2,2,0,True,True
P046,guidance,fr,ar,2,1,1,False,True
P046,guidance,zh,ja,1,2,1,False,True
P046,guidance,zh,ar,1,1,0,True,True
P046,guidance,ja,ar,2,1,1,False,True
P047,guidance,en,es,-2,-1,1,False,True
P047,guidance,en,de,-2,-2,0,True,True
P047,guidance,en,fr,-2,-1,1,False,True
P047,guidance,en,zh,-2,-2,0,True,True
P047,guidance,en,ja,-2,-2,0,True,True
P047,guidance,en,ar,-2,-3,1,False,True
P047,guidance,es,de,-1,-2,1,False,True
P047,guidance,es,fr,-1,-1,0,True,True
P047,guidance,es,zh,-1,-2,1,False,True
P047,guidance,es,ja,-1,-2,1,False,True
P047,guidance,es,ar,-1,-3,2,False,True
P047,guidance,de,fr,-2,-1,1,False,True
P047,guidance,de,zh,-2,-2,0,True,True
P047,guidance,de,ja,-2,-2,0,True,True
P047,guidance,de,ar,-2,-3,1,False,True
P047,guidance,fr,zh,-1,-2,1,False,True
P047,guidance,fr,ja,-1,-2,1,False,True
P047,guidance,fr,ar,-1,-3,2,False,True
P047,guidance,zh,ja,-2,-2,0,True,True
P047,guidance,zh,ar,-2,-3,1,False,True
P047,guidance,ja,ar,-2,-3,1,False,True
P048,guidance,en,es,0,1,1,False,True
P048,guidance,en,de,0,1,1,False,True
P048,guidance,en,fr,0,0,0,True,True
P048,guidance,en,zh,0,1,1,False,True
P048,guidance,en,ja,0,0,0,True,True
P048,guidance,en,ar,0,3,3,False,True
P048,guidance,es,de,1,1,0,True,True
P048,guidance,es,fr,1,0,1,False,True
P048,guidance,es,zh,1,1,0,True,True
P048,guidance,es,ja,1,0,1,False,True
P048,guidance,es,ar,1,3,2,False,True
P048,guidance,de,fr,1,0,1,False,True
P048,guidance,de,zh,1,1,0,True,True
P048,guidance,de,ja,1,0,1,False,True
P048,guidance,de,ar,1,3,2,False,True
P048,guidance,fr,zh,0,1,1,False,True
P048,guidance,fr,ja,0,0,0,True,True
P048,guidance,fr,ar,0,3,3,False,True
P048,guidance,zh,ja,1,0,1,False,True
P048,guidance,zh,ar,1,3,2,False,True
P048,guidance,ja,ar,0,3,3,False,True
P049,margin,en,es,-1,-1,0,True,True
P049,margin,en,de,-1,-1,0,True,True
P049,margin,en,fr,-1,-1,0,True,True
P049,margin,en,zh,-1,-1,0,True,True
P049,margin,en,ja,-1,-2,1,False,True
P049,margin,en,ar,-1,-1,0,True,True
P049,margin,es,de,-1,-1,0,True,True
P049,margin,es,fr,-1,-1,0,True,True
P049,margin,es,zh,-1,-1,0,True,True
P049,margin,es,ja,-1,-2,1,False,True
P049,margin,es,ar,-1,-1,0,True,True
P049,margin,de,fr,-1,-1,0,True,True
P049,margin,de,zh,-1,-1,0,True,True
P049,margin,de,ja,-1,-2,1,False,True
P049,margin,de,ar,-1,-1,0,True,True
P049,margin,fr,zh,-1,-1,0,True,True
P049,margin,fr,ja,-1,-2,1,False,True
P049,margin,fr,ar,-1,-1,0,True,True
P049,margin,zh,ja,-1,-2,1,False,True
P049,margin,zh,ar,-1,-1,0,True,True
P049,margin,ja,ar,-2,-1,1,False,True
P050,margin,en,es,0,0,0,True,True
P050,margin,en,de,0,1,1,False,True
P050,margin,en,fr,0,1,1,False,True
P050,margin,en,zh,0,1,1,False,True
P050,margin,en,ja,0,0,0,True,True
P050,margin,en,ar,0,2,2,False,True
P050,margin,es,de,0,1,1,False,True
P050,margin,es,fr,0,1,1,False,True
P050,margin,es,zh,0,1,1,False,True
P050,margin,es,ja,0,0,0,True,True
P050,margin,es,ar,0,2,2,False,True
P050,margin,de,fr,1,1,0,True,True
P050,margin,de,zh,1,1,0,True,True
P050,margin,de,ja,1,0,1,False,True
P050,margin,de,ar,1,2,1,False,True
P050,margin,fr,zh,1,1,0,True,True
P050,margin,fr,ja,1,0,1,False,True
P050,margin,fr,ar,1,2,1,False,True
P050,margin,zh,ja,1,0,1,False,True
P050,margin,zh,ar,1,2,1,False,True
P050,margin,ja,ar,0,2,2,False,True
P051,margin,en,es,-1,-1,0,True,True
P051,margin,en,de,-1,-1,0,True,True
P051,margin,en,fr,-1,-1,0,True,True
P051,margin,en,zh,-1,-1,0,True,True
P051,margin,en,ja,-1,-2,1,False,True
P051,margin,en,ar,-1,-3,2,False,True
P051,margin,es,de,-1,-1,0,True,True
P051,margin,es,fr,-1,-1,0,True,True
P051,margin,es,zh,-1,-1,0,True,True
P051,margin,es,ja,-1,-2,1,False,True
P051,margin,es,ar,-1,-3,2,False,True
P051,margin,de,fr,-1,-1,0,True,True
P051,margin,de,zh,-1,-1,0,True,True
P051,margin,de,ja,-1,-2,1,False,True
P051,margin,de,ar,-1,-3,2,False,True
P051,margin,fr,zh,-1,-1,0,True,True
P051,margin,fr,ja,-1,-2,1,False,True
P051,margin,fr,ar,-1,-3,2,False,True
P051,margin,zh,ja,-1,-2,1,False,True
P051,margin,zh,ar,-1,-3,2,False,True
P051,margin,ja,ar,-2,-3,1,False,True
P052,margin,en,es,1,1,0,True,True
P052,margin,en,de,1,1,0,True,True
P052,margin,en,fr,1,1,0,True,True
P052,margin,en,zh,1,1,0,True,True
P052,margin,en,ja,1,2,1,False,True
P052,margin,en,ar,1,0,1,False,True
P052,margin,es,de,1,1,0,True,True
P052,margin,es,fr,1,1,0,True,True
P052,margin,es,zh,1,1,0,True,True
P052,margin,es,ja,1,2,1,False,True
P052,margin,es,ar,1,0,1,False,True
P052,margin,de,fr,1,1,0,True,True
P052,margin,de,zh,1,1,0,True,True
P052,margin,de,ja,1,2,1,False,True
P052,margin,de,ar,1,0,1,False,True
P052,margin,fr,zh,1,1,0,True,True
P052,margin,fr,ja,1,2,1,False,True
P052,margin,fr,ar,1,0,1,False,True
P052,margin,zh,ja,1,2,1,False,True
P052,margin,zh,ar,1,0,1,False,True
P052,margin,ja,ar,2,0,2,False,True
P053,margin,en,es,0,0,0,True,True
P053,margin,en,de,0,-1,1,False,True
P053,margin,en,fr,0,0,0,True,True
P053,margin,en,zh,0,-1,1,False,True
P053,margin,en,ja,0,0,0,True,True
P053,margin,en,ar,0,-1,1,False,True
P053,margin,es,de,0,-1,1,False,True
P053,margin,es,fr,0,0,0,True,True
P053,margin,es,zh,0,-1,1,False,True
P053,margin,es,ja,0,0,0,True,True
P053,margin,es,ar,0,-1,1,False,True
P053,margin,de,fr,-1,0,1,False,True
P053,margin,de,zh,-1,-1,0,True,True
P053,margin,de,ja,-1,0,1,False,True
P053,margin,de,ar,-1,-1,0,True,True
P053,margin,fr,zh,0,-1,1,False,True
P053,margin,fr,ja,0,0,0,True,True
P053,margin,fr,ar,0,-1,1,False,True
P053,margin,zh,ja,-1,0,1,False,True
P053,margin,zh,ar,-1,-1,0,True,True
P053,margin,ja,ar,0,-1,1,False,True
P054,margin,en,es,1,1,0,True,True
P054,margin,en,de,1,1,0,True,True
P054,margin,en,fr,1,0,1,False,True
P054,margin,en,zh,1,1,0,True,True
P054,margin,en,ja,1,1,0,True,True
P054,margin,en,ar,1,1,0,True,True
P054,margin,es,de,1,1,0,True,True
P054,margin,es,fr,1,0,1,False,True
P054,margin,es,zh,1,1,0,True,True
P054,margin,es,ja,1,1,0,True,True
P054,margin,es,ar,1,1,0,True,True
P054,margin,de,fr,1,0,1,False,True
P054,margin,de,zh,1,1,0,True,True
P054,margin,de,ja,1,1,0,True,True
P054,margin,de,ar,1,1,0,True,True
P054,margin,fr,zh,0,1,1,False,True
P054,margin,fr,ja,0,1,1,False,True
P054,margin,fr,ar,0,1,1,False,True
P054,margin,zh,ja,1,1,0,True,True
P054,margin,zh,ar,1,1,0,True,True
P054,margin,ja,ar,1,1,0,True,True
P055,contract_realization,en,es,-1,-2,1,False,True
P055,contract_realization,en,de,-1,-1,0,True,True
P055,contract_realization,en,fr,-1,-1,0,True,True
P055,contract_realization,en,zh,-1,-2,1,False,True
P055,contract_realization,en,ja,-1,-2,1,False,True
P055,contract_realization,en,ar,-1,-3,2,False,True
P055,contract_realization,es,de,-2,-1,1,False,True
P055,contract_realization,es,fr,-2,-1,1,False,True
P055,contract_realization,es,zh,-2,-2,0,True,True
P055,contract_realization,es,ja,-2,-2,0,True,True
P055,contract_realization,es,ar,-2,-3,1,False,True
P055,contract_realization,de,fr,-1,-1,0,True,True
P055,contract_realization,de,zh,-1,-2,1,False,True
P055,contract_realization,de,ja,-1,-2,1,False,True
P055,contract_realization,de,ar,-1,-3,2,False,True
P055,contract_realization,fr,zh,-1,-2,1,False,True
P055,contract_realization,fr,ja,-1,-2,1,False,True
P055,contract_realization,fr,ar,-1,-3,2,False,True
P055,contract_realization,zh,ja,-2,-2,0,True,True
P055,contract_realization,zh,ar,-2,-3,1,False,True
P055,contract_realization,ja,ar,-2,-3,1,False,True
P056,contract_realization,en,es,1,1,0,True,True
P056,contract_realization,en,de,1,1,0,True,True
P056,contract_realization,en,fr,1,1,0,True,True
P056,contract_realization,en,zh,1,2,1,False,True
P056,contract_realization,en,ja,1,2,1,False,True
P056,contract_realization,en,ar,1,3,2,False,True
P056,contract_realization,es,de,1,1,0,True,True
P056,contract_realization,es,fr,1,1,0,True,True
P056,contract_realization,es,zh,1,2,1,False,True
P056,contract_realization,es,ja,1,2,1,False,True
P056,contract_realization,es,ar,1,3,2,False,True
P056,contract_realization,de,fr,1,1,0,True,True
P056,contract_realization,de,zh,1,2,1,False,True
P056,contract_realization,de,ja,1,2,1,False,True
P056,contract_realization,de,ar,1,3,2,False,True
P056,contract_realization,fr,zh,1,2,1,False,True
P056,contract_realization,fr,ja,1,2,1,False,True
P056,contract_realization,fr,ar,1,3,2,False,True
P056,contract_realization,zh,ja,2,2,0,True,True
P056,contract_realization,zh,ar,2,3,1,False,True
P056,contract_realization,ja,ar,2,3,1,False,True
P057,contract_realization,en,es,-1,-1,0,True,True
P057,contract_realization,en,de,-1,-1,0,True,True
P057,contract_realization,en,fr,-1,-1,0,True,True
P057,contract_realization,en,zh,-1,-1,0,True,True
P057,contract_realization,en,ja,-1,-1,0,True,True
P057,contract_realization,en,ar,-1,0,1,False,True
P057,contract_realization,es,de,-1,-1,0,True,True
P057,contract_realization,es,fr,-1,-1,0,True,True
P057,contract_realization,es,zh,-1,-1,0,True,True
P057,contract_realization,es,ja,-1,-1,0,True,True
P057,contract_realization,es,ar,-1,0,1,False,True
P057,contract_realization,de,fr,-1,-1,0,True,True
P057,contract_realization,de,zh,-1,-1,0,True,True
P057,contract_realization,de,ja,-1,-1,0,True,True
P057,contract_realization,de,ar,-1,0,1,False,True
P057,contract_realization,fr,zh,-1,-1,0,True,True
P057,contract_realization,fr,ja,-1,-1,0,True,True
P057,contract_realization,fr,ar,-1,0,1,False,True
P057,contract_realization,zh,ja,-1,-1,0,True,True
P057,contract_realization,zh,ar,-1,0,1,False,True
P057,contract_realization,ja,ar,-1,0,1,False,True
P058,contract_realization,en,es,1,1,0,True,True
P058,contract_realization,en,de,1,1,0,True,True
P058,contract_realization,en,fr,1,1,0,True,True
P058,contract_realization,en,zh,1,2,1,False,True
P058,contract_realization,en,ja,1,2,1,False,True
P058,contract_realization,en,ar,1,3,2,False,True
P058,contract_realization,es,de,1,1,0,True,True
P058,contract_realization,es,fr,1,1,0,True,True
P058,contract_realization,es,zh,1,2,1,False,True
P058,contract_realization,es,ja,1,2,1,False,True
P058,contract_realization,es,ar,1,3,2,False,True
P058,contract_realization,de,fr,1,1,0,True,True
P058,contract_realization,de,zh,1,2,1,False,True
P058,contract_realization,de,ja,1,2,1,False,True
P058,contract_realization,de,ar,1,3,2,False,True
P058,contract_realization,fr,zh,1,2,1,False,True
P058,contract_realization,fr,ja,1,2,1,False,True
P058,contract_realization,fr,ar,1,3,2,False,True
P058,contract_realization,zh,ja,2,2,0,True,True
P058,contract_realization,zh,ar,2,3,1,False,True
P058,contract_realization,ja,ar,2,3,1,False,True
P059,contract_realization,en,es,-1,-1,0,True,True
P059,contract_realization,en,de,-1,-1,0,True,True
P059,contract_realization,en,fr,-1,-1,0,True,True
P059,contract_realization,en,zh,-1,-2,1,False,True
P059,contract_realization,en,ja,-1,-1,0,True,True
P059,contract_realization,en,ar,-1,-3,2,False,True
P059,contract_realization,es,de,-1,-1,0,True,True
P059,contract_realization,es,fr,-1,-1,0,True,True
P059,contract_realization,es,zh,-1,-2,1,False,True
P059,contract_realization,es,ja,-1,-1,0,True,True
P059,contract_realization,es,ar,-1,-3,2,False,True
P059,contract_realization,de,fr,-1,-1,0,True,True
P059,contract_realization,de,zh,-1,-2,1,False,True
P059,contract_realization,de,ja,-1,-1,0,True,True
P059,contract_realization,de,ar,-1,-3,2,False,True
P059,contract_realization,fr,zh,-1,-2,1,False,True
P059,contract_realization,fr,ja,-1,-1,0,True,True
P059,contract_realization,fr,ar,-1,-3,2,False,True
P059,contract_realization,zh,ja,-2,-1,1,False,True
P059,contract_realization,zh,ar,-2,-3,1,False,True
P059,contract_realization,ja,ar,-1,-3,2,False,True
P060,contract_realization,en,es,1,1,0,True,True
P060,contract_realization,en,de,1,1,0,True,True
P060,contract_realization,en,fr,1,1,0,True,True
P060,contract_realization,en,zh,1,1,0,True,True
P060,contract_realization,en,ja,1,2,1,False,True
P060,contract_realization,en,ar,1,3,2,False,True
P060,contract_realization,es,de,1,1,0,True,True
P060,contract_realization,es,fr,1,1,0,True,True
P060,contract_realization,es,zh,1,1,0,True,True
P060,contract_realization,es,ja,1,2,1,False,True
P060,contract_realization,es,ar,1,3,2,False,True
P060,contract_realization,de,fr,1,1,0,True,True
P060,contract_realization,de,zh,1,1,0,True,True
P060,contract_realization,de,ja,1,2,1,False,True
P060,contract_realization,de,ar,1,3,2,False,True
P060,contract_realization,fr,zh,1,1,0,True,True
P060,contract_realization,fr,ja,1,2,1,False,True
P060,contract_realization,fr,ar,1,3,2,False,True
P060,contract_realization,zh,ja,1,2,1,False,True
P060,contract_realization,zh,ar,1,3,2,False,True
P060,contract_realization,ja,ar,2,3,1,False,True
