language_a,language_b,overlap,n,mean_D,exact_delta_match
en,es,0.04854369,60,0.38333333333333336,0.6666666666666666
en,de,0.03441296,60,0.43333333333333335,0.6
en,fr,0.06018519,60,0.6333333333333333,0.43333333333333335
en,zh,0.03550296,60,0.45,0.5666666666666667
en,ja,0.0316092,60,0.45,0.6333333333333333
en,ar,0.02816901,60,1.1166666666666667,0.18333333333333332
es,de,0.039783,60,0.31666666666666665,0.6833333333333333
es,fr,0.09433962,60,0.65,0.43333333333333335
es,zh,0.02985075,60,0.4,0.6166666666666667
es,ja,0.02669903,60,0.5,0.5666666666666667
es,ar,0.0244898,60,1.1666666666666667,0.2
de,fr,0.0506993,60,0.5,0.5166666666666667
de,zh,0.02494802,60,0.2833333333333333,0.7166666666666667
de,ja,0.02240326,60,0.55,0.5
de,ar,0.02108963,60,1.05,0.31666666666666665
fr,zh,0.03286385,60,0.45,0.5666666666666667
fr,ja,0.02745995,60,0.8166666666666667,0.35
fr,ar,0.02325581,60,0.95,0.43333333333333335
zh,ja,0.08945687,60,0.5333333333333333,0.5333333333333333
zh,ar,0.02689487,60,0.9,0.4666666666666667
ja,ar,0.02631579,60,1.3,0.18333333333333332
