pair_id,language_a,language_b,delta_a,delta_b,D
P001,en,es,-1.0,-1.0,0.0
P001,en,de,-1.0,-2.0,1.0
P001,en,fr,-1.0,-1.0,0.0
P001,en,zh,-1.0,-1.0,0.0
P001,en,ja,-1.0,-1.0,0.0
P001,en,ar,-1.0,-1.0,0.0
P001,es,de,-1.0,-2.0,1.0
P001,es,fr,-1.0,-1.0,0.0
P001,es,zh,-1.0,-1.0,0.0
P001,es,ja,-1.0,-1.0,0.0
P001,es,ar,-1.0,-1.0,0.0
P001,de,fr,-2.0,-1.0,1.0
P001,de,zh,-2.0,-1.0,1.0
P001,de,ja,-2.0,-1.0,1.0
P001,de,ar,-2.0,-1.0,1.0
P001,fr,zh,-1.0,-1.0,0.0
P001,fr,ja,-1.0,-1.0,0.0
P001,fr,ar,-1.0,-1.0,0.0
P001,zh,ja,-1.0,-1.0,0.0
P001,zh,ar,-1.0,-1.0,0.0
P001,ja,ar,-1.0,-1.0,0.0
P002,en,es,2.0,2.0,0.0
P002,en,de,2.0,2.0,0.0
P002,en,fr,2.0,1.0,1.0
P002,en,zh,2.0,2.0,0.0
P002,en,ja,2.0,2.0,0.0
P002,en,ar,2.0,1.0,1.0
P002,es,de,2.0,2.0,0.0
P002,es,fr,2.0,1.0,1.0
P002,es,zh,2.0,2.0,0.0
P002,es,ja,2.0,2.0,0.0
P002,es,ar,2.0,1.0,1.0
P002,de,fr,2.0,1.0,1.0
P002,de,zh,2.0,2.0,0.0
P002,de,ja,2.0,2.0,0.0
P002,de,ar,2.0,1.0,1.0
P002,fr,zh,1.0,2.0,1.0
P002,fr,ja,1.0,2.0,1.0
P002,fr,ar,1.0,1.0,0.0
P002,zh,ja,2.0,2.0,0.0
P002,zh,ar,2.0,1.0,1.0
P002,ja,ar,2.0,1.0,1.0
P003,en,es,-2.0,-2.0,0.0
P003,en,de,-2.0,-2.0,0.0
P003,en,fr,-2.0,-1.0,1.0
P003,en,zh,-2.0,-1.0,1.0
P003,en,ja,-2.0,-2.0,0.0
P003,en,ar,-2.0,-1.0,1.0
P003,es,de,-2.0,-2.0,0.0
P003,es,fr,-2.0,-1.0,1.0
P003,es,zh,-2.0,-1.0,1.0
P003,es,ja,-2.0,-2.0,0.0
P003,es,ar,-2.0,-1.0,1.0
P003,de,fr,-2.0,-1.0,1.0
P003,de,zh,-2.0,-1.0,1.0
P003,de,ja,-2.0,-2.0,0.0
P003,de,ar,-2.0,-1.0,1.0
P003,fr,zh,-1.0,-1.0,0.0
P003,fr,ja,-1.0,-2.0,1.0
P003,fr,ar,-1.0,-1.0,0.0
P003,zh,ja,-1.0,-2.0,1.0
P003,zh,ar,-1.0,-1.0,0.0
P003,ja,ar,-2.0,-1.0,1.0
P004,en,es,1.0,1.0,0.0
P004,en,de,1.0,1.0,0.0
P004,en,fr,1.0,0.0,1.0
P004,en,zh,1.0,1.0,0.0
P004,en,ja,1.0,1.0,0.0
P004,en,ar,1.0,0.0,1.0
P004,es,de,1.0,1.0,0.0
P004,es,fr,1.0,0.0,1.0
P004,es,zh,1.0,1.0,0.0
P004,es,ja,1.0,1.0,0.0
P004,es,ar,1.0,0.0,1.0
P004,de,fr,1.0,0.0,1.0
P004,de,zh,1.0,1.0,0.0
P004,de,ja,1.0,1.0,0.0
P004,de,ar,1.0,0.0,1.0
P004,fr,zh,0.0,1.0,1.0
P004,fr,ja,0.0,1.0,1.0
P004,fr,ar,0.0,0.0,0.0
P004,zh,ja,1.0,1.0,0.0
P004,zh,ar,1.0,0.0,1.0
P004,ja,ar,1.0,0.0,1.0
P005,en,es,-1.0,-1.0,0.0
P005,en,de,-1.0,-1.0,0.0
P005,en,fr,-1.0,-1.0,0.0
P005,en,zh,-1.0,-1.0,0.0
P005,en,ja,-1.0,-2.0,1.0
P005,en,ar,-1.0,-2.0,1.0
P005,es,de,-1.0,-1.0,0.0
P005,es,fr,-1.0,-1.0,0.0
P005,es,zh,-1.0,-1.0,0.0
P005,es,ja,-1.0,-2.0,1.0
P005,es,ar,-1.0,-2.0,1.0
P005,de,fr,-1.0,-1.0,0.0
P005,de,zh,-1.0,-1.0,0.0
P005,de,ja,-1.0,-2.0,1.0
P005,de,ar,-1.0,-2.0,1.0
P005,fr,zh,-1.0,-1.0,0.0
P005,fr,ja,-1.0,-2.0,1.0
P005,fr,ar,-1.0,-2.0,1.0
P005,zh,ja,-1.0,-2.0,1.0
P005,zh,ar,-1.0,-2.0,1.0
P005,ja,ar,-2.0,-2.0,0.0
P006,en,es,1.0,0.0,1.0
P006,en,de,1.0,1.0,0.0
P006,en,fr,1.0,1.0,0.0
P006,en,zh,1.0,1.0,0.0
P006,en,ja,1.0,1.0,0.0
P006,en,ar,1.0,1.0,0.0
P006,es,de,0.0,1.0,1.0
P006,es,fr,0.0,1.0,1.0
P006,es,zh,0.0,1.0,1.0
P006,es,ja,0.0,1.0,1.0
P006,es,ar,0.0,1.0,1.0
P006,de,fr,1.0,1.0,0.0
P006,de,zh,1.0,1.0,0.0
P006,de,ja,1.0,1.0,0.0
P006,de,ar,1.0,1.0,0.0
P006,fr,zh,1.0,1.0,0.0
P006,fr,ja,1.0,1.0,0.0
P006,fr,ar,1.0,1.0,0.0
P006,zh,ja,1.0,1.0,0.0
P006,zh,ar,1.0,1.0,0.0
P006,ja,ar,1.0,1.0,0.0
P007,en,es,-2.0,-2.0,0.0
P007,en,de,-2.0,-1.0,1.0
P007,en,fr,-2.0,-1.0,1.0
P007,en,zh,-2.0,-1.0,1.0
P007,en,ja,-2.0,-2.0,0.0
P007,en,ar,-2.0,-1.0,1.0
P007,es,de,-2.0,-1.0,1.0
P007,es,fr,-2.0,-1.0,1.0
P007,es,zh,-2.0,-1.0,1.0
P007,es,ja,-2.0,-2.0,0.0
P007,es,ar,-2.0,-1.0,1.0
P007,de,fr,-1.0,-1.0,0.0
P007,de,zh,-1.0,-1.0,0.0
P007,de,ja,-1.0,-2.0,1.0
P007,de,ar,-1.0,-1.0,0.0
P007,fr,zh,-1.0,-1.0,0.0
P007,fr,ja,-1.0,-2.0,1.0
P007,fr,ar,-1.0,-1.0,0.0
P007,zh,ja,-1.0,-2.0,1.0
P007,zh,ar,-1.0,-1.0,0.0
P007,ja,ar,-2.0,-1.0,1.0
P008,en,es,2.0,2.0,0.0
P008,en,de,2.0,1.0,1.0
P008,en,fr,2.0,0.0,2.0
P008,en,zh,2.0,1.0,1.0
P008,en,ja,2.0,2.0,0.0
P008,en,ar,2.0,1.0,1.0
P008,es,de,2.0,1.0,1.0
P008,es,fr,2.0,0.0,2.0
P008,es,zh,2.0,1.0,1.0
P008,es,ja,2.0,2.0,0.0
P008,es,ar,2.0,1.0,1.0
P008,de,fr,1.0,0.0,1.0
P008,de,zh,1.0,1.0,0.0
P008,de,ja,1.0,2.0,1.0
P008,de,ar,1.0,1.0,0.0
P008,fr,zh,0.0,1.0,1.0
P008,fr,ja,0.0,2.0,2.0
P008,fr,ar,0.0,1.0,1.0
P008,zh,ja,1.0,2.0,1.0
P008,zh,ar,1.0,1.0,0.0
P008,ja,ar,2.0,1.0,1.0
P009,en,es,0.0,-1.0,1.0
P009,en,de,0.0,-1.0,1.0
P009,en,fr,0.0,0.0,0.0
P009,en,zh,0.0,0.0,0.0
P009,en,ja,0.0,-2.0,2.0
P009,en,ar,0.0,0.0,0.0
P009,es,de,-1.0,-1.0,0.0
P009,es,fr,-1.0,0.0,1.0
P009,es,zh,-1.0,0.0,1.0
P009,es,ja,-1.0,-2.0,1.0
P009,es,ar,-1.0,0.0,1.0
P009,de,fr,-1.0,0.0,1.0
P009,de,zh,-1.0,0.0,1.0
P009,de,ja,-1.0,-2.0,1.0
P009,de,ar,-1.0,0.0,1.0
P009,fr,zh,0.0,0.0,0.0
P009,fr,ja,0.0,-2.0,2.0
P009,fr,ar,0.0,0.0,0.0
P009,zh,ja,0.0,-2.0,2.0
P009,zh,ar,0.0,0.0,0.0
P009,ja,ar,-2.0,0.0,2.0
P010,en,es,0.0,1.0,1.0
P010,en,de,0.0,0.0,0.0
P010,en,fr,0.0,0.0,0.0
P010,en,zh,0.0,1.0,1.0
P010,en,ja,0.0,2.0,2.0
P010,en,ar,0.0,2.0,2.0
P010,es,de,1.0,0.0,1.0
P010,es,fr,1.0,0.0,1.0
P010,es,zh,1.0,1.0,0.0
P010,es,ja,1.0,2.0,1.0
P010,es,ar,1.0,2.0,1.0
P010,de,fr,0.0,0.0,0.0
P010,de,zh,0.0,1.0,1.0
P010,de,ja,0.0,2.0,2.0
P010,de,ar,0.0,2.0,2.0
P010,fr,zh,0.0,1.0,1.0
P010,fr,ja,0.0,2.0,2.0
P010,fr,ar,0.0,2.0,2.0
P010,zh,ja,1.0,2.0,1.0
P010,zh,ar,1.0,2.0,1.0
P010,ja,ar,2.0,2.0,0.0
P011,en,es,0.0,-1.0,1.0
P011,en,de,0.0,-1.0,1.0
P011,en,fr,0.0,0.0,0.0
P011,en,zh,0.0,0.0,0.0
P011,en,ja,0.0,-2.0,2.0
P011,en,ar,0.0,0.0,0.0
P011,es,de,-1.0,-1.0,0.0
P011,es,fr,-1.0,0.0,1.0
P011,es,zh,-1.0,0.0,1.0
P011,es,ja,-1.0,-2.0,1.0
P011,es,ar,-1.0,0.0,1.0
P011,de,fr,-1.0,0.0,1.0
P011,de,zh,-1.0,0.0,1.0
P011,de,ja,-1.0,-2.0,1.0
P011,de,ar,-1.0,0.0,1.0
P011,fr,zh,0.0,0.0,0.0
P011,fr,ja,0.0,-2.0,2.0
P011,fr,ar,0.0,0.0,0.0
P011,zh,ja,0.0,-2.0,2.0
P011,zh,ar,0.0,0.0,0.0
P011,ja,ar,-2.0,0.0,2.0
P012,en,es,0.0,2.0,2.0
P012,en,de,0.0,1.0,1.0
P012,en,fr,0.0,2.0,2.0
P012,en,zh,0.0,1.0,1.0
P012,en,ja,0.0,2.0,2.0
P012,en,ar,0.0,-2.0,2.0
P012,es,de,2.0,1.0,1.0
P012,es,fr,2.0,2.0,0.0
P012,es,zh,2.0,1.0,1.0
P012,es,ja,2.0,2.0,0.0
P012,es,ar,2.0,-2.0,4.0
P012,de,fr,1.0,2.0,1.0
P012,de,zh,1.0,1.0,0.0
P012,de,ja,1.0,2.0,1.0
P012,de,ar,1.0,-2.0,3.0
P012,fr,zh,2.0,1.0,1.0
P012,fr,ja,2.0,2.0,0.0
P012,fr,ar,2.0,-2.0,4.0
P012,zh,ja,1.0,2.0,1.0
P012,zh,ar,1.0,-2.0,3.0
P012,ja,ar,2.0,-2.0,4.0
P013,en,es,0.0,0.0,0.0
P013,en,de,0.0,-1.0,1.0
P013,en,fr,0.0,-1.0,1.0
P013,en,zh,0.0,0.0,0.0
P013,en,ja,0.0,0.0,0.0
P013,en,ar,0.0,-2.0,2.0
P013,es,de,0.0,-1.0,1.0
P013,es,fr,0.0,-1.0,1.0
P013,es,zh,0.0,0.0,0.0
P013,es,ja,0.0,0.0,0.0
P013,es,ar,0.0,-2.0,2.0
P013,de,fr,-1.0,-1.0,0.0
P013,de,zh,-1.0,0.0,1.0
P013,de,ja,-1.0,0.0,1.0
P013,de,ar,-1.0,-2.0,1.0
P013,fr,zh,-1.0,0.0,1.0
P013,fr,ja,-1.0,0.0,1.0
P013,fr,ar,-1.0,-2.0,1.0
P013,zh,ja,0.0,0.0,0.0
P013,zh,ar,0.0,-2.0,2.0
P013,ja,ar,0.0,-2.0,2.0
P014,en,es,1.0,0.0,1.0
P014,en,de,1.0,1.0,0.0
P014,en,fr,1.0,0.0,1.0
P014,en,zh,1.0,0.0,1.0
P014,en,ja,1.0,2.0,1.0
P014,en,ar,1.0,-2.0,3.0
P014,es,de,0.0,1.0,1.0
P014,es,fr,0.0,0.0,0.0
P014,es,zh,0.0,0.0,0.0
P014,es,ja,0.0,2.0,2.0
P014,es,ar,0.0,-2.0,2.0
P014,de,fr,1.0,0.0,1.0
P014,de,zh,1.0,0.0,1.0
P014,de,ja,1.0,2.0,1.0
P014,de,ar,1.0,-2.0,3.0
P014,fr,zh,0.0,0.0,0.0
P014,fr,ja,0.0,2.0,2.0
P014,fr,ar,0.0,-2.0,2.0
P014,zh,ja,0.0,2.0,2.0
P014,zh,ar,0.0,-2.0,2.0
P014,ja,ar,2.0,-2.0,4.0
P015,en,es,-1.0,0.0,1.0
P015,en,de,-1.0,-1.0,0.0
P015,en,fr,-1.0,-1.0,0.0
P015,en,zh,-1.0,-1.0,0.0
P015,en,ja,-1.0,-1.0,0.0
P015,en,ar,-1.0,0.0,1.0
P015,es,de,0.0,-1.0,1.0
P015,es,fr,0.0,-1.0,1.0
P015,es,zh,0.0,-1.0,1.0
P015,es,ja,0.0,-1.0,1.0
P015,es,ar,0.0,0.0,0.0
P015,de,fr,-1.0,-1.0,0.0
P015,de,zh,-1.0,-1.0,0.0
P015,de,ja,-1.0,-1.0,0.0
P015,de,ar,-1.0,0.0,1.0
P015,fr,zh,-1.0,-1.0,0.0
P015,fr,ja,-1.0,-1.0,0.0
P015,fr,ar,-1.0,0.0,1.0
P015,zh,ja,-1.0,-1.0,0.0
P015,zh,ar,-1.0,0.0,1.0
P015,ja,ar,-1.0,0.0,1.0
P016,en,es,0.0,0.0,0.0
P016,en,de,0.0,1.0,1.0
P016,en,fr,0.0,2.0,2.0
P016,en,zh,0.0,0.0,0.0
P016,en,ja,0.0,0.0,0.0
P016,en,ar,0.0,3.0,3.0
P016,es,de,0.0,1.0,1.0
P016,es,fr,0.0,2.0,2.0
P016,es,zh,0.0,0.0,0.0
P016,es,ja,0.0,0.0,0.0
P016,es,ar,0.0,3.0,3.0
P016,de,fr,1.0,2.0,1.0
P016,de,zh,1.0,0.0,1.0
P016,de,ja,1.0,0.0,1.0
P016,de,ar,1.0,3.0,2.0
P016,fr,zh,2.0,0.0,2.0
P016,fr,ja,2.0,0.0,2.0
P016,fr,ar,2.0,3.0,1.0
P016,zh,ja,0.0,0.0,0.0
P016,zh,ar,0.0,3.0,3.0
P016,ja,ar,0.0,3.0,3.0
P017,en,es,-2.0,-1.0,1.0
P017,en,de,-2.0,-1.0,1.0
P017,en,fr,-2.0,-1.0,1.0
P017,en,zh,-2.0,-1.0,1.0
P017,en,ja,-2.0,-1.0,1.0
P017,en,ar,-2.0,-1.0,1.0
P017,es,de,-1.0,-1.0,0.0
P017,es,fr,-1.0,-1.0,0.0
P017,es,zh,-1.0,-1.0,0.0
P017,es,ja,-1.0,-1.0,0.0
P017,es,ar,-1.0,-1.0,0.0
P017,de,fr,-1.0,-1.0,0.0
P017,de,zh,-1.0,-1.0,0.0
P017,de,ja,-1.0,-1.0,0.0
P017,de,ar,-1.0,-1.0,0.0
P017,fr,zh,-1.0,-1.0,0.0
P017,fr,ja,-1.0,-1.0,0.0
P017,fr,ar,-1.0,-1.0,0.0
P017,zh,ja,-1.0,-1.0,0.0
P017,zh,ar,-1.0,-1.0,0.0
P017,ja,ar,-1.0,-1.0,0.0
P018,en,es,1.0,0.0,1.0
P018,en,de,1.0,0.0,1.0
P018,en,fr,1.0,0.0,1.0
P018,en,zh,1.0,0.0,1.0
P018,en,ja,1.0,1.0,0.0
P018,en,ar,1.0,0.0,1.0
P018,es,de,0.0,0.0,0.0
P018,es,fr,0.0,0.0,0.0
P018,es,zh,0.0,0.0,0.0
P018,es,ja,0.0,1.0,1.0
P018,es,ar,0.0,0.0,0.0
P018,de,fr,0.0,0.0,0.0
P018,de,zh,0.0,0.0,0.0
P018,de,ja,0.0,1.0,1.0
P018,de,ar,0.0,0.0,0.0
P018,fr,zh,0.0,0.0,0.0
P018,fr,ja,0.0,1.0,1.0
P018,fr,ar,0.0,0.0,0.0
P018,zh,ja,0.0,1.0,1.0
P018,zh,ar,0.0,0.0,0.0
P018,ja,ar,1.0,0.0,1.0
P019,en,es,0.0,-2.0,2.0
P019,en,de,0.0,-1.0,1.0
P019,en,fr,0.0,0.0,0.0
P019,en,zh,0.0,0.0,0.0
P019,en,ja,0.0,0.0,0.0
P019,en,ar,0.0,2.0,2.0
P019,es,de,-2.0,-1.0,1.0
P019,es,fr,-2.0,0.0,2.0
P019,es,zh,-2.0,0.0,2.0
P019,es,ja,-2.0,0.0,2.0
P019,es,ar,-2.0,2.0,4.0
P019,de,fr,-1.0,0.0,1.0
P019,de,zh,-1.0,0.0,1.0
P019,de,ja,-1.0,0.0,1.0
P019,de,ar,-1.0,2.0,3.0
P019,fr,zh,0.0,0.0,0.0
P019,fr,ja,0.0,0.0,0.0
P019,fr,ar,0.0,2.0,2.0
P019,zh,ja,0.0,0.0,0.0
P019,zh,ar,0.0,2.0,2.0
P019,ja,ar,0.0,2.0,2.0
P020,en,es,0.0,0.0,0.0
P020,en,de,0.0,0.0,0.0
P020,en,fr,0.0,0.0,0.0
P020,en,zh,0.0,0.0,0.0
P020,en,ja,0.0,1.0,1.0
P020,en,ar,0.0,-2.0,2.0
P020,es,de,0.0,0.0,0.0
P020,es,fr,0.0,0.0,0.0
P020,es,zh,0.0,0.0,0.0
P020,es,ja,0.0,1.0,1.0
P020,es,ar,0.0,-2.0,2.0
P020,de,fr,0.0,0.0,0.0
P020,de,zh,0.0,0.0,0.0
P020,de,ja,0.0,1.0,1.0
P020,de,ar,0.0,-2.0,2.0
P020,fr,zh,0.0,0.0,0.0
P020,fr,ja,0.0,1.0,1.0
P020,fr,ar,0.0,-2.0,2.0
P020,zh,ja,0.0,1.0,1.0
P020,zh,ar,0.0,-2.0,2.0
P020,ja,ar,1.0,-2.0,3.0
P021,en,es,1.0,0.0,1.0
P021,en,de,1.0,-1.0,2.0
P021,en,fr,1.0,0.0,1.0
P021,en,zh,1.0,-1.0,2.0
P021,en,ja,1.0,-1.0,2.0
P021,en,ar,1.0,2.0,1.0
P021,es,de,0.0,-1.0,1.0
P021,es,fr,0.0,0.0,0.0
P021,es,zh,0.0,-1.0,1.0
P021,es,ja,0.0,-1.0,1.0
P021,es,ar,0.0,2.0,2.0
P021,de,fr,-1.0,0.0,1.0
P021,de,zh,-1.0,-1.0,0.0
P021,de,ja,-1.0,-1.0,0.0
P021,de,ar,-1.0,2.0,3.0
P021,fr,zh,0.0,-1.0,1.0
P021,fr,ja,0.0,-1.0,1.0
P021,fr,ar,0.0,2.0,2.0
P021,zh,ja,-1.0,-1.0,0.0
P021,zh,ar,-1.0,2.0,3.0
P021,ja,ar,-1.0,2.0,3.0
P022,en,es,0.0,0.0,0.0
P022,en,de,0.0,0.0,0.0
P022,en,fr,0.0,0.0,0.0
P022,en,zh,0.0,0.0,0.0
P022,en,ja,0.0,0.0,0.0
P022,en,ar,0.0,0.0,0.0
P022,es,de,0.0,0.0,0.0
P022,es,fr,0.0,0.0,0.0
P022,es,zh,0.0,0.0,0.0
P022,es,ja,0.0,0.0,0.0
P022,es,ar,0.0,0.0,0.0
P022,de,fr,0.0,0.0,0.0
P022,de,zh,0.0,0.0,0.0
P022,de,ja,0.0,0.0,0.0
P022,de,ar,0.0,0.0,0.0
P022,fr,zh,0.0,0.0,0.0
P022,fr,ja,0.0,0.0,0.0
P022,fr,ar,0.0,0.0,0.0
P022,zh,ja,0.0,0.0,0.0
P022,zh,ar,0.0,0.0,0.0
P022,ja,ar,0.0,0.0,0.0
P023,en,es,0.0,0.0,0.0
P023,en,de,0.0,0.0,0.0
P023,en,fr,0.0,0.0,0.0
P023,en,zh,0.0,0.0,0.0
P023,en,ja,0.0,-1.0,1.0
P023,en,ar,0.0,2.0,2.0
P023,es,de,0.0,0.0,0.0
P023,es,fr,0.0,0.0,0.0
P023,es,zh,0.0,0.0,0.0
P023,es,ja,0.0,-1.0,1.0
P023,es,ar,0.0,2.0,2.0
P023,de,fr,0.0,0.0,0.0
P023,de,zh,0.0,0.0,0.0
P023,de,ja,0.0,-1.0,1.0
P023,de,ar,0.0,2.0,2.0
P023,fr,zh,0.0,0.0,0.0
P023,fr,ja,0.0,-1.0,1.0
P023,fr,ar,0.0,2.0,2.0
P023,zh,ja,0.0,-1.0,1.0
P023,zh,ar,0.0,2.0,2.0
P023,ja,ar,-1.0,2.0,3.0
P024,en,es,0.0,0.0,0.0
P024,en,de,0.0,0.0,0.0
P024,en,fr,0.0,1.0,1.0
P024,en,zh,0.0,1.0,1.0
P024,en,ja,0.0,1.0,1.0
P024,en,ar,0.0,-2.0,2.0
P024,es,de,0.0,0.0,0.0
P024,es,fr,0.0,1.0,1.0
P024,es,zh,0.0,1.0,1.0
P024,es,ja,0.0,1.0,1.0
P024,es,ar,0.0,-2.0,2.0
P024,de,fr,0.0,1.0,1.0
P024,de,zh,0.0,1.0,1.0
P024,de,ja,0.0,1.0,1.0
P024,de,ar,0.0,-2.0,2.0
P024,fr,zh,1.0,1.0,0.0
P024,fr,ja,1.0,1.0,0.0
P024,fr,ar,1.0,-2.0,3.0
P024,zh,ja,1.0,1.0,0.0
P024,zh,ar,1.0,-2.0,3.0
P024,ja,ar,1.0,-2.0,3.0
P025,en,es,-2.0,-1.0,1.0
P025,en,de,-2.0,-1.0,1.0
P025,en,fr,-2.0,-1.0,1.0
P025,en,zh,-2.0,-1.0,1.0
P025,en,ja,-2.0,-2.0,0.0
P025,en,ar,-2.0,-1.0,1.0
P025,es,de,-1.0,-1.0,0.0
P025,es,fr,-1.0,-1.0,0.0
P025,es,zh,-1.0,-1.0,0.0
P025,es,ja,-1.0,-2.0,1.0
P025,es,ar,-1.0,-1.0,0.0
P025,de,fr,-1.0,-1.0,0.0
P025,de,zh,-1.0,-1.0,0.0
P025,de,ja,-1.0,-2.0,1.0
P025,de,ar,-1.0,-1.0,0.0
P025,fr,zh,-1.0,-1.0,0.0
P025,fr,ja,-1.0,-2.0,1.0
P025,fr,ar,-1.0,-1.0,0.0
P025,zh,ja,-1.0,-2.0,1.0
P025,zh,ar,-1.0,-1.0,0.0
P025,ja,ar,-2.0,-1.0,1.0
P026,en,es,2.0,2.0,0.0
P026,en,de,2.0,1.0,1.0
P026,en,fr,2.0,1.0,1.0
P026,en,zh,2.0,1.0,1.0
P026,en,ja,2.0,1.0,1.0
P026,en,ar,2.0,1.0,1.0
P026,es,de,2.0,1.0,1.0
P026,es,fr,2.0,1.0,1.0
P026,es,zh,2.0,1.0,1.0
P026,es,ja,2.0,1.0,1.0
P026,es,ar,2.0,1.0,1.0
P026,de,fr,1.0,1.0,0.0
P026,de,zh,1.0,1.0,0.0
P026,de,ja,1.0,1.0,0.0
P026,de,ar,1.0,1.0,0.0
P026,fr,zh,1.0,1.0,0.0
P026,fr,ja,1.0,1.0,0.0
P026,fr,ar,1.0,1.0,0.0
P026,zh,ja,1.0,1.0,0.0
P026,zh,ar,1.0,1.0,0.0
P026,ja,ar,1.0,1.0,0.0
P027,en,es,-1.0,-2.0,1.0
P027,en,de,-1.0,-1.0,0.0
P027,en,fr,-1.0,-1.0,0.0
P027,en,zh,-1.0,-1.0,0.0
P027,en,ja,-1.0,-2.0,1.0
P027,en,ar,-1.0,-1.0,0.0
P027,es,de,-2.0,-1.0,1.0
P027,es,fr,-2.0,-1.0,1.0
P027,es,zh,-2.0,-1.0,1.0
P027,es,ja,-2.0,-2.0,0.0
P027,es,ar,-2.0,-1.0,1.0
P027,de,fr,-1.0,-1.0,0.0
P027,de,zh,-1.0,-1.0,0.0
P027,de,ja,-1.0,-2.0,1.0
P027,de,ar,-1.0,-1.0,0.0
P027,fr,zh,-1.0,-1.0,0.0
P027,fr,ja,-1.0,-2.0,1.0
P027,fr,ar,-1.0,-1.0,0.0
P027,zh,ja,-1.0,-2.0,1.0
P027,zh,ar,-1.0,-1.0,0.0
P027,ja,ar,-2.0,-1.0,1.0
P028,en,es,2.0,1.0,1.0
P028,en,de,2.0,1.0,1.0
P028,en,fr,2.0,1.0,1.0
P028,en,zh,2.0,1.0,1.0
P028,en,ja,2.0,3.0,1.0
P028,en,ar,2.0,1.0,1.0
P028,es,de,1.0,1.0,0.0
P028,es,fr,1.0,1.0,0.0
P028,es,zh,1.0,1.0,0.0
P028,es,ja,1.0,3.0,2.0
P028,es,ar,1.0,1.0,0.0
P028,de,fr,1.0,1.0,0.0
P028,de,zh,1.0,1.0,0.0
P028,de,ja,1.0,3.0,2.0
P028,de,ar,1.0,1.0,0.0
P028,fr,zh,1.0,1.0,0.0
P028,fr,ja,1.0,3.0,2.0
P028,fr,ar,1.0,1.0,0.0
P028,zh,ja,1.0,3.0,2.0
P028,zh,ar,1.0,1.0,0.0
P028,ja,ar,3.0,1.0,2.0
P029,en,es,-2.0,-1.0,1.0
P029,en,de,-2.0,-1.0,1.0
P029,en,fr,-2.0,-1.0,1.0
P029,en,zh,-2.0,-1.0,1.0
P029,en,ja,-2.0,-2.0,0.0
P029,en,ar,-2.0,-3.0,1.0
P029,es,de,-1.0,-1.0,0.0
P029,es,fr,-1.0,-1.0,0.0
P029,es,zh,-1.0,-1.0,0.0
P029,es,ja,-1.0,-2.0,1.0
P029,es,ar,-1.0,-3.0,2.0
P029,de,fr,-1.0,-1.0,0.0
P029,de,zh,-1.0,-1.0,0.0
P029,de,ja,-1.0,-2.0,1.0
P029,de,ar,-1.0,-3.0,2.0
P029,fr,zh,-1.0,-1.0,0.0
P029,fr,ja,-1.0,-2.0,1.0
P029,fr,ar,-1.0,-3.0,2.0
P029,zh,ja,-1.0,-2.0,1.0
P029,zh,ar,-1.0,-3.0,2.0
P029,ja,ar,-2.0,-3.0,1.0
P030,en,es,2.0,1.0,1.0
P030,en,de,2.0,1.0,1.0
P030,en,fr,2.0,1.0,1.0
P030,en,zh,2.0,1.0,1.0
P030,en,ja,2.0,2.0,0.0
P030,en,ar,2.0,3.0,1.0
P030,es,de,1.0,1.0,0.0
P030,es,fr,1.0,1.0,0.0
P030,es,zh,1.0,1.0,0.0
P030,es,ja,1.0,2.0,1.0
P030,es,ar,1.0,3.0,2.0
P030,de,fr,1.0,1.0,0.0
P030,de,zh,1.0,1.0,0.0
P030,de,ja,1.0,2.0,1.0
P030,de,ar,1.0,3.0,2.0
P030,fr,zh,1.0,1.0,0.0
P030,fr,ja,1.0,2.0,1.0
P030,fr,ar,1.0,3.0,2.0
P030,zh,ja,1.0,2.0,1.0
P030,zh,ar,1.0,3.0,2.0
P030,ja,ar,2.0,3.0,1.0
P031,en,es,-1.0,-1.0,0.0
P031,en,de,-1.0,-1.0,0.0
P031,en,fr,-1.0,-1.0,0.0
P031,en,zh,-1.0,-1.0,0.0
P031,en,ja,-1.0,-2.0,1.0
P031,en,ar,-1.0,-1.0,0.0
P031,es,de,-1.0,-1.0,0.0
P031,es,fr,-1.0,-1.0,0.0
P031,es,zh,-1.0,-1.0,0.0
P031,es,ja,-1.0,-2.0,1.0
P031,es,ar,-1.0,-1.0,0.0
P031,de,fr,-1.0,-1.0,0.0
P031,de,zh,-1.0,-1.0,0.0
P031,de,ja,-1.0,-2.0,1.0
P031,de,ar,-1.0,-1.0,0.0
P031,fr,zh,-1.0,-1.0,0.0
P031,fr,ja,-1.0,-2.0,1.0
P031,fr,ar,-1.0,-1.0,0.0
P031,zh,ja,-1.0,-2.0,1.0
P031,zh,ar,-1.0,-1.0,0.0
P031,ja,ar,-2.0,-1.0,1.0
P032,en,es,2.0,1.0,1.0
P032,en,de,2.0,1.0,1.0
P032,en,fr,2.0,1.0,1.0
P032,en,zh,2.0,1.0,1.0
P032,en,ja,2.0,1.0,1.0
P032,en,ar,2.0,1.0,1.0
P032,es,de,1.0,1.0,0.0
P032,es,fr,1.0,1.0,0.0
P032,es,zh,1.0,1.0,0.0
P032,es,ja,1.0,1.0,0.0
P032,es,ar,1.0,1.0,0.0
P032,de,fr,1.0,1.0,0.0
P032,de,zh,1.0,1.0,0.0
P032,de,ja,1.0,1.0,0.0
P032,de,ar,1.0,1.0,0.0
P032,fr,zh,1.0,1.0,0.0
P032,fr,ja,1.0,1.0,0.0
P032,fr,ar,1.0,1.0,0.0
P032,zh,ja,1.0,1.0,0.0
P032,zh,ar,1.0,1.0,0.0
P032,ja,ar,1.0,1.0,0.0
P033,en,es,-2.0,-2.0,0.0
P033,en,de,-2.0,-2.0,0.0
P033,en,fr,-2.0,-2.0,0.0
P033,en,zh,-2.0,-2.0,0.0
P033,en,ja,-2.0,-2.0,0.0
P033,en,ar,-2.0,-2.0,0.0
P033,es,de,-2.0,-2.0,0.0
P033,es,fr,-2.0,-2.0,0.0
P033,es,zh,-2.0,-2.0,0.0
P033,es,ja,-2.0,-2.0,0.0
P033,es,ar,-2.0,-2.0,0.0
P033,de,fr,-2.0,-2.0,0.0
P033,de,zh,-2.0,-2.0,0.0
P033,de,ja,-2.0,-2.0,0.0
P033,de,ar,-2.0,-2.0,0.0
P033,fr,zh,-2.0,-2.0,0.0
P033,fr,ja,-2.0,-2.0,0.0
P033,fr,ar,-2.0,-2.0,0.0
P033,zh,ja,-2.0,-2.0,0.0
P033,zh,ar,-2.0,-2.0,0.0
P033,ja,ar,-2.0,-2.0,0.0
P034,en,es,2.0,2.0,0.0
P034,en,de,2.0,2.0,0.0
P034,en,fr,2.0,2.0,0.0
P034,en,zh,2.0,1.0,1.0
P034,en,ja,2.0,2.0,0.0
P034,en,ar,2.0,1.0,1.0
P034,es,de,2.0,2.0,0.0
P034,es,fr,2.0,2.0,0.0
P034,es,zh,2.0,1.0,1.0
P034,es,ja,2.0,2.0,0.0
P034,es,ar,2.0,1.0,1.0
P034,de,fr,2.0,2.0,0.0
P034,de,zh,2.0,1.0,1.0
P034,de,ja,2.0,2.0,0.0
P034,de,ar,2.0,1.0,1.0
P034,fr,zh,2.0,1.0,1.0
P034,fr,ja,2.0,2.0,0.0
P034,fr,ar,2.0,1.0,1.0
P034,zh,ja,1.0,2.0,1.0
P034,zh,ar,1.0,1.0,0.0
P034,ja,ar,2.0,1.0,1.0
P035,en,es,-2.0,-2.0,0.0
P035,en,de,-2.0,-2.0,0.0
P035,en,fr,-2.0,-1.0,1.0
P035,en,zh,-2.0,-2.0,0.0
P035,en,ja,-2.0,-2.0,0.0
P035,en,ar,-2.0,-1.0,1.0
P035,es,de,-2.0,-2.0,0.0
P035,es,fr,-2.0,-1.0,1.0
P035,es,zh,-2.0,-2.0,0.0
P035,es,ja,-2.0,-2.0,0.0
P035,es,ar,-2.0,-1.0,1.0
P035,de,fr,-2.0,-1.0,1.0
P035,de,zh,-2.0,-2.0,0.0
P035,de,ja,-2.0,-2.0,0.0
P035,de,ar,-2.0,-1.0,1.0
P035,fr,zh,-1.0,-2.0,1.0
P035,fr,ja,-1.0,-2.0,1.0
P035,fr,ar,-1.0,-1.0,0.0
P035,zh,ja,-2.0,-2.0,0.0
P035,zh,ar,-2.0,-1.0,1.0
P035,ja,ar,-2.0,-1.0,1.0
P036,en,es,2.0,2.0,0.0
P036,en,de,2.0,2.0,0.0
P036,en,fr,2.0,2.0,0.0
P036,en,zh,2.0,2.0,0.0
P036,en,ja,2.0,2.0,0.0
P036,en,ar,2.0,3.0,1.0
P036,es,de,2.0,2.0,0.0
P036,es,fr,2.0,2.0,0.0
P036,es,zh,2.0,2.0,0.0
P036,es,ja,2.0,2.0,0.0
P036,es,ar,2.0,3.0,1.0
P036,de,fr,2.0,2.0,0.0
P036,de,zh,2.0,2.0,0.0
P036,de,ja,2.0,2.0,0.0
P036,de,ar,2.0,3.0,1.0
P036,fr,zh,2.0,2.0,0.0
P036,fr,ja,2.0,2.0,0.0
P036,fr,ar,2.0,3.0,1.0
P036,zh,ja,2.0,2.0,0.0
P036,zh,ar,2.0,3.0,1.0
P036,ja,ar,2.0,3.0,1.0
P037,en,es,-2.0,-2.0,0.0
P037,en,de,-2.0,-1.0,1.0
P037,en,fr,-2.0,-2.0,0.0
P037,en,zh,-2.0,-1.0,1.0
P037,en,ja,-2.0,-2.0,0.0
P037,en,ar,-2.0,-1.0,1.0
P037,es,de,-2.0,-1.0,1.0
P037,es,fr,-2.0,-2.0,0.0
P037,es,zh,-2.0,-1.0,1.0
P037,es,ja,-2.0,-2.0,0.0
P037,es,ar,-2.0,-1.0,1.0
P037,de,fr,-1.0,-2.0,1.0
P037,de,zh,-1.0,-1.0,0.0
P037,de,ja,-1.0,-2.0,1.0
P037,de,ar,-1.0,-1.0,0.0
P037,fr,zh,-2.0,-1.0,1.0
P037,fr,ja,-2.0,-2.0,0.0
P037,fr,ar,-2.0,-1.0,1.0
P037,zh,ja,-1.0,-2.0,1.0
P037,zh,ar,-1.0,-1.0,0.0
P037,ja,ar,-2.0,-1.0,1.0
P038,en,es,2.0,2.0,0.0
P038,en,de,2.0,2.0,0.0
P038,en,fr,2.0,1.0,1.0
P038,en,zh,2.0,2.0,0.0
P038,en,ja,2.0,2.0,0.0
P038,en,ar,2.0,-2.0,4.0
P038,es,de,2.0,2.0,0.0
P038,es,fr,2.0,1.0,1.0
P038,es,zh,2.0,2.0,0.0
P038,es,ja,2.0,2.0,0.0
P038,es,ar,2.0,-2.0,4.0
P038,de,fr,2.0,1.0,1.0
P038,de,zh,2.0,2.0,0.0
P038,de,ja,2.0,2.0,0.0
P038,de,ar,2.0,-2.0,4.0
P038,fr,zh,1.0,2.0,1.0
P038,fr,ja,1.0,2.0,1.0
P038,fr,ar,1.0,-2.0,3.0
P038,zh,ja,2.0,2.0,0.0
P038,zh,ar,2.0,-2.0,4.0
P038,ja,ar,2.0,-2.0,4.0
P039,en,es,-2.0,-2.0,0.0
P039,en,de,-2.0,-2.0,0.0
P039,en,fr,-2.0,-2.0,0.0
P039,en,zh,-2.0,-2.0,0.0
P039,en,ja,-2.0,-2.0,0.0
P039,en,ar,-2.0,-3.0,1.0
P039,es,de,-2.0,-2.0,0.0
P039,es,fr,-2.0,-2.0,0.0
P039,es,zh,-2.0,-2.0,0.0
P039,es,ja,-2.0,-2.0,0.0
P039,es,ar,-2.0,-3.0,1.0
P039,de,fr,-2.0,-2.0,0.0
P039,de,zh,-2.0,-2.0,0.0
P039,de,ja,-2.0,-2.0,0.0
P039,de,ar,-2.0,-3.0,1.0
P039,fr,zh,-2.0,-2.0,0.0
P039,fr,ja,-2.0,-2.0,0.0
P039,fr,ar,-2.0,-3.0,1.0
P039,zh,ja,-2.0,-2.0,0.0
P039,zh,ar,-2.0,-3.0,1.0
P039,ja,ar,-2.0,-3.0,1.0
P040,en,es,2.0,2.0,0.0
P040,en,de,2.0,2.0,0.0
P040,en,fr,2.0,1.0,1.0
P040,en,zh,2.0,2.0,0.0
P040,en,ja,2.0,2.0,0.0
P040,en,ar,2.0,3.0,1.0
P040,es,de,2.0,2.0,0.0
P040,es,fr,2.0,1.0,1.0
P040,es,zh,2.0,2.0,0.0
P040,es,ja,2.0,2.0,0.0
P040,es,ar,2.0,3.0,1.0
P040,de,fr,2.0,1.0,1.0
P040,de,zh,2.0,2.0,0.0
P040,de,ja,2.0,2.0,0.0
P040,de,ar,2.0,3.0,1.0
P040,fr,zh,1.0,2.0,1.0
P040,fr,ja,1.0,2.0,1.0
P040,fr,ar,1.0,3.0,2.0
P040,zh,ja,2.0,2.0,0.0
P040,zh,ar,2.0,3.0,1.0
P040,ja,ar,2.0,3.0,1.0
P041,en,es,-2.0,-2.0,0.0
P041,en,de,-2.0,-2.0,0.0
P041,en,fr,-2.0,-2.0,0.0
P041,en,zh,-2.0,-1.0,1.0
P041,en,ja,-2.0,-2.0,0.0
P041,en,ar,-2.0,-1.0,1.0
P041,es,de,-2.0,-2.0,0.0
P041,es,fr,-2.0,-2.0,0.0
P041,es,zh,-2.0,-1.0,1.0
P041,es,ja,-2.0,-2.0,0.0
P041,es,ar,-2.0,-1.0,1.0
P041,de,fr,-2.0,-2.0,0.0
P041,de,zh,-2.0,-1.0,1.0
P041,de,ja,-2.0,-2.0,0.0
P041,de,ar,-2.0,-1.0,1.0
P041,fr,zh,-2.0,-1.0,1.0
P041,fr,ja,-2.0,-2.0,0.0
P041,fr,ar,-2.0,-1.0,1.0
P041,zh,ja,-1.0,-2.0,1.0
P041,zh,ar,-1.0,-1.0,0.0
P041,ja,ar,-2.0,-1.0,1.0
P042,en,es,2.0,2.0,0.0
P042,en,de,2.0,2.0,0.0
P042,en,fr,2.0,2.0,0.0
P042,en,zh,2.0,2.0,0.0
P042,en,ja,2.0,2.0,0.0
P042,en,ar,2.0,1.0,1.0
P042,es,de,2.0,2.0,0.0
P042,es,fr,2.0,2.0,0.0
P042,es,zh,2.0,2.0,0.0
P042,es,ja,2.0,2.0,0.0
P042,es,ar,2.0,1.0,1.0
P042,de,fr,2.0,2.0,0.0
P042,de,zh,2.0,2.0,0.0
P042,de,ja,2.0,2.0,0.0
P042,de,ar,2.0,1.0,1.0
P042,fr,zh,2.0,2.0,0.0
P042,fr,ja,2.0,2.0,0.0
P042,fr,ar,2.0,1.0,1.0
P042,zh,ja,2.0,2.0,0.0
P042,zh,ar,2.0,1.0,1.0
P042,ja,ar,2.0,1.0,1.0
P043,en,es,-2.0,-2.0,0.0
P043,en,de,-2.0,-2.0,0.0
P043,en,fr,-2.0,-1.0,1.0
P043,en,zh,-2.0,-1.0,1.0
P043,en,ja,-2.0,-2.0,0.0
P043,en,ar,-2.0,-1.0,1.0
P043,es,de,-2.0,-2.0,0.0
P043,es,fr,-2.0,-1.0,1.0
P043,es,zh,-2.0,-1.0,1.0
P043,es,ja,-2.0,-2.0,0.0
P043,es,ar,-2.0,-1.0,1.0
P043,de,fr,-2.0,-1.0,1.0
P043,de,zh,-2.0,-1.0,1.0
P043,de,ja,-2.0,-2.0,0.0
P043,de,ar,-2.0,-1.0,1.0
P043,fr,zh,-1.0,-1.0,0.0
P043,fr,ja,-1.0,-2.0,1.0
P043,fr,ar,-1.0,-1.0,0.0
P043,zh,ja,-1.0,-2.0,1.0
P043,zh,ar,-1.0,-1.0,0.0
P043,ja,ar,-2.0,-1.0,1.0
P044,en,es,2.0,2.0,0.0
P044,en,de,2.0,1.0,1.0
P044,en,fr,2.0,0.0,2.0
P044,en,zh,2.0,1.0,1.0
P044,en,ja,2.0,2.0,0.0
P044,en,ar,2.0,1.0,1.0
P044,es,de,2.0,1.0,1.0
P044,es,fr,2.0,0.0,2.0
P044,es,zh,2.0,1.0,1.0
P044,es,ja,2.0,2.0,0.0
P044,es,ar,2.0,1.0,1.0
P044,de,fr,1.0,0.0,1.0
P044,de,zh,1.0,1.0,0.0
P044,de,ja,1.0,2.0,1.0
P044,de,ar,1.0,1.0,0.0
P044,fr,zh,0.0,1.0,1.0
P044,fr,ja,0.0,2.0,2.0
P044,fr,ar,0.0,1.0,1.0
P044,zh,ja,1.0,2.0,1.0
P044,zh,ar,1.0,1.0,0.0
P044,ja,ar,2.0,1.0,1.0
P045,en,es,-2.0,-2.0,0.0
P045,en,de,-2.0,-2.0,0.0
P045,en,fr,-2.0,-1.0,1.0
P045,en,zh,-2.0,-2.0,0.0
P045,en,ja,-2.0,-2.0,0.0
P045,en,ar,-2.0,-1.0,1.0
P045,es,de,-2.0,-2.0,0.0
P045,es,fr,-2.0,-1.0,1.0
P045,es,zh,-2.0,-2.0,0.0
P045,es,ja,-2.0,-2.0,0.0
P045,es,ar,-2.0,-1.0,1.0
P045,de,fr,-2.0,-1.0,1.0
P045,de,zh,-2.0,-2.0,0.0
P045,de,ja,-2.0,-2.0,0.0
P045,de,ar,-2.0,-1.0,1.0
P045,fr,zh,-1.0,-2.0,1.0
P045,fr,ja,-1.0,-2.0,1.0
P045,fr,ar,-1.0,-1.0,0.0
P045,zh,ja,-2.0,-2.0,0.0
P045,zh,ar,-2.0,-1.0,1.0
P045,ja,ar,-2.0,-1.0,1.0
P046,en,es,2.0,2.0,0.0
P046,en,de,2.0,2.0,0.0
P046,en,fr,2.0,1.0,1.0
P046,en,zh,2.0,1.0,1.0
P046,en,ja,2.0,2.0,0.0
P046,en,ar,2.0,1.0,1.0
P046,es,de,2.0,2.0,0.0
P046,es,fr,2.0,1.0,1.0
P046,es,zh,2.0,1.0,1.0
P046,es,ja,2.0,2.0,0.0
P046,es,ar,2.0,1.0,1.0
P046,de,fr,2.0,1.0,1.0
P046,de,zh,2.0,1.0,1.0
P046,de,ja,2.0,2.0,0.0
P046,de,ar,2.0,1.0,1.0
P046,fr,zh,1.0,1.0,0.0
P046,fr,ja,1.0,2.0,1.0
P046,fr,ar,1.0,1.0,0.0
P046,zh,ja,1.0,2.0,1.0
P046,zh,ar,1.0,1.0,0.0
P046,ja,ar,2.0,1.0,1.0
P047,en,es,-2.0,-2.0,0.0
P047,en,de,-2.0,-2.0,0.0
P047,en,fr,-2.0,-1.0,1.0
P047,en,zh,-2.0,-2.0,0.0
P047,en,ja,-2.0,-2.0,0.0
P047,en,ar,-2.0,-1.0,1.0
P047,es,de,-2.0,-2.0,0.0
P047,es,fr,-2.0,-1.0,1.0
P047,es,zh,-2.0,-2.0,0.0
P047,es,ja,-2.0,-2.0,0.0
P047,es,ar,-2.0,-1.0,1.0
P047,de,fr,-2.0,-1.0,1.0
P047,de,zh,-2.0,-2.0,0.0
P047,de,ja,-2.0,-2.0,0.0
P047,de,ar,-2.0,-1.0,1.0
P047,fr,zh,-1.0,-2.0,1.0
P047,fr,ja,-1.0,-2.0,1.0
P047,fr,ar,-1.0,-1.0,0.0
P047,zh,ja,-2.0,-2.0,0.0
P047,zh,ar,-2.0,-1.0,1.0
P047,ja,ar,-2.0,-1.0,1.0
P048,en,es,0.0,2.0,2.0
P048,en,de,0.0,2.0,2.0
P048,en,fr,0.0,0.0,0.0
P048,en,zh,0.0,1.0,1.0
P048,en,ja,0.0,0.0,0.0
P048,en,ar,0.0,1.0,1.0
P048,es,de,2.0,2.0,0.0
P048,es,fr,2.0,0.0,2.0
P048,es,zh,2.0,1.0,1.0
P048,es,ja,2.0,0.0,2.0
P048,es,ar,2.0,1.0,1.0
P048,de,fr,2.0,0.0,2.0
P048,de,zh,2.0,1.0,1.0
P048,de,ja,2.0,0.0,2.0
P048,de,ar,2.0,1.0,1.0
P048,fr,zh,0.0,1.0,1.0
P048,fr,ja,0.0,0.0,0.0
P048,fr,ar,0.0,1.0,1.0
P048,zh,ja,1.0,0.0,1.0
P048,zh,ar,1.0,1.0,0.0
P048,ja,ar,0.0,1.0,1.0
P049,en,es,-1.0,-1.0,0.0
P049,en,de,-1.0,-1.0,0.0
P049,en,fr,-1.0,0.0,1.0
P049,en,zh,-1.0,-1.0,0.0
P049,en,ja,-1.0,-2.0,1.0
P049,en,ar,-1.0,-1.0,0.0
P049,es,de,-1.0,-1.0,0.0
P049,es,fr,-1.0,0.0,1.0
P049,es,zh,-1.0,-1.0,0.0
P049,es,ja,-1.0,-2.0,1.0
P049,es,ar,-1.0,-1.0,0.0
P049,de,fr,-1.0,0.0,1.0
P049,de,zh,-1.0,-1.0,0.0
P049,de,ja,-1.0,-2.0,1.0
P049,de,ar,-1.0,-1.0,0.0
P049,fr,zh,0.0,-1.0,1.0
P049,fr,ja,0.0,-2.0,2.0
P049,fr,ar,0.0,-1.0,1.0
P049,zh,ja,-1.0,-2.0,1.0
P049,zh,ar,-1.0,-1.0,0.0
P049,ja,ar,-2.0,-1.0,1.0
P050,en,es,0.0,0.0,0.0
P050,en,de,0.0,1.0,1.0
P050,en,fr,0.0,1.0,1.0
P050,en,zh,0.0,1.0,1.0
P050,en,ja,0.0,1.0,1.0
P050,en,ar,0.0,1.0,1.0
P050,es,de,0.0,1.0,1.0
P050,es,fr,0.0,1.0,1.0
P050,es,zh,0.0,1.0,1.0
P050,es,ja,0.0,1.0,1.0
P050,es,ar,0.0,1.0,1.0
P050,de,fr,1.0,1.0,0.0
P050,de,zh,1.0,1.0,0.0
P050,de,ja,1.0,1.0,0.0
P050,de,ar,1.0,1.0,0.0
P050,fr,zh,1.0,1.0,0.0
P050,fr,ja,1.0,1.0,0.0
P050,fr,ar,1.0,1.0,0.0
P050,zh,ja,1.0,1.0,0.0
P050,zh,ar,1.0,1.0,0.0
P050,ja,ar,1.0,1.0,0.0
P051,en,es,-1.0,-2.0,1.0
P051,en,de,-1.0,-1.0,0.0
P051,en,fr,-1.0,-1.0,0.0
P051,en,zh,-1.0,-1.0,0.0
P051,en,ja,-1.0,-1.0,0.0
P051,en,ar,-1.0,-1.0,0.0
P051,es,de,-2.0,-1.0,1.0
P051,es,fr,-2.0,-1.0,1.0
P051,es,zh,-2.0,-1.0,1.0
P051,es,ja,-2.0,-1.0,1.0
P051,es,ar,-2.0,-1.0,1.0
P051,de,fr,-1.0,-1.0,0.0
P051,de,zh,-1.0,-1.0,0.0
P051,de,ja,-1.0,-1.0,0.0
P051,de,ar,-1.0,-1.0,0.0
P051,fr,zh,-1.0,-1.0,0.0
P051,fr,ja,-1.0,-1.0,0.0
P051,fr,ar,-1.0,-1.0,0.0
P051,zh,ja,-1.0,-1.0,0.0
P051,zh,ar,-1.0,-1.0,0.0
P051,ja,ar,-1.0,-1.0,0.0
P052,en,es,1.0,1.0,0.0
P052,en,de,1.0,1.0,0.0
P052,en,fr,1.0,1.0,0.0
P052,en,zh,1.0,1.0,0.0
P052,en,ja,1.0,2.0,1.0
P052,en,ar,1.0,-2.0,3.0
P052,es,de,1.0,1.0,0.0
P052,es,fr,1.0,1.0,0.0
P052,es,zh,1.0,1.0,0.0
P052,es,ja,1.0,2.0,1.0
P052,es,ar,1.0,-2.0,3.0
P052,de,fr,1.0,1.0,0.0
P052,de,zh,1.0,1.0,0.0
P052,de,ja,1.0,2.0,1.0
P052,de,ar,1.0,-2.0,3.0
P052,fr,zh,1.0,1.0,0.0
P052,fr,ja,1.0,2.0,1.0
P052,fr,ar,1.0,-2.0,3.0
P052,zh,ja,1.0,2.0,1.0
P052,zh,ar,1.0,-2.0,3.0
P052,ja,ar,2.0,-2.0,4.0
P053,en,es,0.0,0.0,0.0
P053,en,de,0.0,0.0,0.0
P053,en,fr,0.0,0.0,0.0
P053,en,zh,0.0,-1.0,1.0
P053,en,ja,0.0,-1.0,1.0
P053,en,ar,0.0,2.0,2.0
P053,es,de,0.0,0.0,0.0
P053,es,fr,0.0,0.0,0.0
P053,es,zh,0.0,-1.0,1.0
P053,es,ja,0.0,-1.0,1.0
P053,es,ar,0.0,2.0,2.0
P053,de,fr,0.0,0.0,0.0
P053,de,zh,0.0,-1.0,1.0
P053,de,ja,0.0,-1.0,1.0
P053,de,ar,0.0,2.0,2.0
P053,fr,zh,0.0,-1.0,1.0
P053,fr,ja,0.0,-1.0,1.0
P053,fr,ar,0.0,2.0,2.0
P053,zh,ja,-1.0,-1.0,0.0
P053,zh,ar,-1.0,2.0,3.0
P053,ja,ar,-1.0,2.0,3.0
P054,en,es,1.0,1.0,0.0
P054,en,de,1.0,1.0,0.0
P054,en,fr,1.0,0.0,1.0
P054,en,zh,1.0,1.0,0.0
P054,en,ja,1.0,2.0,1.0
P054,en,ar,1.0,1.0,0.0
P054,es,de,1.0,1.0,0.0
P054,es,fr,1.0,0.0,1.0
P054,es,zh,1.0,1.0,0.0
P054,es,ja,1.0,2.0,1.0
P054,es,ar,1.0,1.0,0.0
P054,de,fr,1.0,0.0,1.0
P054,de,zh,1.0,1.0,0.0
P054,de,ja,1.0,2.0,1.0
P054,de,ar,1.0,1.0,0.0
P054,fr,zh,0.0,1.0,1.0
P054,fr,ja,0.0,2.0,2.0
P054,fr,ar,0.0,1.0,1.0
P054,zh,ja,1.0,2.0,1.0
P054,zh,ar,1.0,1.0,0.0
P054,ja,ar,2.0,1.0,1.0
P055,en,es,-2.0,-2.0,0.0
P055,en,de,-2.0,-1.0,1.0
P055,en,fr,-2.0,-1.0,1.0
P055,en,zh,-2.0,-2.0,0.0
P055,en,ja,-2.0,-2.0,0.0
P055,en,ar,-2.0,-3.0,1.0
P055,es,de,-2.0,-1.0,1.0
P055,es,fr,-2.0,-1.0,1.0
P055,es,zh,-2.0,-2.0,0.0
P055,es,ja,-2.0,-2.0,0.0
P055,es,ar,-2.0,-3.0,1.0
P055,de,fr,-1.0,-1.0,0.0
P055,de,zh,-1.0,-2.0,1.0
P055,de,ja,-1.0,-2.0,1.0
P055,de,ar,-1.0,-3.0,2.0
P055,fr,zh,-1.0,-2.0,1.0
P055,fr,ja,-1.0,-2.0,1.0
P055,fr,ar,-1.0,-3.0,2.0
P055,zh,ja,-2.0,-2.0,0.0
P055,zh,ar,-2.0,-3.0,1.0
P055,ja,ar,-2.0,-3.0,1.0
P056,en,es,2.0,2.0,0.0
P056,en,de,2.0,2.0,0.0
P056,en,fr,2.0,1.0,1.0
P056,en,zh,2.0,2.0,0.0
P056,en,ja,2.0,2.0,0.0
P056,en,ar,2.0,3.0,1.0
P056,es,de,2.0,2.0,0.0
P056,es,fr,2.0,1.0,1.0
P056,es,zh,2.0,2.0,0.0
P056,es,ja,2.0,2.0,0.0
P056,es,ar,2.0,3.0,1.0
P056,de,fr,2.0,1.0,1.0
P056,de,zh,2.0,2.0,0.0
P056,de,ja,2.0,2.0,0.0
P056,de,ar,2.0,3.0,1.0
P056,fr,zh,1.0,2.0,1.0
P056,fr,ja,1.0,2.0,1.0
P056,fr,ar,1.0,3.0,2.0
P056,zh,ja,2.0,2.0,0.0
P056,zh,ar,2.0,3.0,1.0
P056,ja,ar,2.0,3.0,1.0
P057,en,es,-1.0,-1.0,0.0
P057,en,de,-1.0,-1.0,0.0
P057,en,fr,-1.0,-1.0,0.0
P057,en,zh,-1.0,-1.0,0.0
P057,en,ja,-1.0,-1.0,0.0
P057,en,ar,-1.0,0.0,1.0
P057,es,de,-1.0,-1.0,0.0
P057,es,fr,-1.0,-1.0,0.0
P057,es,zh,-1.0,-1.0,0.0
P057,es,ja,-1.0,-1.0,0.0
P057,es,ar,-1.0,0.0,1.0
P057,de,fr,-1.0,-1.0,0.0
P057,de,zh,-1.0,-1.0,0.0
P057,de,ja,-1.0,-1.0,0.0
P057,de,ar,-1.0,0.0,1.0
P057,fr,zh,-1.0,-1.0,0.0
P057,fr,ja,-1.0,-1.0,0.0
P057,fr,ar,-1.0,0.0,1.0
P057,zh,ja,-1.0,-1.0,0.0
P057,zh,ar,-1.0,0.0,1.0
P057,ja,ar,-1.0,0.0,1.0
P058,en,es,2.0,2.0,0.0
P058,en,de,2.0,2.0,0.0
P058,en,fr,2.0,1.0,1.0
P058,en,zh,2.0,2.0,0.0
P058,en,ja,2.0,2.0,0.0
P058,en,ar,2.0,3.0,1.0
P058,es,de,2.0,2.0,0.0
P058,es,fr,2.0,1.0,1.0
P058,es,zh,2.0,2.0,0.0
P058,es,ja,2.0,2.0,0.0
P058,es,ar,2.0,3.0,1.0
P058,de,fr,2.0,1.0,1.0
P058,de,zh,2.0,2.0,0.0
P058,de,ja,2.0,2.0,0.0
P058,de,ar,2.0,3.0,1.0
P058,fr,zh,1.0,2.0,1.0
P058,fr,ja,1.0,2.0,1.0
P058,fr,ar,1.0,3.0,2.0
P058,zh,ja,2.0,2.0,0.0
P058,zh,ar,2.0,3.0,1.0
P058,ja,ar,2.0,3.0,1.0
P059,en,es,-2.0,-2.0,0.0
P059,en,de,-2.0,-2.0,0.0
P059,en,fr,-2.0,-1.0,1.0
P059,en,zh,-2.0,-2.0,0.0
P059,en,ja,-2.0,-2.0,0.0
P059,en,ar,-2.0,-1.0,1.0
P059,es,de,-2.0,-2.0,0.0
P059,es,fr,-2.0,-1.0,1.0
P059,es,zh,-2.0,-2.0,0.0
P059,es,ja,-2.0,-2.0,0.0
P059,es,ar,-2.0,-1.0,1.0
P059,de,fr,-2.0,-1.0,1.0
P059,de,zh,-2.0,-2.0,0.0
P059,de,ja,-2.0,-2.0,0.0
P059,de,ar,-2.0,-1.0,1.0
P059,fr,zh,-1.0,-2.0,1.0
P059,fr,ja,-1.0,-2.0,1.0
P059,fr,ar,-1.0,-1.0,0.0
P059,zh,ja,-2.0,-2.0,0.0
P059,zh,ar,-2.0,-1.0,1.0
P059,ja,ar,-2.0,-1.0,1.0
P060,en,es,1.0,2.0,1.0
P060,en,de,1.0,2.0,1.0
P060,en,fr,1.0,1.0,0.0
P060,en,zh,1.0,2.0,1.0
P060,en,ja,1.0,2.0,1.0
P060,en,ar,1.0,3.0,2.0
P060,es,de,2.0,2.0,0.0
P060,es,fr,2.0,1.0,1.0
P060,es,zh,2.0,2.0,0.0
P060,es,ja,2.0,2.0,0.0
P060,es,ar,2.0,3.0,1.0
P060,de,fr,2.0,1.0,1.0
P060,de,zh,2.0,2.0,0.0
P060,de,ja,2.0,2.0,0.0
P060,de,ar,2.0,3.0,1.0
P060,fr,zh,1.0,2.0,1.0
P060,fr,ja,1.0,2.0,1.0
P060,fr,ar,1.0,3.0,2.0
P060,zh,ja,2.0,2.0,0.0
P060,zh,ar,2.0,3.0,1.0
P060,ja,ar,2.0,3.0,1.0
