row_id,label_alignment
1,aligned
2,aligned
3,aligned
4,aligned
5,aligned
6,aligned
7,aligned
8,aligned
9,aligned
10,aligned
11,partial
12,aligned
13,aligned
14,aligned
15,aligned
16,aligned
17,aligned
18,aligned
19,aligned
20,aligned
21,aligned
22,aligned
23,aligned
24,aligned
25,aligned
26,aligned
27,aligned
28,aligned
29,partial
30,aligned
31,aligned
32,aligned
33,aligned
34,aligned
35,aligned
36,partial
37,aligned
38,partial
39,partial
40,partial
41,aligned
42,aligned
43,partial
44,aligned
45,aligned
46,partial
47,partial
48,aligned
49,aligned
50,partial
51,aligned
52,partial
53,partial
54,partial
55,aligned
56,aligned
57,aligned
58,aligned
59,aligned
60,aligned
61,aligned
62,aligned
63,aligned
64,aligned
65,aligned
66,aligned
67,aligned
68,aligned
69,aligned
70,aligned
71,aligned
72,aligned
73,aligned
74,partial
75,aligned
76,aligned
77,aligned
78,aligned
79,aligned
80,aligned
81,aligned
82,aligned
83,aligned
84,aligned
85,aligned
86,aligned
87,aligned
88,aligned
89,aligned
90,aligned
91,aligned
92,aligned
93,aligned
94,aligned
95,partial
96,aligned
97,aligned
98,aligned
99,aligned
100,aligned
101,aligned
102,aligned
103,aligned
104,aligned
105,aligned
106,aligned
107,contradicted
108,aligned
109,aligned
110,aligned
111,contradicted
112,aligned
113,aligned
114,aligned
115,aligned
116,aligned
117,aligned
118,aligned
119,aligned
120,aligned
121,aligned
122,aligned
123,aligned
124,partial
125,aligned
126,aligned
127,aligned
128,aligned
129,aligned
130,aligned
131,aligned
132,aligned
133,aligned
134,aligned
135,aligned
136,aligned
137,partial
138,aligned
139,aligned
140,aligned
141,partial
142,aligned
143,aligned
144,partial
145,aligned
146,aligned
147,aligned
148,aligned
149,aligned
150,aligned
151,aligned
152,aligned
153,aligned
154,aligned
155,aligned
156,aligned
157,aligned
158,aligned
159,aligned
160,aligned
161,aligned
162,partial
163,aligned
164,partial
165,partial
166,aligned
167,aligned
168,aligned
169,aligned
170,aligned
171,aligned
172,aligned
173,aligned
174,aligned
175,aligned
176,partial
177,aligned
178,partial
179,partial
180,partial
181,aligned
182,aligned
183,aligned
184,aligned
185,aligned
186,partial
187,aligned
188,aligned
189,aligned
190,aligned
191,aligned
192,aligned
193,aligned
194,aligned
195,aligned
196,aligned
197,aligned
198,aligned
199,aligned
200,aligned
201,aligned
202,aligned
203,aligned
204,aligned
205,aligned
206,aligned
207,partial
208,aligned
209,aligned
210,aligned
211,aligned
212,aligned
213,aligned
214,aligned
215,aligned
216,aligned
217,aligned
218,aligned
219,aligned
220,aligned
221,aligned
222,aligned
223,aligned
224,aligned
