row_id,direction,magnitude,causal_structure,uncertainty,prompt_leakage
1,positive,mild,2,1,no
2,positive,mild,2,1,no
3,positive,mild,2,1,no
4,positive,mild,2,1,no
5,positive,mild,2,1,no
6,positive,mild,2,1,no
7,non_directional,neutral,1,2,no
8,non_directional,neutral,1,2,no
9,non_directional,neutral,1,2,no
10,non_directional,neutral,1,2,no
11,non_directional,neutral,1,2,no
12,non_directional,neutral,1,2,no
13,non_directional,neutral,1,2,no
14,non_directional,neutral,1,2,no
15,non_directional,neutral,2,2,no
16,negative,mild,1,1,no
17,negative,mild,2,1,no
18,non_directional,neutral,1,2,no
19,negative,mild,2,1,no
20,negative,mild,2,1,no
21,negative,strong,2,0,no
22,positive,mild,2,1,no
23,positive,mild,1,0,no
24,positive,mild,1,1,no
25,positive,mild,1,0,no
26,positive,mild,2,1,no
27,positive,mild,2,1,yes
28,positive,mild,2,1,no
29,non_directional,neutral,2,2,no
30,non_directional,neutral,1,2,no
31,non_directional,neutral,1,2,no
32,non_directional,neutral,1,2,no
33,non_directional,neutral,2,2,no
34,positive,mild,2,1,yes
35,negative,strong,2,1,yes
36,non_directional,neutral,2,2,no
37,non_directional,neutral,1,2,no
38,non_directional,neutral,2,2,no
39,non_directional,neutral,2,2,no
40,non_directional,neutral,2,2,no
41,non_directional,neutral,1,2,no
42,non_directional,neutral,2,2,no
43,non_directional,neutral,2,2,no
44,positive,mild,2,1,no
45,positive,mild,2,1,no
46,non_directional,neutral,2,2,no
47,non_directional,neutral,2,2,no
48,non_directional,neutral,1,2,no
49,negative,strong,2,1,yes
50,non_directional,neutral,2,2,no
51,negative,mild,2,1,no
52,non_directional,neutral,2,2,no
53,non_directional,neutral,2,2,no
54,non_directional,neutral,2,2,no
55,non_directional,neutral,1,2,no
56,non_directional,neutral,2,2,no
57,negative,mild,1,1,no
58,negative,mild,1,1,no
59,negative,mild,1,0,no
60,negative,mild,1,1,no
61,non_directional,neutral,2,2,yes
62,negative,strong,2,1,yes
63,non_directional,neutral,1,2,no
64,positive,mild,1,1,no
65,positive,mild,1,1,no
66,positive,mild,1,0,no
67,positive,mild,1,1,no
68,positive,mild,1,1,no
69,positive,mild,1,0,yes
70,positive,mild,1,1,no
71,negative,mild,2,1,no
72,negative,mild,1,1,no
73,negative,mild,1,0,no
74,non_directional,neutral,1,2,no
75,negative,mild,2,1,no
76,negative,mild,2,0,no
77,non_directional,neutral,1,2,no
78,positive,mild,1,1,no
79,positive,mild,1,1,no
80,positive,mild,1,0,no
81,positive,mild,1,1,no
82,positive,mild,1,1,no
83,positive,mild,1,1,yes
84,negative,strong,2,1,no
85,positive,mild,1,1,no
86,positive,mild,1,0,no
87,positive,mild,1,0,no
88,positive,mild,2,1,no
89,positive,mild,1,1,no
90,positive,mild,2,0,no
91,positive,mild,1,0,no
92,negative,mild,2,1,no
93,negative,mild,1,1,no
94,negative,mild,2,1,no
95,non_directional,neutral,1,2,no
96,negative,mild,2,1,no
97,negative,mild,2,1,no
98,non_directional,neutral,1,2,no
99,negative,mild,2,1,no
100,negative,mild,2,1,no
101,negative,mild,2,1,no
102,negative,mild,2,1,no
103,non_directional,neutral,1,2,no
104,negative,mild,2,1,yes
105,non_directional,neutral,1,2,no
106,negative,mild,1,1,no
107,positive,mild,1,1,no
108,positive,mild,2,1,no
109,negative,mild,2,1,no
110,positive,mild,2,1,no
111,negative,mild,2,1,yes
112,positive,mild,2,0,no
113,positive,mild,2,1,no
114,non_directional,neutral,2,2,no
115,non_directional,neutral,2,2,no
116,non_directional,neutral,2,2,no
117,non_directional,neutral,1,2,no
118,non_directional,neutral,1,2,no
119,non_directional,neutral,2,2,no
120,negative,mild,1,1,no
121,non_directional,neutral,1,2,no
122,negative,mild,1,1,no
123,negative,mild,2,0,no
124,non_directional,neutral,2,2,no
125,non_directional,neutral,1,2,no
126,negative,strong,2,1,no
127,positive,mild,2,1,no
128,non_directional,neutral,2,2,no
129,non_directional,neutral,1,2,no
130,positive,mild,2,1,no
131,negative,mild,2,0,no
132,positive,mild,2,0,no
133,negative,strong,2,1,no
134,negative,mild,1,0,no
135,negative,mild,1,1,no
136,negative,mild,1,0,no
137,non_directional,neutral,2,2,no
138,negative,mild,1,1,no
139,negative,mild,2,1,yes
140,negative,strong,2,0,no
141,non_directional,neutral,2,2,no
142,non_directional,neutral,1,2,no
143,non_directional,neutral,1,2,no
144,non_directional,neutral,2,2,no
145,non_directional,neutral,2,2,no
146,negative,mild,2,1,no
147,non_directional,neutral,1,2,no
148,positive,mild,2,1,no
149,positive,mild,2,1,no
150,positive,mild,2,1,no
151,positive,mild,2,0,no
152,positive,mild,2,1,no
153,positive,mild,2,0,no
154,negative,strong,2,1,no
155,positive,mild,2,1,no
156,positive,mild,1,1,no
157,positive,mild,2,0,no
158,positive,mild,2,0,no
159,positive,mild,1,1,no
160,positive,mild,2,0,yes
161,positive,mild,2,0,no
162,non_directional,neutral,2,2,no
163,negative,mild,1,1,no
164,non_directional,neutral,2,2,no
165,non_directional,neutral,2,2,no
166,non_directional,neutral,2,2,no
167,non_directional,neutral,1,2,no
168,non_directional,neutral,1,2,no
169,positive,mild,1,1,no
170,positive,mild,1,0,no
171,positive,mild,1,1,no
172,positive,mild,2,1,no
173,positive,mild,1,1,no
174,positive,mild,2,0,no
175,positive,mild,2,1,no
176,non_directional,neutral,1,2,no
177,negative,mild,1,1,no
178,non_directional,neutral,1,2,no
179,non_directional,neutral,2,2,no
180,non_directional,neutral,2,2,no
181,negative,mild,2,1,no
182,negative,mild,1,1,no
183,negative,mild,2,1,no
184,negative,mild,1,0,no
185,non_directional,neutral,1,2,no
186,non_directional,neutral,2,2,no
187,non_directional,neutral,1,2,no
188,negative,mild,1,1,no
189,non_directional,neutral,1,2,no
190,positive,mild,1,1,no
191,positive,mild,1,0,no
192,positive,mild,1,0,no
193,positive,mild,1,0,no
194,positive,mild,1,1,no
195,positive,mild,2,0,yes
196,positive,mild,1,1,no
197,positive,mild,1,1,no
198,positive,mild,1,1,no
199,positive,mild,1,1,no
200,positive,mild,2,1,no
201,positive,mild,2,1,no
202,positive,strong,2,0,yes
203,positive,mild,2,0,no
204,negative,mild,1,1,no
205,non_directional,neutral,1,2,no
206,non_directional,neutral,1,2,no
207,non_directional,neutral,2,2,no
208,non_directional,neutral,1,2,no
209,negative,strong,2,1,yes
210,non_directional,neutral,1,2,no
211,negative,mild,1,1,no
212,non_directional,neutral,1,2,no
213,non_directional,neutral,1,2,no
214,non_directional,neutral,1,2,no
215,non_directional,neutral,1,2,no
216,negative,strong,2,1,yes
217,non_directional,neutral,1,2,no
218,positive,mild,1,1,no
219,positive,mild,1,0,no
220,positive,mild,1,1,no
221,positive,mild,2,1,no
222,positive,mild,1,1,no
223,positive,mild,2,0,no
224,positive,mild,1,1,no
