language_a,language_b,n,direction_match_rate,magnitude_match_rate,causal_match_rate,mean_RAS,exact_label_match_rate
de,ar,32,0.65625,0.5625,0.59375,0.6041666666666666,0.5625
de,fr,32,0.75,0.75,0.34375,0.6145833333333334,0.78125
de,ja,32,0.6875,0.65625,0.40625,0.5833333333333334,0.6875
de,zh,32,0.84375,0.84375,0.4375,0.7083333333333333,0.84375
en,ar,32,0.46875,0.40625,0.4375,0.4375,0.40625
en,de,32,0.75,0.75,0.65625,0.71875,0.75
en,es,32,0.65625,0.65625,0.5625,0.625,0.6875
en,fr,32,0.8125,0.8125,0.3125,0.6458333333333334,0.71875
en,ja,32,0.8125,0.75,0.5625,0.7083333333333334,0.75
en,zh,32,0.6875,0.6875,0.46875,0.6145833333333334,0.71875
es,ar,32,0.5625,0.5,0.5625,0.5416666666666666,0.46875
es,de,32,0.84375,0.84375,0.53125,0.7395833333333333,0.875
es,fr,32,0.59375,0.59375,0.5625,0.5833333333333334,0.65625
es,ja,32,0.71875,0.6875,0.4375,0.6145833333333333,0.6875
es,zh,32,0.75,0.75,0.53125,0.6770833333333334,0.78125
fr,ar,32,0.59375,0.5625,0.5,0.5520833333333334,0.5625
fr,ja,32,0.625,0.59375,0.4375,0.5520833333333334,0.59375
fr,zh,32,0.6875,0.6875,0.53125,0.6354166666666666,0.6875
ja,ar,32,0.5,0.4375,0.5,0.47916666666666663,0.4375
zh,ar,32,0.71875,0.625,0.53125,0.625,0.625
zh,ja,32,0.6875,0.6875,0.65625,0.6770833333333334,0.6875
