family,pair_id,case_type,condition,language_a,language_b,label_a,label_b,same_label,direction_match,magnitude_match,causal_match,RAS,alignment_cell
contract_realization,P057,consistent,counterfactual,en,es,C,C,1,1,1,1,1.0,same_label_high_RAS
contract_realization,P057,consistent,counterfactual,en,de,C,C,1,1,1,1,1.0,same_label_high_RAS
contract_realization,P057,consistent,counterfactual,en,fr,C,C,1,1,1,1,1.0,same_label_high_RAS
contract_realization,P057,consistent,counterfactual,en,zh,C,C,1,1,1,1,1.0,same_label_high_RAS
contract_realization,P057,consistent,counterfactual,en,ja,C,C,1,1,1,0,0.6666666666666666,same_label_high_RAS
contract_realization,P057,consistent,counterfactual,en,ar,C,C,1,1,1,1,1.0,same_label_high_RAS
contract_realization,P057,consistent,counterfactual,es,de,C,C,1,1,1,1,1.0,same_label_high_RAS
contract_realization,P057,consistent,counterfactual,es,fr,C,C,1,1,1,1,1.0,same_label_high_RAS
contract_realization,P057,consistent,counterfactual,es,zh,C,C,1,1,1,1,1.0,same_label_high_RAS
contract_realization,P057,consistent,counterfactual,es,ja,C,C,1,1,1,0,0.6666666666666666,same_label_high_RAS
contract_realization,P057,consistent,counterfactual,es,ar,C,C,1,1,1,1,1.0,same_label_high_RAS
contract_realization,P057,consistent,counterfactual,de,fr,C,C,1,1,1,1,1.0,same_label_high_RAS
contract_realization,P057,consistent,counterfactual,de,zh,C,C,1,1,1,1,1.0,same_label_high_RAS
contract_realization,P057,consistent,counterfactual,de,ja,C,C,1,1,1,0,0.6666666666666666,same_label_high_RAS
contract_realization,P057,consistent,counterfactual,de,ar,C,C,1,1,1,1,1.0,same_label_high_RAS
contract_realization,P057,consistent,counterfactual,fr,zh,C,C,1,1,1,1,1.0,same_label_high_RAS
contract_realization,P057,consistent,counterfactual,fr,ja,C,C,1,1,1,0,0.6666666666666666,same_label_high_RAS
contract_realization,P057,consistent,counterfactual,fr,ar,C,C,1,1,1,1,1.0,same_label_high_RAS
contract_realization,P057,consistent,counterfactual,zh,ja,C,C,1,1,1,0,0.6666666666666666,same_label_high_RAS
contract_realization,P057,consistent,counterfactual,zh,ar,C,C,1,1,1,1,1.0,same_label_high_RAS
contract_realization,P057,consistent,counterfactual,ja,ar,C,C,1,1,1,0,0.6666666666666666,same_label_high_RAS
contract_realization,P057,consistent,original,en,es,D,D,1,1,1,0,0.6666666666666666,same_label_high_RAS
contract_realization,P057,consistent,original,en,de,D,D,1,1,1,1,1.0,same_label_high_RAS
contract_realization,P057,consistent,original,en,fr,D,D,1,1,1,0,0.6666666666666666,same_label_high_RAS
contract_realization,P057,consistent,original,en,zh,D,D,1,1,1,0,0.6666666666666666,same_label_high_RAS
contract_realization,P057,consistent,original,en,ja,D,D,1,1,1,1,1.0,same_label_high_RAS
contract_realization,P057,consistent,original,en,ar,D,C,0,0,0,0,0.0,different_label_low_RAS
contract_realization,P057,consistent,original,es,de,D,D,1,1,1,0,0.6666666666666666,same_label_high_RAS
contract_realization,P057,consistent,original,es,fr,D,D,1,1,1,1,1.0,same_label_high_RAS
contract_realization,P057,consistent,original,es,zh,D,D,1,1,1,1,1.0,same_label_high_RAS
contract_realization,P057,consistent,original,es,ja,D,D,1,1,1,0,0.6666666666666666,same_label_high_RAS
contract_realization,P057,consistent,original,es,ar,D,C,0,0,0,1,0.3333333333333333,different_label_low_RAS
contract_realization,P057,consistent,original,de,fr,D,D,1,1,1,0,0.6666666666666666,same_label_high_RAS
contract_realization,P057,consistent,original,de,zh,D,D,1,1,1,0,0.6666666666666666,same_label_high_RAS
contract_realization,P057,consistent,original,de,ja,D,D,1,1,1,1,1.0,same_label_high_RAS
contract_realization,P057,consistent,original,de,ar,D,C,0,0,0,0,0.0,different_label_low_RAS
contract_realization,P057,consistent,original,fr,zh,D,D,1,1,1,1,1.0,same_label_high_RAS
contract_realization,P057,consistent,original,fr,ja,D,D,1,1,1,0,0.6666666666666666,same_label_high_RAS
contract_realization,P057,consistent,original,fr,ar,D,C,0,0,0,1,0.3333333333333333,different_label_low_RAS
contract_realization,P057,consistent,original,zh,ja,D,D,1,1,1,0,0.6666666666666666,same_label_high_RAS
contract_realization,P057,consistent,original,zh,ar,D,C,0,0,0,1,0.3333333333333333,different_label_low_RAS
contract_realization,P057,consistent,original,ja,ar,D,C,0,0,0,0,0.0,different_label_low_RAS
contract_realization,P060,divergent,counterfactual,en,es,D,D,1,1,1,0,0.6666666666666666,same_label_high_RAS
contract_realization,P060,divergent,counterfactual,en,de,D,D,1,1,1,0,0.6666666666666666,same_label_high_RAS
contract_realization,P060,divergent,counterfactual,en,fr,D,D,1,1,1,0,0.6666666666666666,same_label_high_RAS
contract_realization,P060,divergent,counterfactual,en,zh,D,D,1,1,1,1,1.0,same_label_high_RAS
contract_realization,P060,divergent,counterfactual,en,ja,D,D,1,1,1,1,1.0,same_label_high_RAS
contract_realization,P060,divergent,counterfactual,en,ar,D,D,1,1,1,0,0.6666666666666666,same_label_high_RAS
contract_realization,P060,divergent,counterfactual,es,de,D,D,1,1,1,1,1.0,same_label_high_RAS
contract_realization,P060,divergent,counterfactual,es,fr,D,D,1,1,1,1,1.0,same_label_high_RAS
contract_realization,P060,divergent,counterfactual,es,zh,D,D,1,1,1,0,0.6666666666666666,same_label_high_RAS
contract_realization,P060,divergent,counterfactual,es,ja,D,D,1,1,1,0,0.6666666666666666,same_label_high_RAS
contract_realization,P060,divergent,counterfactual,es,ar,D,D,1,1,1,1,1.0,same_label_high_RAS
contract_realization,P060,divergent,counterfactual,de,fr,D,D,1,1,1,1,1.0,same_label_high_RAS
contract_realization,P060,divergent,counterfactual,de,zh,D,D,1,1,1,0,0.6666666666666666,same_label_high_RAS
contract_realization,P060,divergent,counterfactual,de,ja,D,D,1,1,1,0,0.6666666666666666,same_label_high_RAS
contract_realization,P060,divergent,counterfactual,de,ar,D,D,1,1,1,1,1.0,same_label_high_RAS
contract_realization,P060,divergent,counterfactual,fr,zh,D,D,1,1,1,0,0.6666666666666666,same_label_high_RAS
contract_realization,P060,divergent,counterfactual,fr,ja,D,D,1,1,1,0,0.6666666666666666,same_label_high_RAS
contract_realization,P060,divergent,counterfactual,fr,ar,D,D,1,1,1,1,1.0,same_label_high_RAS
contract_realization,P060,divergent,counterfactual,zh,ja,D,D,1,1,1,1,1.0,same_label_high_RAS
contract_realization,P060,divergent,counterfactual,zh,ar,D,D,1,1,1,0,0.6666666666666666,same_label_high_RAS
contract_realization,P060,divergent,counterfactual,ja,ar,D,D,1,1,1,0,0.6666666666666666,same_label_high_RAS
contract_realization,P060,divergent,original,en,es,C,B,0,0,0,0,0.0,different_label_low_RAS
contract_realization,P060,divergent,original,en,de,C,B,0,0,0,1,0.3333333333333333,different_label_low_RAS
contract_realization,P060,divergent,original,en,fr,C,C,1,1,1,0,0.6666666666666666,same_label_high_RAS
contract_realization,P060,divergent,original,en,zh,C,B,0,0,0,1,0.3333333333333333,different_label_low_RAS
contract_realization,P060,divergent,original,en,ja,C,B,0,0,0,1,0.3333333333333333,different_label_low_RAS
contract_realization,P060,divergent,original,en,ar,C,A,0,0,0,1,0.3333333333333333,different_label_low_RAS
contract_realization,P060,divergent,original,es,de,B,B,1,1,1,0,0.6666666666666666,same_label_high_RAS
contract_realization,P060,divergent,original,es,fr,B,C,0,0,0,1,0.3333333333333333,different_label_low_RAS
contract_realization,P060,divergent,original,es,zh,B,B,1,1,1,0,0.6666666666666666,same_label_high_RAS
contract_realization,P060,divergent,original,es,ja,B,B,1,1,1,0,0.6666666666666666,same_label_high_RAS
contract_realization,P060,divergent,original,es,ar,B,A,0,1,0,0,0.3333333333333333,different_label_low_RAS
contract_realization,P060,divergent,original,de,fr,B,C,0,0,0,0,0.0,different_label_low_RAS
contract_realization,P060,divergent,original,de,zh,B,B,1,1,1,1,1.0,same_label_high_RAS
contract_realization,P060,divergent,original,de,ja,B,B,1,1,1,1,1.0,same_label_high_RAS
contract_realization,P060,divergent,original,de,ar,B,A,0,1,0,1,0.6666666666666666,different_label_high_RAS
contract_realization,P060,divergent,original,fr,zh,C,B,0,0,0,0,0.0,different_label_low_RAS
contract_realization,P060,divergent,original,fr,ja,C,B,0,0,0,0,0.0,different_label_low_RAS
contract_realization,P060,divergent,original,fr,ar,C,A,0,0,0,0,0.0,different_label_low_RAS
contract_realization,P060,divergent,original,zh,ja,B,B,1,1,1,1,1.0,same_label_high_RAS
contract_realization,P060,divergent,original,zh,ar,B,A,0,1,0,1,0.6666666666666666,different_label_high_RAS
contract_realization,P060,divergent,original,ja,ar,B,A,0,1,0,1,0.6666666666666666,different_label_high_RAS
cost_direction,P019,divergent,counterfactual,en,es,C,B,0,0,0,0,0.0,different_label_low_RAS
cost_direction,P019,divergent,counterfactual,en,de,C,C,1,1,1,0,0.6666666666666666,same_label_high_RAS
cost_direction,P019,divergent,counterfactual,en,fr,C,C,1,1,1,0,0.6666666666666666,same_label_high_RAS
cost_direction,P019,divergent,counterfactual,en,zh,C,C,1,1,1,1,1.0,same_label_high_RAS
cost_direction,P019,divergent,counterfactual,en,ja,C,C,1,1,1,1,1.0,same_label_high_RAS
cost_direction,P019,divergent,counterfactual,en,ar,C,C,1,1,1,0,0.6666666666666666,same_label_high_RAS
cost_direction,P019,divergent,counterfactual,es,de,B,C,0,0,0,1,0.3333333333333333,different_label_low_RAS
cost_direction,P019,divergent,counterfactual,es,fr,B,C,0,0,0,1,0.3333333333333333,different_label_low_RAS
cost_direction,P019,divergent,counterfactual,es,zh,B,C,0,0,0,0,0.0,different_label_low_RAS
cost_direction,P019,divergent,counterfactual,es,ja,B,C,0,0,0,0,0.0,different_label_low_RAS
cost_direction,P019,divergent,counterfactual,es,ar,B,C,0,0,0,1,0.3333333333333333,different_label_low_RAS
cost_direction,P019,divergent,counterfactual,de,fr,C,C,1,1,1,1,1.0,same_label_high_RAS
cost_direction,P019,divergent,counterfactual,de,zh,C,C,1,1,1,0,0.6666666666666666,same_label_high_RAS
cost_direction,P019,divergent,counterfactual,de,ja,C,C,1,1,1,0,0.6666666666666666,same_label_high_RAS
cost_direction,P019,divergent,counterfactual,de,ar,C,C,1,1,1,1,1.0,same_label_high_RAS
cost_direction,P019,divergent,counterfactual,fr,zh,C,C,1,1,1,0,0.6666666666666666,same_label_high_RAS
cost_direction,P019,divergent,counterfactual,fr,ja,C,C,1,1,1,0,0.6666666666666666,same_label_high_RAS
cost_direction,P019,divergent,counterfactual,fr,ar,C,C,1,1,1,1,1.0,same_label_high_RAS
cost_direction,P019,divergent,counterfactual,zh,ja,C,C,1,1,1,1,1.0,same_label_high_RAS
cost_direction,P019,divergent,counterfactual,zh,ar,C,C,1,1,1,0,0.6666666666666666,same_label_high_RAS
cost_direction,P019,divergent,counterfactual,ja,ar,C,C,1,1,1,0,0.6666666666666666,same_label_high_RAS
cost_direction,P019,divergent,original,en,es,C,D,0,0,0,0,0.0,different_label_low_RAS
cost_direction,P019,divergent,original,en,de,C,D,0,0,0,1,0.3333333333333333,different_label_low_RAS
cost_direction,P019,divergent,original,en,fr,C,C,1,1,1,1,1.0,same_label_high_RAS
cost_direction,P019,divergent,original,en,zh,C,C,1,1,1,1,1.0,same_label_high_RAS
cost_direction,P019,divergent,original,en,ja,C,C,1,1,1,0,0.6666666666666666,same_label_high_RAS
cost_direction,P019,divergent,original,en,ar,C,A,0,0,0,1,0.3333333333333333,different_label_low_RAS
cost_direction,P019,divergent,original,es,de,D,D,1,1,1,0,0.6666666666666666,same_label_high_RAS
cost_direction,P019,divergent,original,es,fr,D,C,0,0,0,0,0.0,different_label_low_RAS
cost_direction,P019,divergent,original,es,zh,D,C,0,0,0,0,0.0,different_label_low_RAS
cost_direction,P019,divergent,original,es,ja,D,C,0,0,0,1,0.3333333333333333,different_label_low_RAS
cost_direction,P019,divergent,original,es,ar,D,A,0,0,0,0,0.0,different_label_low_RAS
cost_direction,P019,divergent,original,de,fr,D,C,0,0,0,1,0.3333333333333333,different_label_low_RAS
cost_direction,P019,divergent,original,de,zh,D,C,0,0,0,1,0.3333333333333333,different_label_low_RAS
cost_direction,P019,divergent,original,de,ja,D,C,0,0,0,0,0.0,different_label_low_RAS
cost_direction,P019,divergent,original,de,ar,D,A,0,0,0,1,0.3333333333333333,different_label_low_RAS
cost_direction,P019,divergent,original,fr,zh,C,C,1,1,1,1,1.0,same_label_high_RAS
cost_direction,P019,divergent,original,fr,ja,C,C,1,1,1,0,0.6666666666666666,same_label_high_RAS
cost_direction,P019,divergent,original,fr,ar,C,A,0,0,0,1,0.3333333333333333,different_label_low_RAS
cost_direction,P019,divergent,original,zh,ja,C,C,1,1,1,0,0.6666666666666666,same_label_high_RAS
cost_direction,P019,divergent,original,zh,ar,C,A,0,0,0,1,0.3333333333333333,different_label_low_RAS
cost_direction,P019,divergent,original,ja,ar,C,A,0,0,0,0,0.0,different_label_low_RAS
cost_direction,P023,consistent,counterfactual,en,es,C,C,1,1,1,1,1.0,same_label_high_RAS
cost_direction,P023,consistent,counterfactual,en,de,C,C,1,1,1,0,0.6666666666666666,same_label_high_RAS
cost_direction,P023,consistent,counterfactual,en,fr,C,C,1,1,1,1,1.0,same_label_high_RAS
cost_direction,P023,consistent,counterfactual,en,zh,C,C,1,1,1,1,1.0,same_label_high_RAS
cost_direction,P023,consistent,counterfactual,en,ja,C,C,1,1,1,0,0.6666666666666666,same_label_high_RAS
cost_direction,P023,consistent,counterfactual,en,ar,C,C,1,1,1,0,0.6666666666666666,same_label_high_RAS
cost_direction,P023,consistent,counterfactual,es,de,C,C,1,1,1,0,0.6666666666666666,same_label_high_RAS
cost_direction,P023,consistent,counterfactual,es,fr,C,C,1,1,1,1,1.0,same_label_high_RAS
cost_direction,P023,consistent,counterfactual,es,zh,C,C,1,1,1,1,1.0,same_label_high_RAS
cost_direction,P023,consistent,counterfactual,es,ja,C,C,1,1,1,0,0.6666666666666666,same_label_high_RAS
cost_direction,P023,consistent,counterfactual,es,ar,C,C,1,1,1,0,0.6666666666666666,same_label_high_RAS
cost_direction,P023,consistent,counterfactual,de,fr,C,C,1,1,1,0,0.6666666666666666,same_label_high_RAS
cost_direction,P023,consistent,counterfactual,de,zh,C,C,1,1,1,0,0.6666666666666666,same_label_high_RAS
cost_direction,P023,consistent,counterfactual,de,ja,C,C,1,1,1,1,1.0,same_label_high_RAS
cost_direction,P023,consistent,counterfactual,de,ar,C,C,1,1,1,1,1.0,same_label_high_RAS
cost_direction,P023,consistent,counterfactual,fr,zh,C,C,1,1,1,1,1.0,same_label_high_RAS
cost_direction,P023,consistent,counterfactual,fr,ja,C,C,1,1,1,0,0.6666666666666666,same_label_high_RAS
cost_direction,P023,consistent,counterfactual,fr,ar,C,C,1,1,1,0,0.6666666666666666,same_label_high_RAS
cost_direction,P023,consistent,counterfactual,zh,ja,C,C,1,1,1,0,0.6666666666666666,same_label_high_RAS
cost_direction,P023,consistent,counterfactual,zh,ar,C,C,1,1,1,0,0.6666666666666666,same_label_high_RAS
cost_direction,P023,consistent,counterfactual,ja,ar,C,C,1,1,1,1,1.0,same_label_high_RAS
cost_direction,P023,consistent,original,en,es,C,C,1,1,1,0,0.6666666666666666,same_label_high_RAS
cost_direction,P023,consistent,original,en,de,C,C,1,1,1,1,1.0,same_label_high_RAS
cost_direction,P023,consistent,original,en,fr,C,C,1,1,1,0,0.6666666666666666,same_label_high_RAS
cost_direction,P023,consistent,original,en,zh,C,C,1,1,1,1,1.0,same_label_high_RAS
cost_direction,P023,consistent,original,en,ja,C,D,0,0,0,1,0.3333333333333333,different_label_low_RAS
cost_direction,P023,consistent,original,en,ar,C,A,0,0,0,0,0.0,different_label_low_RAS
cost_direction,P023,consistent,original,es,de,C,C,1,1,1,0,0.6666666666666666,same_label_high_RAS
cost_direction,P023,consistent,original,es,fr,C,C,1,1,1,1,1.0,same_label_high_RAS
cost_direction,P023,consistent,original,es,zh,C,C,1,1,1,0,0.6666666666666666,same_label_high_RAS
cost_direction,P023,consistent,original,es,ja,C,D,0,0,0,0,0.0,different_label_low_RAS
cost_direction,P023,consistent,original,es,ar,C,A,0,0,0,1,0.3333333333333333,different_label_low_RAS
cost_direction,P023,consistent,original,de,fr,C,C,1,1,1,0,0.6666666666666666,same_label_high_RAS
cost_direction,P023,consistent,original,de,zh,C,C,1,1,1,1,1.0,same_label_high_RAS
cost_direction,P023,consistent,original,de,ja,C,D,0,0,0,1,0.3333333333333333,different_label_low_RAS
cost_direction,P023,consistent,original,de,ar,C,A,0,0,0,0,0.0,different_label_low_RAS
cost_direction,P023,consistent,original,fr,zh,C,C,1,1,1,0,0.6666666666666666,same_label_high_RAS
cost_direction,P023,consistent,original,fr,ja,C,D,0,0,0,0,0.0,different_label_low_RAS
cost_direction,P023,consistent,original,fr,ar,C,A,0,0,0,1,0.3333333333333333,different_label_low_RAS
cost_direction,P023,consistent,original,zh,ja,C,D,0,0,0,1,0.3333333333333333,different_label_low_RAS
cost_direction,P023,consistent,original,zh,ar,C,A,0,0,0,0,0.0,different_label_low_RAS
cost_direction,P023,consistent,original,ja,ar,D,A,0,0,0,0,0.0,different_label_low_RAS
earnings_expectations,P034,consistent,counterfactual,en,es,D,D,1,1,1,0,0.6666666666666666,same_label_high_RAS
earnings_expectations,P034,consistent,counterfactual,en,de,D,D,1,1,1,1,1.0,same_label_high_RAS
earnings_expectations,P034,consistent,counterfactual,en,fr,D,D,1,1,1,0,0.6666666666666666,same_label_high_RAS
earnings_expectations,P034,consistent,counterfactual,en,zh,D,D,1,1,1,0,0.6666666666666666,same_label_high_RAS
earnings_expectations,P034,consistent,counterfactual,en,ja,D,D,1,1,1,0,0.6666666666666666,same_label_high_RAS
earnings_expectations,P034,consistent,counterfactual,en,ar,D,D,1,1,1,0,0.6666666666666666,same_label_high_RAS
earnings_expectations,P034,consistent,counterfactual,es,de,D,D,1,1,1,0,0.6666666666666666,same_label_high_RAS
earnings_expectations,P034,consistent,counterfactual,es,fr,D,D,1,1,1,1,1.0,same_label_high_RAS
earnings_expectations,P034,consistent,counterfactual,es,zh,D,D,1,1,1,1,1.0,same_label_high_RAS
earnings_expectations,P034,consistent,counterfactual,es,ja,D,D,1,1,1,1,1.0,same_label_high_RAS
earnings_expectations,P034,consistent,counterfactual,es,ar,D,D,1,1,1,1,1.0,same_label_high_RAS
earnings_expectations,P034,consistent,counterfactual,de,fr,D,D,1,1,1,0,0.6666666666666666,same_label_high_RAS
earnings_expectations,P034,consistent,counterfactual,de,zh,D,D,1,1,1,0,0.6666666666666666,same_label_high_RAS
earnings_expectations,P034,consistent,counterfactual,de,ja,D,D,1,1,1,0,0.6666666666666666,same_label_high_RAS
earnings_expectations,P034,consistent,counterfactual,de,ar,D,D,1,1,1,0,0.6666666666666666,same_label_high_RAS
earnings_expectations,P034,consistent,counterfactual,fr,zh,D,D,1,1,1,1,1.0,same_label_high_RAS
earnings_expectations,P034,consistent,counterfactual,fr,ja,D,D,1,1,1,1,1.0,same_label_high_RAS
earnings_expectations,P034,consistent,counterfactual,fr,ar,D,D,1,1,1,1,1.0,same_label_high_RAS
earnings_expectations,P034,consistent,counterfactual,zh,ja,D,D,1,1,1,1,1.0,same_label_high_RAS
earnings_expectations,P034,consistent,counterfactual,zh,ar,D,D,1,1,1,1,1.0,same_label_high_RAS
earnings_expectations,P034,consistent,counterfactual,ja,ar,D,D,1,1,1,1,1.0,same_label_high_RAS
earnings_expectations,P034,consistent,original,en,es,B,B,1,1,1,0,0.6666666666666666,same_label_high_RAS
earnings_expectations,P034,consistent,original,en,de,B,B,1,1,1,1,1.0,same_label_high_RAS
earnings_expectations,P034,consistent,original,en,fr,B,B,1,1,1,0,0.6666666666666666,same_label_high_RAS
earnings_expectations,P034,consistent,original,en,zh,B,C,0,0,0,0,0.0,different_label_low_RAS
earnings_expectations,P034,consistent,original,en,ja,B,B,1,1,0,0,0.3333333333333333,same_label_low_RAS
earnings_expectations,P034,consistent,original,en,ar,B,C,0,0,0,0,0.0,different_label_low_RAS
earnings_expectations,P034,consistent,original,es,de,B,B,1,1,1,0,0.6666666666666666,same_label_high_RAS
earnings_expectations,P034,consistent,original,es,fr,B,B,1,1,1,1,1.0,same_label_high_RAS
earnings_expectations,P034,consistent,original,es,zh,B,C,0,0,0,1,0.3333333333333333,different_label_low_RAS
earnings_expectations,P034,consistent,original,es,ja,B,B,1,1,0,1,0.6666666666666666,same_label_high_RAS
earnings_expectations,P034,consistent,original,es,ar,B,C,0,0,0,1,0.3333333333333333,different_label_low_RAS
earnings_expectations,P034,consistent,original,de,fr,B,B,1,1,1,0,0.6666666666666666,same_label_high_RAS
earnings_expectations,P034,consistent,original,de,zh,B,C,0,0,0,0,0.0,different_label_low_RAS
earnings_expectations,P034,consistent,original,de,ja,B,B,1,1,0,0,0.3333333333333333,same_label_low_RAS
earnings_expectations,P034,consistent,original,de,ar,B,C,0,0,0,0,0.0,different_label_low_RAS
earnings_expectations,P034,consistent,original,fr,zh,B,C,0,0,0,1,0.3333333333333333,different_label_low_RAS
earnings_expectations,P034,consistent,original,fr,ja,B,B,1,1,0,1,0.6666666666666666,same_label_high_RAS
earnings_expectations,P034,consistent,original,fr,ar,B,C,0,0,0,1,0.3333333333333333,different_label_low_RAS
earnings_expectations,P034,consistent,original,zh,ja,C,B,0,0,0,1,0.3333333333333333,different_label_low_RAS
earnings_expectations,P034,consistent,original,zh,ar,C,C,1,1,1,1,1.0,same_label_high_RAS
earnings_expectations,P034,consistent,original,ja,ar,B,C,0,0,0,1,0.3333333333333333,different_label_low_RAS
earnings_expectations,P038,divergent,counterfactual,en,es,D,D,1,1,1,1,1.0,same_label_high_RAS
earnings_expectations,P038,divergent,counterfactual,en,de,D,D,1,1,1,0,0.6666666666666666,same_label_high_RAS
earnings_expectations,P038,divergent,counterfactual,en,fr,D,D,1,1,1,1,1.0,same_label_high_RAS
earnings_expectations,P038,divergent,counterfactual,en,zh,D,D,1,1,1,1,1.0,same_label_high_RAS
earnings_expectations,P038,divergent,counterfactual,en,ja,D,D,1,1,1,1,1.0,same_label_high_RAS
earnings_expectations,P038,divergent,counterfactual,en,ar,D,A,0,0,0,0,0.0,different_label_low_RAS
earnings_expectations,P038,divergent,counterfactual,es,de,D,D,1,1,1,0,0.6666666666666666,same_label_high_RAS
earnings_expectations,P038,divergent,counterfactual,es,fr,D,D,1,1,1,1,1.0,same_label_high_RAS
earnings_expectations,P038,divergent,counterfactual,es,zh,D,D,1,1,1,1,1.0,same_label_high_RAS
earnings_expectations,P038,divergent,counterfactual,es,ja,D,D,1,1,1,1,1.0,same_label_high_RAS
earnings_expectations,P038,divergent,counterfactual,es,ar,D,A,0,0,0,0,0.0,different_label_low_RAS
earnings_expectations,P038,divergent,counterfactual,de,fr,D,D,1,1,1,0,0.6666666666666666,same_label_high_RAS
earnings_expectations,P038,divergent,counterfactual,de,zh,D,D,1,1,1,0,0.6666666666666666,same_label_high_RAS
earnings_expectations,P038,divergent,counterfactual,de,ja,D,D,1,1,1,0,0.6666666666666666,same_label_high_RAS
earnings_expectations,P038,divergent,counterfactual,de,ar,D,A,0,0,0,1,0.3333333333333333,different_label_low_RAS
earnings_expectations,P038,divergent,counterfactual,fr,zh,D,D,1,1,1,1,1.0,same_label_high_RAS
earnings_expectations,P038,divergent,counterfactual,fr,ja,D,D,1,1,1,1,1.0,same_label_high_RAS
earnings_expectations,P038,divergent,counterfactual,fr,ar,D,A,0,0,0,0,0.0,different_label_low_RAS
earnings_expectations,P038,divergent,counterfactual,zh,ja,D,D,1,1,1,1,1.0,same_label_high_RAS
earnings_expectations,P038,divergent,counterfactual,zh,ar,D,A,0,0,0,0,0.0,different_label_low_RAS
earnings_expectations,P038,divergent,counterfactual,ja,ar,D,A,0,0,0,0,0.0,different_label_low_RAS
earnings_expectations,P038,divergent,original,en,es,B,B,1,1,1,1,1.0,same_label_high_RAS
earnings_expectations,P038,divergent,original,en,de,B,B,1,1,1,0,0.6666666666666666,same_label_high_RAS
earnings_expectations,P038,divergent,original,en,fr,B,C,0,0,0,0,0.0,different_label_low_RAS
earnings_expectations,P038,divergent,original,en,zh,B,B,1,1,1,1,1.0,same_label_high_RAS
earnings_expectations,P038,divergent,original,en,ja,B,B,1,1,1,1,1.0,same_label_high_RAS
earnings_expectations,P038,divergent,original,en,ar,B,C,0,0,0,1,0.3333333333333333,different_label_low_RAS
earnings_expectations,P038,divergent,original,es,de,B,B,1,1,1,0,0.6666666666666666,same_label_high_RAS
earnings_expectations,P038,divergent,original,es,fr,B,C,0,0,0,0,0.0,different_label_low_RAS
earnings_expectations,P038,divergent,original,es,zh,B,B,1,1,1,1,1.0,same_label_high_RAS
earnings_expectations,P038,divergent,original,es,ja,B,B,1,1,1,1,1.0,same_label_high_RAS
earnings_expectations,P038,divergent,original,es,ar,B,C,0,0,0,1,0.3333333333333333,different_label_low_RAS
earnings_expectations,P038,divergent,original,de,fr,B,C,0,0,0,1,0.3333333333333333,different_label_low_RAS
earnings_expectations,P038,divergent,original,de,zh,B,B,1,1,1,0,0.6666666666666666,same_label_high_RAS
earnings_expectations,P038,divergent,original,de,ja,B,B,1,1,1,0,0.6666666666666666,same_label_high_RAS
earnings_expectations,P038,divergent,original,de,ar,B,C,0,0,0,0,0.0,different_label_low_RAS
earnings_expectations,P038,divergent,original,fr,zh,C,B,0,0,0,0,0.0,different_label_low_RAS
earnings_expectations,P038,divergent,original,fr,ja,C,B,0,0,0,0,0.0,different_label_low_RAS
earnings_expectations,P038,divergent,original,fr,ar,C,C,1,1,1,0,0.6666666666666666,same_label_high_RAS
earnings_expectations,P038,divergent,original,zh,ja,B,B,1,1,1,1,1.0,same_label_high_RAS
earnings_expectations,P038,divergent,original,zh,ar,B,C,0,0,0,1,0.3333333333333333,different_label_low_RAS
earnings_expectations,P038,divergent,original,ja,ar,B,C,0,0,0,1,0.3333333333333333,different_label_low_RAS
guidance,P045,consistent,counterfactual,en,es,B,B,1,1,1,0,0.6666666666666666,same_label_high_RAS
guidance,P045,consistent,counterfactual,en,de,B,B,1,1,1,1,1.0,same_label_high_RAS
guidance,P045,consistent,counterfactual,en,fr,B,C,0,0,0,0,0.0,different_label_low_RAS
guidance,P045,consistent,counterfactual,en,zh,B,B,1,1,1,1,1.0,same_label_high_RAS
guidance,P045,consistent,counterfactual,en,ja,B,B,1,1,1,1,1.0,same_label_high_RAS
guidance,P045,consistent,counterfactual,en,ar,B,C,0,0,0,1,0.3333333333333333,different_label_low_RAS
guidance,P045,consistent,counterfactual,es,de,B,B,1,1,1,0,0.6666666666666666,same_label_high_RAS
guidance,P045,consistent,counterfactual,es,fr,B,C,0,0,0,1,0.3333333333333333,different_label_low_RAS
guidance,P045,consistent,counterfactual,es,zh,B,B,1,1,1,0,0.6666666666666666,same_label_high_RAS
guidance,P045,consistent,counterfactual,es,ja,B,B,1,1,1,0,0.6666666666666666,same_label_high_RAS
guidance,P045,consistent,counterfactual,es,ar,B,C,0,0,0,0,0.0,different_label_low_RAS
guidance,P045,consistent,counterfactual,de,fr,B,C,0,0,0,0,0.0,different_label_low_RAS
guidance,P045,consistent,counterfactual,de,zh,B,B,1,1,1,1,1.0,same_label_high_RAS
guidance,P045,consistent,counterfactual,de,ja,B,B,1,1,1,1,1.0,same_label_high_RAS
guidance,P045,consistent,counterfactual,de,ar,B,C,0,0,0,1,0.3333333333333333,different_label_low_RAS
guidance,P045,consistent,counterfactual,fr,zh,C,B,0,0,0,0,0.0,different_label_low_RAS
guidance,P045,consistent,counterfactual,fr,ja,C,B,0,0,0,0,0.0,different_label_low_RAS
guidance,P045,consistent,counterfactual,fr,ar,C,C,1,1,1,0,0.6666666666666666,same_label_high_RAS
guidance,P045,consistent,counterfactual,zh,ja,B,B,1,1,1,1,1.0,same_label_high_RAS
guidance,P045,consistent,counterfactual,zh,ar,B,C,0,0,0,1,0.3333333333333333,different_label_low_RAS
guidance,P045,consistent,counterfactual,ja,ar,B,C,0,0,0,1,0.3333333333333333,different_label_low_RAS
guidance,P045,consistent,original,en,es,D,D,1,1,1,1,1.0,same_label_high_RAS
guidance,P045,consistent,original,en,de,D,D,1,1,1,1,1.0,same_label_high_RAS
guidance,P045,consistent,original,en,fr,D,D,1,1,1,0,0.6666666666666666,same_label_high_RAS
guidance,P045,consistent,original,en,zh,D,D,1,1,1,0,0.6666666666666666,same_label_high_RAS
guidance,P045,consistent,original,en,ja,D,D,1,1,1,0,0.6666666666666666,same_label_high_RAS
guidance,P045,consistent,original,en,ar,D,D,1,1,1,0,0.6666666666666666,same_label_high_RAS
guidance,P045,consistent,original,es,de,D,D,1,1,1,1,1.0,same_label_high_RAS
guidance,P045,consistent,original,es,fr,D,D,1,1,1,0,0.6666666666666666,same_label_high_RAS
guidance,P045,consistent,original,es,zh,D,D,1,1,1,0,0.6666666666666666,same_label_high_RAS
guidance,P045,consistent,original,es,ja,D,D,1,1,1,0,0.6666666666666666,same_label_high_RAS
guidance,P045,consistent,original,es,ar,D,D,1,1,1,0,0.6666666666666666,same_label_high_RAS
guidance,P045,consistent,original,de,fr,D,D,1,1,1,0,0.6666666666666666,same_label_high_RAS
guidance,P045,consistent,original,de,zh,D,D,1,1,1,0,0.6666666666666666,same_label_high_RAS
guidance,P045,consistent,original,de,ja,D,D,1,1,1,0,0.6666666666666666,same_label_high_RAS
guidance,P045,consistent,original,de,ar,D,D,1,1,1,0,0.6666666666666666,same_label_high_RAS
guidance,P045,consistent,original,fr,zh,D,D,1,1,1,1,1.0,same_label_high_RAS
guidance,P045,consistent,original,fr,ja,D,D,1,1,1,1,1.0,same_label_high_RAS
guidance,P045,consistent,original,fr,ar,D,D,1,1,1,1,1.0,same_label_high_RAS
guidance,P045,consistent,original,zh,ja,D,D,1,1,1,1,1.0,same_label_high_RAS
guidance,P045,consistent,original,zh,ar,D,D,1,1,1,1,1.0,same_label_high_RAS
guidance,P045,consistent,original,ja,ar,D,D,1,1,1,1,1.0,same_label_high_RAS
guidance,P048,divergent,counterfactual,en,es,B,D,0,0,0,0,0.0,different_label_low_RAS
guidance,P048,divergent,counterfactual,en,de,B,D,0,0,0,0,0.0,different_label_low_RAS
guidance,P048,divergent,counterfactual,en,fr,B,B,1,1,1,0,0.6666666666666666,same_label_high_RAS
guidance,P048,divergent,counterfactual,en,zh,B,D,0,0,0,0,0.0,different_label_low_RAS
guidance,P048,divergent,counterfactual,en,ja,B,B,1,1,1,1,1.0,same_label_high_RAS
guidance,P048,divergent,counterfactual,en,ar,B,D,0,0,0,1,0.3333333333333333,different_label_low_RAS
guidance,P048,divergent,counterfactual,es,de,D,D,1,1,1,1,1.0,same_label_high_RAS
guidance,P048,divergent,counterfactual,es,fr,D,B,0,0,0,1,0.3333333333333333,different_label_low_RAS
guidance,P048,divergent,counterfactual,es,zh,D,D,1,1,1,1,1.0,same_label_high_RAS
guidance,P048,divergent,counterfactual,es,ja,D,B,0,0,0,0,0.0,different_label_low_RAS
guidance,P048,divergent,counterfactual,es,ar,D,D,1,1,1,0,0.6666666666666666,same_label_high_RAS
guidance,P048,divergent,counterfactual,de,fr,D,B,0,0,0,1,0.3333333333333333,different_label_low_RAS
guidance,P048,divergent,counterfactual,de,zh,D,D,1,1,1,1,1.0,same_label_high_RAS
guidance,P048,divergent,counterfactual,de,ja,D,B,0,0,0,0,0.0,different_label_low_RAS
guidance,P048,divergent,counterfactual,de,ar,D,D,1,1,1,0,0.6666666666666666,same_label_high_RAS
guidance,P048,divergent,counterfactual,fr,zh,B,D,0,0,0,1,0.3333333333333333,different_label_low_RAS
guidance,P048,divergent,counterfactual,fr,ja,B,B,1,1,1,0,0.6666666666666666,same_label_high_RAS
guidance,P048,divergent,counterfactual,fr,ar,B,D,0,0,0,0,0.0,different_label_low_RAS
guidance,P048,divergent,counterfactual,zh,ja,D,B,0,0,0,0,0.0,different_label_low_RAS
guidance,P048,divergent,counterfactual,zh,ar,D,D,1,1,1,0,0.6666666666666666,same_label_high_RAS
guidance,P048,divergent,counterfactual,ja,ar,B,D,0,0,0,1,0.3333333333333333,different_label_low_RAS
guidance,P048,divergent,original,en,es,B,B,1,1,1,1,1.0,same_label_high_RAS
guidance,P048,divergent,original,en,de,B,B,1,1,1,1,1.0,same_label_high_RAS
guidance,P048,divergent,original,en,fr,B,B,1,1,1,0,0.6666666666666666,same_label_high_RAS
guidance,P048,divergent,original,en,zh,B,C,0,0,0,1,0.3333333333333333,different_label_low_RAS
guidance,P048,divergent,original,en,ja,B,B,1,1,1,1,1.0,same_label_high_RAS
guidance,P048,divergent,original,en,ar,B,C,0,0,0,1,0.3333333333333333,different_label_low_RAS
guidance,P048,divergent,original,es,de,B,B,1,1,1,1,1.0,same_label_high_RAS
guidance,P048,divergent,original,es,fr,B,B,1,1,1,0,0.6666666666666666,same_label_high_RAS
guidance,P048,divergent,original,es,zh,B,C,0,0,0,1,0.3333333333333333,different_label_low_RAS
guidance,P048,divergent,original,es,ja,B,B,1,1,1,1,1.0,same_label_high_RAS
guidance,P048,divergent,original,es,ar,B,C,0,0,0,1,0.3333333333333333,different_label_low_RAS
guidance,P048,divergent,original,de,fr,B,B,1,1,1,0,0.6666666666666666,same_label_high_RAS
guidance,P048,divergent,original,de,zh,B,C,0,0,0,1,0.3333333333333333,different_label_low_RAS
guidance,P048,divergent,original,de,ja,B,B,1,1,1,1,1.0,same_label_high_RAS
guidance,P048,divergent,original,de,ar,B,C,0,0,0,1,0.3333333333333333,different_label_low_RAS
guidance,P048,divergent,original,fr,zh,B,C,0,0,0,0,0.0,different_label_low_RAS
guidance,P048,divergent,original,fr,ja,B,B,1,1,1,0,0.6666666666666666,same_label_high_RAS
guidance,P048,divergent,original,fr,ar,B,C,0,0,0,0,0.0,different_label_low_RAS
guidance,P048,divergent,original,zh,ja,C,B,0,0,0,1,0.3333333333333333,different_label_low_RAS
guidance,P048,divergent,original,zh,ar,C,C,1,1,1,1,1.0,same_label_high_RAS
guidance,P048,divergent,original,ja,ar,B,C,0,0,0,1,0.3333333333333333,different_label_low_RAS
loss_direction,P009,divergent,counterfactual,en,es,B,B,1,1,1,1,1.0,same_label_high_RAS
loss_direction,P009,divergent,counterfactual,en,de,B,B,1,1,1,1,1.0,same_label_high_RAS
loss_direction,P009,divergent,counterfactual,en,fr,B,C,0,0,0,0,0.0,different_label_low_RAS
loss_direction,P009,divergent,counterfactual,en,zh,B,B,1,1,1,1,1.0,same_label_high_RAS
loss_direction,P009,divergent,counterfactual,en,ja,B,B,1,1,1,0,0.6666666666666666,same_label_high_RAS
loss_direction,P009,divergent,counterfactual,en,ar,B,A,0,1,0,1,0.6666666666666666,different_label_high_RAS
loss_direction,P009,divergent,counterfactual,es,de,B,B,1,1,1,1,1.0,same_label_high_RAS
loss_direction,P009,divergent,counterfactual,es,fr,B,C,0,0,0,0,0.0,different_label_low_RAS
loss_direction,P009,divergent,counterfactual,es,zh,B,B,1,1,1,1,1.0,same_label_high_RAS
loss_direction,P009,divergent,counterfactual,es,ja,B,B,1,1,1,0,0.6666666666666666,same_label_high_RAS
loss_direction,P009,divergent,counterfactual,es,ar,B,A,0,1,0,1,0.6666666666666666,different_label_high_RAS
loss_direction,P009,divergent,counterfactual,de,fr,B,C,0,0,0,0,0.0,different_label_low_RAS
loss_direction,P009,divergent,counterfactual,de,zh,B,B,1,1,1,1,1.0,same_label_high_RAS
loss_direction,P009,divergent,counterfactual,de,ja,B,B,1,1,1,0,0.6666666666666666,same_label_high_RAS
loss_direction,P009,divergent,counterfactual,de,ar,B,A,0,1,0,1,0.6666666666666666,different_label_high_RAS
loss_direction,P009,divergent,counterfactual,fr,zh,C,B,0,0,0,0,0.0,different_label_low_RAS
loss_direction,P009,divergent,counterfactual,fr,ja,C,B,0,0,0,1,0.3333333333333333,different_label_low_RAS
loss_direction,P009,divergent,counterfactual,fr,ar,C,A,0,0,0,0,0.0,different_label_low_RAS
loss_direction,P009,divergent,counterfactual,zh,ja,B,B,1,1,1,0,0.6666666666666666,same_label_high_RAS
loss_direction,P009,divergent,counterfactual,zh,ar,B,A,0,1,0,1,0.6666666666666666,different_label_high_RAS
loss_direction,P009,divergent,counterfactual,ja,ar,B,A,0,1,0,0,0.3333333333333333,different_label_low_RAS
loss_direction,P009,divergent,original,en,es,B,C,0,0,0,1,0.3333333333333333,different_label_low_RAS
loss_direction,P009,divergent,original,en,de,B,C,0,0,0,0,0.0,different_label_low_RAS
loss_direction,P009,divergent,original,en,fr,B,C,0,1,1,1,1.0,different_label_high_RAS
loss_direction,P009,divergent,original,en,zh,B,B,1,0,0,0,0.0,same_label_low_RAS
loss_direction,P009,divergent,original,en,ja,B,D,0,1,1,1,1.0,different_label_high_RAS
loss_direction,P009,divergent,original,en,ar,B,A,0,0,0,1,0.3333333333333333,different_label_low_RAS
loss_direction,P009,divergent,original,es,de,C,C,1,1,1,0,0.6666666666666666,same_label_high_RAS
loss_direction,P009,divergent,original,es,fr,C,C,1,0,0,1,0.3333333333333333,same_label_low_RAS
loss_direction,P009,divergent,original,es,zh,C,B,0,0,0,0,0.0,different_label_low_RAS
loss_direction,P009,divergent,original,es,ja,C,D,0,0,0,1,0.3333333333333333,different_label_low_RAS
loss_direction,P009,divergent,original,es,ar,C,A,0,0,0,1,0.3333333333333333,different_label_low_RAS
loss_direction,P009,divergent,original,de,fr,C,C,1,0,0,0,0.0,same_label_low_RAS
loss_direction,P009,divergent,original,de,zh,C,B,0,0,0,1,0.3333333333333333,different_label_low_RAS
loss_direction,P009,divergent,original,de,ja,C,D,0,0,0,0,0.0,different_label_low_RAS
loss_direction,P009,divergent,original,de,ar,C,A,0,0,0,0,0.0,different_label_low_RAS
loss_direction,P009,divergent,original,fr,zh,C,B,0,0,0,0,0.0,different_label_low_RAS
loss_direction,P009,divergent,original,fr,ja,C,D,0,1,1,1,1.0,different_label_high_RAS
loss_direction,P009,divergent,original,fr,ar,C,A,0,0,0,1,0.3333333333333333,different_label_low_RAS
loss_direction,P009,divergent,original,zh,ja,B,D,0,0,0,0,0.0,different_label_low_RAS
loss_direction,P009,divergent,original,zh,ar,B,A,0,1,0,0,0.3333333333333333,different_label_low_RAS
loss_direction,P009,divergent,original,ja,ar,D,A,0,0,0,1,0.3333333333333333,different_label_low_RAS
loss_direction,P013,consistent,counterfactual,en,es,B,C,0,0,0,1,0.3333333333333333,different_label_low_RAS
loss_direction,P013,consistent,counterfactual,en,de,B,B,1,1,1,1,1.0,same_label_high_RAS
loss_direction,P013,consistent,counterfactual,en,fr,B,B,1,1,1,0,0.6666666666666666,same_label_high_RAS
loss_direction,P013,consistent,counterfactual,en,zh,B,C,0,0,0,0,0.0,different_label_low_RAS
loss_direction,P013,consistent,counterfactual,en,ja,B,C,0,0,0,0,0.0,different_label_low_RAS
loss_direction,P013,consistent,counterfactual,en,ar,B,A,0,1,0,0,0.3333333333333333,different_label_low_RAS
loss_direction,P013,consistent,counterfactual,es,de,C,B,0,0,0,1,0.3333333333333333,different_label_low_RAS
loss_direction,P013,consistent,counterfactual,es,fr,C,B,0,0,0,0,0.0,different_label_low_RAS
loss_direction,P013,consistent,counterfactual,es,zh,C,C,1,1,1,0,0.6666666666666666,same_label_high_RAS
loss_direction,P013,consistent,counterfactual,es,ja,C,C,1,1,1,0,0.6666666666666666,same_label_high_RAS
loss_direction,P013,consistent,counterfactual,es,ar,C,A,0,0,0,0,0.0,different_label_low_RAS
loss_direction,P013,consistent,counterfactual,de,fr,B,B,1,1,1,0,0.6666666666666666,same_label_high_RAS
loss_direction,P013,consistent,counterfactual,de,zh,B,C,0,0,0,0,0.0,different_label_low_RAS
loss_direction,P013,consistent,counterfactual,de,ja,B,C,0,0,0,0,0.0,different_label_low_RAS
loss_direction,P013,consistent,counterfactual,de,ar,B,A,0,1,0,0,0.3333333333333333,different_label_low_RAS
loss_direction,P013,consistent,counterfactual,fr,zh,B,C,0,0,0,1,0.3333333333333333,different_label_low_RAS
loss_direction,P013,consistent,counterfactual,fr,ja,B,C,0,0,0,1,0.3333333333333333,different_label_low_RAS
loss_direction,P013,consistent,counterfactual,fr,ar,B,A,0,1,0,1,0.6666666666666666,different_label_high_RAS
loss_direction,P013,consistent,counterfactual,zh,ja,C,C,1,1,1,1,1.0,same_label_high_RAS
loss_direction,P013,consistent,counterfactual,zh,ar,C,A,0,0,0,1,0.3333333333333333,different_label_low_RAS
loss_direction,P013,consistent,counterfactual,ja,ar,C,A,0,0,0,1,0.3333333333333333,different_label_low_RAS
loss_direction,P013,consistent,original,en,es,B,C,0,0,0,0,0.0,different_label_low_RAS
loss_direction,P013,consistent,original,en,de,B,C,0,0,0,1,0.3333333333333333,different_label_low_RAS
loss_direction,P013,consistent,original,en,fr,B,C,0,1,1,0,0.6666666666666666,different_label_high_RAS
loss_direction,P013,consistent,original,en,zh,B,C,0,0,0,0,0.0,different_label_low_RAS
loss_direction,P013,consistent,original,en,ja,B,C,0,0,0,1,0.3333333333333333,different_label_low_RAS
loss_direction,P013,consistent,original,en,ar,B,C,0,0,0,0,0.0,different_label_low_RAS
loss_direction,P013,consistent,original,es,de,C,C,1,1,1,0,0.6666666666666666,same_label_high_RAS
loss_direction,P013,consistent,original,es,fr,C,C,1,0,0,1,0.3333333333333333,same_label_low_RAS
loss_direction,P013,consistent,original,es,zh,C,C,1,1,1,1,1.0,same_label_high_RAS
loss_direction,P013,consistent,original,es,ja,C,C,1,1,1,0,0.6666666666666666,same_label_high_RAS
loss_direction,P013,consistent,original,es,ar,C,C,1,1,1,1,1.0,same_label_high_RAS
loss_direction,P013,consistent,original,de,fr,C,C,1,0,0,0,0.0,same_label_low_RAS
loss_direction,P013,consistent,original,de,zh,C,C,1,1,1,0,0.6666666666666666,same_label_high_RAS
loss_direction,P013,consistent,original,de,ja,C,C,1,1,1,1,1.0,same_label_high_RAS
loss_direction,P013,consistent,original,de,ar,C,C,1,1,1,0,0.6666666666666666,same_label_high_RAS
loss_direction,P013,consistent,original,fr,zh,C,C,1,0,0,1,0.3333333333333333,same_label_low_RAS
loss_direction,P013,consistent,original,fr,ja,C,C,1,0,0,0,0.0,same_label_low_RAS
loss_direction,P013,consistent,original,fr,ar,C,C,1,0,0,1,0.3333333333333333,same_label_low_RAS
loss_direction,P013,consistent,original,zh,ja,C,C,1,1,1,0,0.6666666666666666,same_label_high_RAS
loss_direction,P013,consistent,original,zh,ar,C,C,1,1,1,1,1.0,same_label_high_RAS
loss_direction,P013,consistent,original,ja,ar,C,C,1,1,1,0,0.6666666666666666,same_label_high_RAS
margin,P051,divergent,counterfactual,en,es,C,B,0,0,0,0,0.0,different_label_low_RAS
margin,P051,divergent,counterfactual,en,de,C,C,1,1,1,0,0.6666666666666666,same_label_high_RAS
margin,P051,divergent,counterfactual,en,fr,C,C,1,1,1,1,1.0,same_label_high_RAS
margin,P051,divergent,counterfactual,en,zh,C,C,1,1,1,0,0.6666666666666666,same_label_high_RAS
margin,P051,divergent,counterfactual,en,ja,C,C,1,1,1,0,0.6666666666666666,same_label_high_RAS
margin,P051,divergent,counterfactual,en,ar,C,C,1,1,1,0,0.6666666666666666,same_label_high_RAS
margin,P051,divergent,counterfactual,es,de,B,C,0,0,0,1,0.3333333333333333,different_label_low_RAS
margin,P051,divergent,counterfactual,es,fr,B,C,0,0,0,0,0.0,different_label_low_RAS
margin,P051,divergent,counterfactual,es,zh,B,C,0,0,0,1,0.3333333333333333,different_label_low_RAS
margin,P051,divergent,counterfactual,es,ja,B,C,0,0,0,1,0.3333333333333333,different_label_low_RAS
margin,P051,divergent,counterfactual,es,ar,B,C,0,0,0,1,0.3333333333333333,different_label_low_RAS
margin,P051,divergent,counterfactual,de,fr,C,C,1,1,1,0,0.6666666666666666,same_label_high_RAS
margin,P051,divergent,counterfactual,de,zh,C,C,1,1,1,1,1.0,same_label_high_RAS
margin,P051,divergent,counterfactual,de,ja,C,C,1,1,1,1,1.0,same_label_high_RAS
margin,P051,divergent,counterfactual,de,ar,C,C,1,1,1,1,1.0,same_label_high_RAS
margin,P051,divergent,counterfactual,fr,zh,C,C,1,1,1,0,0.6666666666666666,same_label_high_RAS
margin,P051,divergent,counterfactual,fr,ja,C,C,1,1,1,0,0.6666666666666666,same_label_high_RAS
margin,P051,divergent,counterfactual,fr,ar,C,C,1,1,1,0,0.6666666666666666,same_label_high_RAS
margin,P051,divergent,counterfactual,zh,ja,C,C,1,1,1,1,1.0,same_label_high_RAS
margin,P051,divergent,counterfactual,zh,ar,C,C,1,1,1,1,1.0,same_label_high_RAS
margin,P051,divergent,counterfactual,ja,ar,C,C,1,1,1,1,1.0,same_label_high_RAS
margin,P051,divergent,original,en,es,D,D,1,1,1,1,1.0,same_label_high_RAS
margin,P051,divergent,original,en,de,D,D,1,1,1,1,1.0,same_label_high_RAS
margin,P051,divergent,original,en,fr,D,D,1,1,1,0,0.6666666666666666,same_label_high_RAS
margin,P051,divergent,original,en,zh,D,D,1,1,1,1,1.0,same_label_high_RAS
margin,P051,divergent,original,en,ja,D,D,1,1,1,1,1.0,same_label_high_RAS
margin,P051,divergent,original,en,ar,D,D,1,1,1,0,0.6666666666666666,same_label_high_RAS
margin,P051,divergent,original,es,de,D,D,1,1,1,1,1.0,same_label_high_RAS
margin,P051,divergent,original,es,fr,D,D,1,1,1,0,0.6666666666666666,same_label_high_RAS
margin,P051,divergent,original,es,zh,D,D,1,1,1,1,1.0,same_label_high_RAS
margin,P051,divergent,original,es,ja,D,D,1,1,1,1,1.0,same_label_high_RAS
margin,P051,divergent,original,es,ar,D,D,1,1,1,0,0.6666666666666666,same_label_high_RAS
margin,P051,divergent,original,de,fr,D,D,1,1,1,0,0.6666666666666666,same_label_high_RAS
margin,P051,divergent,original,de,zh,D,D,1,1,1,1,1.0,same_label_high_RAS
margin,P051,divergent,original,de,ja,D,D,1,1,1,1,1.0,same_label_high_RAS
margin,P051,divergent,original,de,ar,D,D,1,1,1,0,0.6666666666666666,same_label_high_RAS
margin,P051,divergent,original,fr,zh,D,D,1,1,1,0,0.6666666666666666,same_label_high_RAS
margin,P051,divergent,original,fr,ja,D,D,1,1,1,0,0.6666666666666666,same_label_high_RAS
margin,P051,divergent,original,fr,ar,D,D,1,1,1,1,1.0,same_label_high_RAS
margin,P051,divergent,original,zh,ja,D,D,1,1,1,1,1.0,same_label_high_RAS
margin,P051,divergent,original,zh,ar,D,D,1,1,1,0,0.6666666666666666,same_label_high_RAS
margin,P051,divergent,original,ja,ar,D,D,1,1,1,0,0.6666666666666666,same_label_high_RAS
margin,P052,consistent,counterfactual,en,es,D,D,1,1,1,1,1.0,same_label_high_RAS
margin,P052,consistent,counterfactual,en,de,D,D,1,1,1,1,1.0,same_label_high_RAS
margin,P052,consistent,counterfactual,en,fr,D,D,1,1,1,1,1.0,same_label_high_RAS
margin,P052,consistent,counterfactual,en,zh,D,D,1,1,1,1,1.0,same_label_high_RAS
margin,P052,consistent,counterfactual,en,ja,D,D,1,1,1,1,1.0,same_label_high_RAS
margin,P052,consistent,counterfactual,en,ar,D,A,0,0,0,0,0.0,different_label_low_RAS
margin,P052,consistent,counterfactual,es,de,D,D,1,1,1,1,1.0,same_label_high_RAS
margin,P052,consistent,counterfactual,es,fr,D,D,1,1,1,1,1.0,same_label_high_RAS
margin,P052,consistent,counterfactual,es,zh,D,D,1,1,1,1,1.0,same_label_high_RAS
margin,P052,consistent,counterfactual,es,ja,D,D,1,1,1,1,1.0,same_label_high_RAS
margin,P052,consistent,counterfactual,es,ar,D,A,0,0,0,0,0.0,different_label_low_RAS
margin,P052,consistent,counterfactual,de,fr,D,D,1,1,1,1,1.0,same_label_high_RAS
margin,P052,consistent,counterfactual,de,zh,D,D,1,1,1,1,1.0,same_label_high_RAS
margin,P052,consistent,counterfactual,de,ja,D,D,1,1,1,1,1.0,same_label_high_RAS
margin,P052,consistent,counterfactual,de,ar,D,A,0,0,0,0,0.0,different_label_low_RAS
margin,P052,consistent,counterfactual,fr,zh,D,D,1,1,1,1,1.0,same_label_high_RAS
margin,P052,consistent,counterfactual,fr,ja,D,D,1,1,1,1,1.0,same_label_high_RAS
margin,P052,consistent,counterfactual,fr,ar,D,A,0,0,0,0,0.0,different_label_low_RAS
margin,P052,consistent,counterfactual,zh,ja,D,D,1,1,1,1,1.0,same_label_high_RAS
margin,P052,consistent,counterfactual,zh,ar,D,A,0,0,0,0,0.0,different_label_low_RAS
margin,P052,consistent,counterfactual,ja,ar,D,A,0,0,0,0,0.0,different_label_low_RAS
margin,P052,consistent,original,en,es,C,C,1,1,1,0,0.6666666666666666,same_label_high_RAS
margin,P052,consistent,original,en,de,C,C,1,1,1,0,0.6666666666666666,same_label_high_RAS
margin,P052,consistent,original,en,fr,C,C,1,1,1,1,1.0,same_label_high_RAS
margin,P052,consistent,original,en,zh,C,C,1,1,1,0,0.6666666666666666,same_label_high_RAS
margin,P052,consistent,original,en,ja,C,B,0,0,0,1,0.3333333333333333,different_label_low_RAS
margin,P052,consistent,original,en,ar,C,C,1,1,1,0,0.6666666666666666,same_label_high_RAS
margin,P052,consistent,original,es,de,C,C,1,1,1,1,1.0,same_label_high_RAS
margin,P052,consistent,original,es,fr,C,C,1,1,1,0,0.6666666666666666,same_label_high_RAS
margin,P052,consistent,original,es,zh,C,C,1,1,1,1,1.0,same_label_high_RAS
margin,P052,consistent,original,es,ja,C,B,0,0,0,0,0.0,different_label_low_RAS
margin,P052,consistent,original,es,ar,C,C,1,1,1,1,1.0,same_label_high_RAS
margin,P052,consistent,original,de,fr,C,C,1,1,1,0,0.6666666666666666,same_label_high_RAS
margin,P052,consistent,original,de,zh,C,C,1,1,1,1,1.0,same_label_high_RAS
margin,P052,consistent,original,de,ja,C,B,0,0,0,0,0.0,different_label_low_RAS
margin,P052,consistent,original,de,ar,C,C,1,1,1,1,1.0,same_label_high_RAS
margin,P052,consistent,original,fr,zh,C,C,1,1,1,0,0.6666666666666666,same_label_high_RAS
margin,P052,consistent,original,fr,ja,C,B,0,0,0,1,0.3333333333333333,different_label_low_RAS
margin,P052,consistent,original,fr,ar,C,C,1,1,1,0,0.6666666666666666,same_label_high_RAS
margin,P052,consistent,original,zh,ja,C,B,0,0,0,0,0.0,different_label_low_RAS
margin,P052,consistent,original,zh,ar,C,C,1,1,1,1,1.0,same_label_high_RAS
margin,P052,consistent,original,ja,ar,B,C,0,0,0,0,0.0,different_label_low_RAS
profit_direction,P005,consistent,counterfactual,en,es,C,C,1,0,0,1,0.3333333333333333,same_label_low_RAS
profit_direction,P005,consistent,counterfactual,en,de,C,C,1,1,1,1,1.0,same_label_high_RAS
profit_direction,P005,consistent,counterfactual,en,fr,C,C,1,1,1,0,0.6666666666666666,same_label_high_RAS
profit_direction,P005,consistent,counterfactual,en,zh,C,C,1,1,1,0,0.6666666666666666,same_label_high_RAS
profit_direction,P005,consistent,counterfactual,en,ja,C,B,0,0,0,0,0.0,different_label_low_RAS
profit_direction,P005,consistent,counterfactual,en,ar,C,B,0,0,0,1,0.3333333333333333,different_label_low_RAS
profit_direction,P005,consistent,counterfactual,es,de,C,C,1,0,0,1,0.3333333333333333,same_label_low_RAS
profit_direction,P005,consistent,counterfactual,es,fr,C,C,1,0,0,0,0.0,same_label_low_RAS
profit_direction,P005,consistent,counterfactual,es,zh,C,C,1,0,0,0,0.0,same_label_low_RAS
profit_direction,P005,consistent,counterfactual,es,ja,C,B,0,1,1,0,0.6666666666666666,different_label_high_RAS
profit_direction,P005,consistent,counterfactual,es,ar,C,B,0,1,1,1,1.0,different_label_high_RAS
profit_direction,P005,consistent,counterfactual,de,fr,C,C,1,1,1,0,0.6666666666666666,same_label_high_RAS
profit_direction,P005,consistent,counterfactual,de,zh,C,C,1,1,1,0,0.6666666666666666,same_label_high_RAS
profit_direction,P005,consistent,counterfactual,de,ja,C,B,0,0,0,0,0.0,different_label_low_RAS
profit_direction,P005,consistent,counterfactual,de,ar,C,B,0,0,0,1,0.3333333333333333,different_label_low_RAS
profit_direction,P005,consistent,counterfactual,fr,zh,C,C,1,1,1,1,1.0,same_label_high_RAS
profit_direction,P005,consistent,counterfactual,fr,ja,C,B,0,0,0,1,0.3333333333333333,different_label_low_RAS
profit_direction,P005,consistent,counterfactual,fr,ar,C,B,0,0,0,0,0.0,different_label_low_RAS
profit_direction,P005,consistent,counterfactual,zh,ja,C,B,0,0,0,1,0.3333333333333333,different_label_low_RAS
profit_direction,P005,consistent,counterfactual,zh,ar,C,B,0,0,0,0,0.0,different_label_low_RAS
profit_direction,P005,consistent,counterfactual,ja,ar,B,B,1,1,1,0,0.6666666666666666,same_label_high_RAS
profit_direction,P005,consistent,original,en,es,D,D,1,1,1,1,1.0,same_label_high_RAS
profit_direction,P005,consistent,original,en,de,D,D,1,1,1,1,1.0,same_label_high_RAS
profit_direction,P005,consistent,original,en,fr,D,D,1,1,1,0,0.6666666666666666,same_label_high_RAS
profit_direction,P005,consistent,original,en,zh,D,D,1,1,1,0,0.6666666666666666,same_label_high_RAS
profit_direction,P005,consistent,original,en,ja,D,D,1,1,1,0,0.6666666666666666,same_label_high_RAS
profit_direction,P005,consistent,original,en,ar,D,D,1,1,1,1,1.0,same_label_high_RAS
profit_direction,P005,consistent,original,es,de,D,D,1,1,1,1,1.0,same_label_high_RAS
profit_direction,P005,consistent,original,es,fr,D,D,1,1,1,0,0.6666666666666666,same_label_high_RAS
profit_direction,P005,consistent,original,es,zh,D,D,1,1,1,0,0.6666666666666666,same_label_high_RAS
profit_direction,P005,consistent,original,es,ja,D,D,1,1,1,0,0.6666666666666666,same_label_high_RAS
profit_direction,P005,consistent,original,es,ar,D,D,1,1,1,1,1.0,same_label_high_RAS
profit_direction,P005,consistent,original,de,fr,D,D,1,1,1,0,0.6666666666666666,same_label_high_RAS
profit_direction,P005,consistent,original,de,zh,D,D,1,1,1,0,0.6666666666666666,same_label_high_RAS
profit_direction,P005,consistent,original,de,ja,D,D,1,1,1,0,0.6666666666666666,same_label_high_RAS
profit_direction,P005,consistent,original,de,ar,D,D,1,1,1,1,1.0,same_label_high_RAS
profit_direction,P005,consistent,original,fr,zh,D,D,1,1,1,1,1.0,same_label_high_RAS
profit_direction,P005,consistent,original,fr,ja,D,D,1,1,1,1,1.0,same_label_high_RAS
profit_direction,P005,consistent,original,fr,ar,D,D,1,1,1,0,0.6666666666666666,same_label_high_RAS
profit_direction,P005,consistent,original,zh,ja,D,D,1,1,1,1,1.0,same_label_high_RAS
profit_direction,P005,consistent,original,zh,ar,D,D,1,1,1,0,0.6666666666666666,same_label_high_RAS
profit_direction,P005,consistent,original,ja,ar,D,D,1,1,1,0,0.6666666666666666,same_label_high_RAS
profit_direction,P008,divergent,counterfactual,en,es,D,D,1,1,1,1,1.0,same_label_high_RAS
profit_direction,P008,divergent,counterfactual,en,de,D,D,1,1,1,1,1.0,same_label_high_RAS
profit_direction,P008,divergent,counterfactual,en,fr,D,C,0,1,1,1,1.0,different_label_high_RAS
profit_direction,P008,divergent,counterfactual,en,zh,D,D,1,1,1,0,0.6666666666666666,same_label_high_RAS
profit_direction,P008,divergent,counterfactual,en,ja,D,D,1,1,1,1,1.0,same_label_high_RAS
profit_direction,P008,divergent,counterfactual,en,ar,D,D,1,1,1,1,1.0,same_label_high_RAS
profit_direction,P008,divergent,counterfactual,es,de,D,D,1,1,1,1,1.0,same_label_high_RAS
profit_direction,P008,divergent,counterfactual,es,fr,D,C,0,1,1,1,1.0,different_label_high_RAS
profit_direction,P008,divergent,counterfactual,es,zh,D,D,1,1,1,0,0.6666666666666666,same_label_high_RAS
profit_direction,P008,divergent,counterfactual,es,ja,D,D,1,1,1,1,1.0,same_label_high_RAS
profit_direction,P008,divergent,counterfactual,es,ar,D,D,1,1,1,1,1.0,same_label_high_RAS
profit_direction,P008,divergent,counterfactual,de,fr,D,C,0,1,1,1,1.0,different_label_high_RAS
profit_direction,P008,divergent,counterfactual,de,zh,D,D,1,1,1,0,0.6666666666666666,same_label_high_RAS
profit_direction,P008,divergent,counterfactual,de,ja,D,D,1,1,1,1,1.0,same_label_high_RAS
profit_direction,P008,divergent,counterfactual,de,ar,D,D,1,1,1,1,1.0,same_label_high_RAS
profit_direction,P008,divergent,counterfactual,fr,zh,C,D,0,1,1,0,0.6666666666666666,different_label_high_RAS
profit_direction,P008,divergent,counterfactual,fr,ja,C,D,0,1,1,1,1.0,different_label_high_RAS
profit_direction,P008,divergent,counterfactual,fr,ar,C,D,0,1,1,1,1.0,different_label_high_RAS
profit_direction,P008,divergent,counterfactual,zh,ja,D,D,1,1,1,0,0.6666666666666666,same_label_high_RAS
profit_direction,P008,divergent,counterfactual,zh,ar,D,D,1,1,1,0,0.6666666666666666,same_label_high_RAS
profit_direction,P008,divergent,counterfactual,ja,ar,D,D,1,1,1,1,1.0,same_label_high_RAS
profit_direction,P008,divergent,original,en,es,B,B,1,1,1,1,1.0,same_label_high_RAS
profit_direction,P008,divergent,original,en,de,B,C,0,0,0,0,0.0,different_label_low_RAS
profit_direction,P008,divergent,original,en,fr,B,C,0,0,0,0,0.0,different_label_low_RAS
profit_direction,P008,divergent,original,en,zh,B,C,0,0,0,1,0.3333333333333333,different_label_low_RAS
profit_direction,P008,divergent,original,en,ja,B,B,1,1,1,1,1.0,same_label_high_RAS
profit_direction,P008,divergent,original,en,ar,B,C,0,0,0,0,0.0,different_label_low_RAS
profit_direction,P008,divergent,original,es,de,B,C,0,0,0,0,0.0,different_label_low_RAS
profit_direction,P008,divergent,original,es,fr,B,C,0,0,0,0,0.0,different_label_low_RAS
profit_direction,P008,divergent,original,es,zh,B,C,0,0,0,1,0.3333333333333333,different_label_low_RAS
profit_direction,P008,divergent,original,es,ja,B,B,1,1,1,1,1.0,same_label_high_RAS
profit_direction,P008,divergent,original,es,ar,B,C,0,0,0,0,0.0,different_label_low_RAS
profit_direction,P008,divergent,original,de,fr,C,C,1,1,1,1,1.0,same_label_high_RAS
profit_direction,P008,divergent,original,de,zh,C,C,1,1,1,0,0.6666666666666666,same_label_high_RAS
profit_direction,P008,divergent,original,de,ja,C,B,0,0,0,0,0.0,different_label_low_RAS
profit_direction,P008,divergent,original,de,ar,C,C,1,1,1,1,1.0,same_label_high_RAS
profit_direction,P008,divergent,original,fr,zh,C,C,1,1,1,0,0.6666666666666666,same_label_high_RAS
profit_direction,P008,divergent,original,fr,ja,C,B,0,0,0,0,0.0,different_label_low_RAS
profit_direction,P008,divergent,original,fr,ar,C,C,1,1,1,1,1.0,same_label_high_RAS
profit_direction,P008,divergent,original,zh,ja,C,B,0,0,0,1,0.3333333333333333,different_label_low_RAS
profit_direction,P008,divergent,original,zh,ar,C,C,1,1,1,0,0.6666666666666666,same_label_high_RAS
profit_direction,P008,divergent,original,ja,ar,B,C,0,0,0,0,0.0,different_label_low_RAS
revenue_direction,P025,consistent,counterfactual,en,es,B,C,0,0,0,1,0.3333333333333333,different_label_low_RAS
revenue_direction,P025,consistent,counterfactual,en,de,B,C,0,0,0,0,0.0,different_label_low_RAS
revenue_direction,P025,consistent,counterfactual,en,fr,B,C,0,0,0,0,0.0,different_label_low_RAS
revenue_direction,P025,consistent,counterfactual,en,zh,B,C,0,0,0,0,0.0,different_label_low_RAS
revenue_direction,P025,consistent,counterfactual,en,ja,B,B,1,1,1,0,0.6666666666666666,same_label_high_RAS
revenue_direction,P025,consistent,counterfactual,en,ar,B,C,0,0,0,0,0.0,different_label_low_RAS
revenue_direction,P025,consistent,counterfactual,es,de,C,C,1,1,1,0,0.6666666666666666,same_label_high_RAS
revenue_direction,P025,consistent,counterfactual,es,fr,C,C,1,1,1,0,0.6666666666666666,same_label_high_RAS
revenue_direction,P025,consistent,counterfactual,es,zh,C,C,1,1,1,0,0.6666666666666666,same_label_high_RAS
revenue_direction,P025,consistent,counterfactual,es,ja,C,B,0,0,0,0,0.0,different_label_low_RAS
revenue_direction,P025,consistent,counterfactual,es,ar,C,C,1,1,1,0,0.6666666666666666,same_label_high_RAS
revenue_direction,P025,consistent,counterfactual,de,fr,C,C,1,1,1,1,1.0,same_label_high_RAS
revenue_direction,P025,consistent,counterfactual,de,zh,C,C,1,1,1,1,1.0,same_label_high_RAS
revenue_direction,P025,consistent,counterfactual,de,ja,C,B,0,0,0,1,0.3333333333333333,different_label_low_RAS
revenue_direction,P025,consistent,counterfactual,de,ar,C,C,1,1,1,1,1.0,same_label_high_RAS
revenue_direction,P025,consistent,counterfactual,fr,zh,C,C,1,1,1,1,1.0,same_label_high_RAS
revenue_direction,P025,consistent,counterfactual,fr,ja,C,B,0,0,0,1,0.3333333333333333,different_label_low_RAS
revenue_direction,P025,consistent,counterfactual,fr,ar,C,C,1,1,1,1,1.0,same_label_high_RAS
revenue_direction,P025,consistent,counterfactual,zh,ja,C,B,0,0,0,1,0.3333333333333333,different_label_low_RAS
revenue_direction,P025,consistent,counterfactual,zh,ar,C,C,1,1,1,1,1.0,same_label_high_RAS
revenue_direction,P025,consistent,counterfactual,ja,ar,B,C,0,0,0,1,0.3333333333333333,different_label_low_RAS
revenue_direction,P025,consistent,original,en,es,D,D,1,1,1,1,1.0,same_label_high_RAS
revenue_direction,P025,consistent,original,en,de,D,D,1,1,1,1,1.0,same_label_high_RAS
revenue_direction,P025,consistent,original,en,fr,D,D,1,1,1,0,0.6666666666666666,same_label_high_RAS
revenue_direction,P025,consistent,original,en,zh,D,D,1,1,1,0,0.6666666666666666,same_label_high_RAS
revenue_direction,P025,consistent,original,en,ja,D,D,1,1,1,1,1.0,same_label_high_RAS
revenue_direction,P025,consistent,original,en,ar,D,D,1,1,1,1,1.0,same_label_high_RAS
revenue_direction,P025,consistent,original,es,de,D,D,1,1,1,1,1.0,same_label_high_RAS
revenue_direction,P025,consistent,original,es,fr,D,D,1,1,1,0,0.6666666666666666,same_label_high_RAS
revenue_direction,P025,consistent,original,es,zh,D,D,1,1,1,0,0.6666666666666666,same_label_high_RAS
revenue_direction,P025,consistent,original,es,ja,D,D,1,1,1,1,1.0,same_label_high_RAS
revenue_direction,P025,consistent,original,es,ar,D,D,1,1,1,1,1.0,same_label_high_RAS
revenue_direction,P025,consistent,original,de,fr,D,D,1,1,1,0,0.6666666666666666,same_label_high_RAS
revenue_direction,P025,consistent,original,de,zh,D,D,1,1,1,0,0.6666666666666666,same_label_high_RAS
revenue_direction,P025,consistent,original,de,ja,D,D,1,1,1,1,1.0,same_label_high_RAS
revenue_direction,P025,consistent,original,de,ar,D,D,1,1,1,1,1.0,same_label_high_RAS
revenue_direction,P025,consistent,original,fr,zh,D,D,1,1,1,1,1.0,same_label_high_RAS
revenue_direction,P025,consistent,original,fr,ja,D,D,1,1,1,0,0.6666666666666666,same_label_high_RAS
revenue_direction,P025,consistent,original,fr,ar,D,D,1,1,1,0,0.6666666666666666,same_label_high_RAS
revenue_direction,P025,consistent,original,zh,ja,D,D,1,1,1,0,0.6666666666666666,same_label_high_RAS
revenue_direction,P025,consistent,original,zh,ar,D,D,1,1,1,0,0.6666666666666666,same_label_high_RAS
revenue_direction,P025,consistent,original,ja,ar,D,D,1,1,1,1,1.0,same_label_high_RAS
revenue_direction,P028,divergent,counterfactual,en,es,D,D,1,1,1,0,0.6666666666666666,same_label_high_RAS
revenue_direction,P028,divergent,counterfactual,en,de,D,D,1,1,1,1,1.0,same_label_high_RAS
revenue_direction,P028,divergent,counterfactual,en,fr,D,D,1,1,1,0,0.6666666666666666,same_label_high_RAS
revenue_direction,P028,divergent,counterfactual,en,zh,D,D,1,1,1,0,0.6666666666666666,same_label_high_RAS
revenue_direction,P028,divergent,counterfactual,en,ja,D,D,1,1,1,0,0.6666666666666666,same_label_high_RAS
revenue_direction,P028,divergent,counterfactual,en,ar,D,D,1,1,1,1,1.0,same_label_high_RAS
revenue_direction,P028,divergent,counterfactual,es,de,D,D,1,1,1,0,0.6666666666666666,same_label_high_RAS
revenue_direction,P028,divergent,counterfactual,es,fr,D,D,1,1,1,1,1.0,same_label_high_RAS
revenue_direction,P028,divergent,counterfactual,es,zh,D,D,1,1,1,1,1.0,same_label_high_RAS
revenue_direction,P028,divergent,counterfactual,es,ja,D,D,1,1,1,1,1.0,same_label_high_RAS
revenue_direction,P028,divergent,counterfactual,es,ar,D,D,1,1,1,0,0.6666666666666666,same_label_high_RAS
revenue_direction,P028,divergent,counterfactual,de,fr,D,D,1,1,1,0,0.6666666666666666,same_label_high_RAS
revenue_direction,P028,divergent,counterfactual,de,zh,D,D,1,1,1,0,0.6666666666666666,same_label_high_RAS
revenue_direction,P028,divergent,counterfactual,de,ja,D,D,1,1,1,0,0.6666666666666666,same_label_high_RAS
revenue_direction,P028,divergent,counterfactual,de,ar,D,D,1,1,1,1,1.0,same_label_high_RAS
revenue_direction,P028,divergent,counterfactual,fr,zh,D,D,1,1,1,1,1.0,same_label_high_RAS
revenue_direction,P028,divergent,counterfactual,fr,ja,D,D,1,1,1,1,1.0,same_label_high_RAS
revenue_direction,P028,divergent,counterfactual,fr,ar,D,D,1,1,1,0,0.6666666666666666,same_label_high_RAS
revenue_direction,P028,divergent,counterfactual,zh,ja,D,D,1,1,1,1,1.0,same_label_high_RAS
revenue_direction,P028,divergent,counterfactual,zh,ar,D,D,1,1,1,0,0.6666666666666666,same_label_high_RAS
revenue_direction,P028,divergent,counterfactual,ja,ar,D,D,1,1,1,0,0.6666666666666666,same_label_high_RAS
revenue_direction,P028,divergent,original,en,es,B,C,0,0,0,1,0.3333333333333333,different_label_low_RAS
revenue_direction,P028,divergent,original,en,de,B,C,0,0,0,1,0.3333333333333333,different_label_low_RAS
revenue_direction,P028,divergent,original,en,fr,B,C,0,0,0,1,0.3333333333333333,different_label_low_RAS
revenue_direction,P028,divergent,original,en,zh,B,C,0,0,0,0,0.0,different_label_low_RAS
revenue_direction,P028,divergent,original,en,ja,B,A,0,1,0,0,0.3333333333333333,different_label_low_RAS
revenue_direction,P028,divergent,original,en,ar,B,C,0,0,0,0,0.0,different_label_low_RAS
revenue_direction,P028,divergent,original,es,de,C,C,1,1,1,1,1.0,same_label_high_RAS
revenue_direction,P028,divergent,original,es,fr,C,C,1,1,1,1,1.0,same_label_high_RAS
revenue_direction,P028,divergent,original,es,zh,C,C,1,1,1,0,0.6666666666666666,same_label_high_RAS
revenue_direction,P028,divergent,original,es,ja,C,A,0,0,0,0,0.0,different_label_low_RAS
revenue_direction,P028,divergent,original,es,ar,C,C,1,1,1,0,0.6666666666666666,same_label_high_RAS
revenue_direction,P028,divergent,original,de,fr,C,C,1,1,1,1,1.0,same_label_high_RAS
revenue_direction,P028,divergent,original,de,zh,C,C,1,1,1,0,0.6666666666666666,same_label_high_RAS
revenue_direction,P028,divergent,original,de,ja,C,A,0,0,0,0,0.0,different_label_low_RAS
revenue_direction,P028,divergent,original,de,ar,C,C,1,1,1,0,0.6666666666666666,same_label_high_RAS
revenue_direction,P028,divergent,original,fr,zh,C,C,1,1,1,0,0.6666666666666666,same_label_high_RAS
revenue_direction,P028,divergent,original,fr,ja,C,A,0,0,0,0,0.0,different_label_low_RAS
revenue_direction,P028,divergent,original,fr,ar,C,C,1,1,1,0,0.6666666666666666,same_label_high_RAS
revenue_direction,P028,divergent,original,zh,ja,C,A,0,0,0,1,0.3333333333333333,different_label_low_RAS
revenue_direction,P028,divergent,original,zh,ar,C,C,1,1,1,1,1.0,same_label_high_RAS
revenue_direction,P028,divergent,original,ja,ar,A,C,0,0,0,1,0.3333333333333333,different_label_low_RAS
